SYMBOL, SERIES, DATE1, PREV_CLOSE, OPEN_PRICE, HIGH_PRICE, LOW_PRICE, LAST_PRICE, CLOSE_PRICE, AVG_PRICE, TTL_TRD_QNTY, TURNOVER_LACS, NO_OF_TRADES, DELIV_QTY, DELIV_PER
1018GS2026, GS, 27-Jul-2026,104.25,104.35,104.35,104.01,104.01,104.05,104.2,2001,2.08,10,1001,50.02
20MICRONS, EQ, 27-Jul-2026,204.23,205.25,211.47,203.05,203.87,204,206.63,151604,313.26,3578,49942,32.94
21STCENMGM, EQ, 27-Jul-2026,37.11,37.85,37.85,37.85,37.85,37.85,37.85,4700,1.78,27,4700,100
360ONE, EQ, 27-Jul-2026,1102.3,1116.3,1136.9,1103.1,1129.3,1132.7,1127.05,928617,10465.98,40785,548118,59.03
3BBLACKBIO, EQ, 27-Jul-2026,1278.1,1282,1314.8,1263.8,1297.6,1292.3,1292.93,9178,118.67,1013,4974,54.19
3IINFOLTD, EQ, 27-Jul-2026,19.74,19.9,21.38,19.5,20.32,20.68,20.64,1627856,335.99,4854,864729,53.12
3MINDIA, EQ, 27-Jul-2026,35500,35790,35830,35150,35195,35195,35336.63,1279,451.96,916,602,47.07
3PLAND, EQ, 27-Jul-2026,31.57,34.5,34.5,31.5,32.98,32.29,32.36,5697,1.84,118,2684,47.11
574GS2026, GS, 27-Jul-2026,100.39,101.45,101.45,100,100,100,100.81,1001,1.01,4,501,50.05
591GS2028, GS, 27-Jul-2026,99,98.31,98.31,98.31,98.31,98.31,98.31,17800,17.5,3,17800,100
5PAISA, EQ, 27-Jul-2026,373.1,375.45,381.95,368,368.5,369.25,370.77,34073,126.33,1737,20152,59.14
601GS2030, GS, 27-Jul-2026,98,99,99,98,98,98,98.14,136400,133.87,14,136400,100
603GS2029, GS, 27-Jul-2026,101,101,101,100,100,100,100.5,400,0.4,3,400,100
610GS2031, GS, 27-Jul-2026,102.45,102.85,102.85,102.85,102.85,102.85,102.85,1,0,1,1,100
63MOONS, EQ, 27-Jul-2026,708.3,711.1,746.85,705.1,728,728.8,733.07,227517,1667.86,9407,99099,43.56
648GS2035, GS, 27-Jul-2026,99,98.11,98.5,98.11,98.5,98.5,98.31,200,0.2,2,100,50
654GS2032, GS, 27-Jul-2026,99.56,99.8,99.8,99.8,99.8,99.8,99.8,16,0.02,1,16,100
664GS2035, GS, 27-Jul-2026,97.46,97.46,97.46,97.46,97.46,97.46,97.46,2,0,2,2,100
667GS2050, GS, 27-Jul-2026,93,91,92.75,91,92.75,92.75,91.72,5551,5.09,15,3000,54.04
668GS2033, GS, 27-Jul-2026,99.85,99.8,100,98.41,100,100,99.2,3530,3.5,5,1830,51.84
668GS2040, GS, 27-Jul-2026,98.05,98.37,98.37,97,97,97,97.03,136400,132.35,21,132400,97.07
676GS2061, GS, 27-Jul-2026,92.52,92.52,93.5,92.52,92.83,92.8,92.81,61907,57.45,33,60902,98.38
679GS2031, GS, 27-Jul-2026,100,100,100,99,99,99.15,99.32,5300,5.26,13,5300,100
690GS2065, GS, 27-Jul-2026,93.37,94,94.2,93.35,93.55,93.55,93.62,15011,14.05,23,15009,99.99
694GS2036, GS, 27-Jul-2026,102.4,102.01,102.01,102.01,102.01,102.01,102.01,200,0.2,2,200,100
695GS2061, GS, 27-Jul-2026,94,94,94,93,93,93.12,93.12,501,0.47,4,501,100
699GS2051, GS, 27-Jul-2026,97.5,97.8,97.8,95,95,95,97.76,252,0.25,3,252,100
702GS2027, GS, 27-Jul-2026,101.2,101.25,101.26,101,101.26,101.26,101.2,24904,25.2,15,24902,99.99
702GS2031, GS, 27-Jul-2026,102.79,102.8,102.8,102.8,102.8,102.8,102.8,42,0.04,1,42,100
704GS2029, GS, 27-Jul-2026,101,101.55,101.55,101.55,101.55,101.55,101.55,5000,5.08,1,5000,100
706GS2028, GS, 27-Jul-2026,103,103,103,103,103,103,103,33,0.03,1,33,100
709GS2054, GS, 27-Jul-2026,99.24,100,100,99,99.2,99.2,99.19,254,0.25,7,254,100
709GS2074, GS, 27-Jul-2026,95.3,95.3,95.75,95.3,95.74,95.74,95.31,4783,4.56,10,4520,94.5
710GS2029, GS, 27-Jul-2026,103.2,104.19,104.19,104.19,104.19,104.19,104.19,1,0,1,1,100
716GS2050, GS, 27-Jul-2026,100.01,98.01,102,98,102,102,99.1,6210,6.15,8,3210,51.69
717GS2030, GS, 27-Jul-2026,104.3,104.3,104.3,103.1,103.1,103.1,104.01,3951,4.11,4,3951,100
718GS2037, GS, 27-Jul-2026,102,101.21,102.34,101.21,102.34,102.34,101.58,6302,6.4,6,6000,95.21
71GS2034, GS, 27-Jul-2026,103.2,102.35,102.35,102.35,102.35,102.35,102.35,3000,3.07,1,3000,100
724GS2055, GS, 27-Jul-2026,101.07,101.07,101.35,100.6,101.31,101.31,100.81,11556,11.65,21,11553,99.97
725GS2063, GS, 27-Jul-2026,97.09,97.9,97.9,97.33,97.54,97.43,97.43,63602,61.97,82,63106,99.22
726GS2032, GS, 27-Jul-2026,106.25,104.26,106,104.26,105.5,105.52,105.5,10502,11.08,7,7501,71.42
726GS2033, GS, 27-Jul-2026,105.76,105.5,105.5,105.5,105.5,105.5,105.5,10,0.01,1,10,100
734GS2064, GS, 27-Jul-2026,99.4,99.56,99.8,99.35,99.5,99.48,99.5,41008,40.8,36,41007,100
736GS2052, GS, 27-Jul-2026,101.65,100.9,101.25,100.51,101.25,101.25,100.76,510,0.51,10,343,67.25
737GS2028, GS, 27-Jul-2026,105,105,105,102,102,102.41,102.87,22700,23.35,12,22700,100
738GS2027, GS, 27-Jul-2026,102,101.7,102.1,101.7,101.99,101.95,101.94,14652,14.94,20,14652,100
73GS2053, GS, 27-Jul-2026,100.24,100.24,100.24,99.6,100.14,100.13,100.02,65571,65.58,18,65411,99.76
741GS2036, GS, 27-Jul-2026,104.14,104.5,105.2,104.16,104.6,104.61,104.47,189949,198.43,43,172848,91
743GS2076, GS, 27-Jul-2026,98.9,98.9,99.54,97.7,99.41,99.41,99.31,105197,104.47,148,101760,96.73
746GS2073, GS, 27-Jul-2026,100.99,102.45,102.45,100.5,101,101,100.98,3087,3.12,7,3087,100
74GS2062, GS, 27-Jul-2026,101.45,100.3,101.5,100.05,101.5,101,100.74,707,0.71,7,707,100
750GS2056, GS, 27-Jul-2026,103,103,103,103,103,103,103,45,0.05,3,45,100
754GS2036, GS, 27-Jul-2026,106.18,106.16,106.92,106.15,106.41,106.5,106.4,301847,321.17,166,288454,95.56
769GS2043, GS, 27-Jul-2026,105.4,105,105,103,103,103,104.96,397,0.42,2,397,100
771GS2066, GS, 27-Jul-2026,104.25,104.2,105,104.05,104.05,104.05,104.21,104,0.11,5,101,97.12
772GS2049, GS, 27-Jul-2026,114.54,108.85,108.85,108.85,108.85,108.85,108.85,1,0,1,1,100
824GS2027, GS, 27-Jul-2026,105.98,106,106,106,106,106,106,1501,1.59,2,1500,99.93
897GS2030, GS, 27-Jul-2026,110.72,111,111,110.9,110.9,110.9,110.95,5102,5.66,28,5102,100
92GS2030, GS, 27-Jul-2026,114.9,117.77,117.77,113.84,113.84,113.84,114,4479,5.11,5,4479,100
A2ZINFRA, EQ, 27-Jul-2026,12.46,12.6,12.8,12.25,12.25,12.34,12.43,290010,36.04,360,221579,76.4
AAATECH, EQ, 27-Jul-2026,89.66,90.62,92.38,89.66,91.72,91.4,91.63,4946,4.53,430,1951,39.45
AADHARHFC, EQ, 27-Jul-2026,495,500,507.6,497.3,501.3,502,503.97,223206,1124.89,8845,126835,56.82
AAKAAR, SM, 27-Jul-2026,71.2,67.7,68,67.7,68,68,67.8,4800,3.25,3,4800,100
AAKASH, EQ, 27-Jul-2026,8.92,8.96,9.18,8.9,9,9,9,102950,9.26,231,64242,62.4
AAREYDRUGS, BE, 27-Jul-2026,77.5,75.95,75.95,75.95,75.95,75.95,75.95,3868,2.94,22, -, -
AARNAV, EQ, 27-Jul-2026,28.32,28.38,32.8,28.38,31.64,31.63,31.44,164190,51.62,1394,66050,40.23
AARON, EQ, 27-Jul-2026,135.25,152,154.8,136.85,138.43,141.95,143.93,476997,686.56,8237,89051,18.67
AARTECH, BE, 27-Jul-2026,47.93,47.01,48.6,47.01,47.21,47.21,47.41,6581,3.12,68, -, -
AARTIDRUGS, EQ, 27-Jul-2026,404.5,406.35,416.6,406.35,410,410.95,412.08,83432,343.81,3287,45480,54.51
AARTIIND, EQ, 27-Jul-2026,477.8,480,489.7,480,485,486.1,485.93,357510,1737.24,11812,152781,42.73
AARTIPHARM, EQ, 27-Jul-2026,673.8,685,692.95,675.05,683.05,684.35,685.58,105041,720.14,11994,54639,52.02
AARTISURF, EQ, 27-Jul-2026,381.6,381.6,408.9,381.6,394.25,398.3,400.21,23122,92.54,1645,12418,53.71
AARVI, EQ, 27-Jul-2026,154.89,155.5,160.99,155.01,155.01,157.32,158.24,16612,26.29,704,6560,39.49
AASTHA, EQ, 27-Jul-2026,102.62,103.95,104.19,102,102.02,102.37,102.55,10078967,10336.17,37295,596612,5.92
AATMAJ, SM, 27-Jul-2026,17.75,18.5,18.5,18.5,18.5,18.5,18.5,4000,0.74,2,4000,100
AAVAS, EQ, 27-Jul-2026,1379,1398,1398,1380.3,1390,1390.6,1390.52,20553,285.79,4544,10091,49.1
ABAN, BE, 27-Jul-2026,14.93,15.47,15.47,14.9,15,14.96,15.14,29746,4.5,170, -, -
ABANSENT, BE, 27-Jul-2026,26.2,26.55,27.1,25.65,26,26.49,26.66,8568,2.28,51, -, -
ABB, EQ, 27-Jul-2026,7375.5,7419,7434,7225,7330.5,7327.5,7301.29,370848,27076.7,38598,171781,46.32
ABBOTINDIA, EQ, 27-Jul-2026,28005,28015,28155,27750,27820,27800,27881.08,6597,1839.31,3086,3440,52.14
ABCAPITAL, EQ, 27-Jul-2026,393.85,396.75,401.05,396,400,400.45,398.57,1675500,6678.09,27274,743366,44.37
ABCOTS, EQ, 27-Jul-2026,200.38,200.38,203.63,200.38,201,201.58,201.86,2750,5.55,258,1512,54.98
ABDL, EQ, 27-Jul-2026,620.75,630,641.95,621.15,622.6,624.3,631.16,246389,1555.11,14421,108268,43.94
ABFRL, EQ, 27-Jul-2026,56.25,56.88,58.07,56.82,57,57.05,57.45,2012834,1156.44,10620,879187,43.68
ABGSEC, EQ, 27-Jul-2026,113.32,114.54,114.54,114.54,114.54,114.54,114.54,44,0.05,4,44,100
ABHAPOWER, SM, 27-Jul-2026,25.4,25.15,25.15,25.15,25.15,25.15,25.15,1600,0.4,1,1600,100
ABINFRA, EQ, 27-Jul-2026,10.32,10.2,10.5,10.17,10.21,10.33,10.29,379560,39.05,851,130328,34.34
ABLBL, EQ, 27-Jul-2026,94.01,94.57,96.66,94.57,95.02,95.47,95.69,287808,275.39,3849,157113,54.59
ABMINTLLTD, EQ, 27-Jul-2026,41.02,41.05,45.12,41.05,41.3,44.63,43.49,2935,1.28,35,1768,60.24
ABMKNO, EQ, 27-Jul-2026,190.11,195,201,192.11,199.9,197.99,197.11,620,1.22,31,392,63.23
ABREL, EQ, 27-Jul-2026,1374.2,1380.6,1430,1380.6,1407.5,1400.2,1408.26,93552,1317.45,11638,33942,36.28
ABSL10BANK, EQ, 27-Jul-2026,168.46,169.27,169.6,168.75,168.86,169.29,169.4,11415,19.34,29,11244,98.5
ABSLAMC, EQ, 27-Jul-2026,1017,1005.1,1016.9,976.8,990,989.2,993.44,469490,4664.11,37982,226121,48.16
ABSLBANETF, EQ, 27-Jul-2026,58.25,56.79,58.71,56.79,58.58,58.54,58.55,18454,10.8,306,12396,67.17
ABSLLIQUID, EQ, 27-Jul-2026,1000,1000.01,1000.01,999.99,999.99,1000,1000,1207,12.07,25,1150,95.28
ABSLMSCIN, EQ, 27-Jul-2026,29.13,29.32,29.35,29.3,29.35,29.35,29.3,1355,0.4,7,1355,100
ABSLNN50ET, EQ, 27-Jul-2026,75.56,75.56,76.41,75.34,76.29,76.22,76.16,5537,4.22,210,4058,73.29
ABSLPSE, EQ, 27-Jul-2026,10.33,10.3,10.56,10.27,10.38,10.39,10.37,41417,4.3,346,34098,82.33
ABSMARINE, ST, 27-Jul-2026,220.4,225.95,229.1,220,220,220.7,223.16,46000,102.65,61,41500,90.22
ACC, EQ, 27-Jul-2026,1340.9,1343,1365,1332,1362,1358.1,1352.31,206361,2790.65,16570,73351,35.54
ACCELYA, EQ, 27-Jul-2026,1158.9,1175,1180,1150,1165,1160.4,1166.75,21267,248.13,2683,12506,58.8
ACCENTMIC, SM, 27-Jul-2026,494.95,494.25,507.2,494.25,506.5,504.25,503.1,42500,213.82,78,26500,62.35
ACCPL, ST, 27-Jul-2026,164.2,160,160,160,160,160,160,1200,1.92,1,1200,100
ACCURACY, BE, 27-Jul-2026,5.03,5.03,5.08,4.78,4.97,4.97,4.91,94728,4.65,195, -, -
ACE, EQ, 27-Jul-2026,1039.4,1050,1075.3,1042.6,1057.9,1061.8,1065.83,716079,7632.2,31157,279922,39.09
ACEINTEG, EQ, 27-Jul-2026,19.7,19.89,19.94,19.29,19.31,19.31,19.44,306,0.06,30,211,68.95
ACI, EQ, 27-Jul-2026,554.85,557,584.9,556.95,572.1,576.75,576.6,261051,1505.23,16522,131440,50.35
ACL, EQ, 27-Jul-2026,47.06,47.06,49.9,47.06,48.9,48.42,48.55,71611,34.77,449,32042,44.74
ACMESOLAR, EQ, 27-Jul-2026,365.85,370,371,358.4,361,362.4,364.33,2262264,8242.13,52213,1078717,47.68
ACSTECH, EQ, 27-Jul-2026,40.82,42.05,42.05,40.3,40.41,40.51,40.77,222692,90.79,658,166995,74.99
ACUTAAS, EQ, 27-Jul-2026,3259.5,3273.9,3477,3216.2,3351.2,3367.8,3383.77,526067,17800.92,51533,170335,32.38
ADANIENSOL, EQ, 27-Jul-2026,1702.2,1719.6,1719.6,1678.1,1708,1703.3,1696.5,2632783,44665.29,48974,1342405,50.99
ADANIENT, EQ, 27-Jul-2026,3026.4,3045.1,3057.4,3008.1,3035,3036.6,3031.55,636870,19307.06,33709,165620,26.01
ADANIGREEN, EQ, 27-Jul-2026,1395.1,1410.2,1418.2,1390.1,1397.7,1399.7,1401.76,1695918,23772.76,43934,486300,28.67
ADANIPORTS, EQ, 27-Jul-2026,1768.3,1784,1785,1752.1,1767.8,1770.4,1764.02,2266975,39989.98,98219,1444861,63.74
ADANIPOWER, EQ, 27-Jul-2026,213.66,214.23,215.75,213.15,213.84,213.96,214.19,14546955,31158.08,81663,5253501,36.11
ADDICTIVE, SM, 27-Jul-2026,40,41,42,41,42,41.9,41.97,49500,20.78,41,49000,98.99
ADFFOODS, EQ, 27-Jul-2026,307.05,308,319.6,308,313.45,314.4,314.79,196201,617.62,6161,84085,42.86
ADISOFT, SM, 27-Jul-2026,183.5,183,183,170,179.9,177.1,175.66,129600,227.66,114,95200,73.46
ADL, EQ, 27-Jul-2026,73.49,73.49,73.49,70.1,70.2,70.2,70.56,146,0.1,13,138,94.52
ADOR, EQ, 27-Jul-2026,1493.9,1493.1,1531.8,1481.6,1515,1523,1509.89,41485,626.38,5228,22117,53.31
ADROITINFO, EQ, 27-Jul-2026,9.25,9.25,9.69,8.66,9.03,9.15,9.06,35328,3.2,145,23075,65.32
ADSL, EQ, 27-Jul-2026,118.14,119.2,119.25,115.68,115.7,116.36,117.02,167478,195.99,2881,74392,44.42
ADVAIT, EQ, 27-Jul-2026,2252.4,2280,2336.9,2254.5,2301,2314.8,2304.65,32104,739.89,5129,16935,52.75
ADVANCE, EQ, 27-Jul-2026,109.89,111.54,114.9,111.09,114.44,113.6,113.11,136656,154.58,1013,93784,68.63
ADVANIHOTR, EQ, 27-Jul-2026,51.12,51,53.52,51,51.9,52.25,52.02,28086,14.61,588,9334,33.23
ADVENTHTL, EQ, 27-Jul-2026,142.31,142.5,154.35,142.5,148.32,149.47,150.73,619826,934.26,7483,222798,35.95
ADVENZYMES, EQ, 27-Jul-2026,317.35,318,324.65,315,316.6,316.6,318.63,185177,590.04,5386,104838,56.62
AEGISLOG, EQ, 27-Jul-2026,1349.6,1356.4,1360,1282,1290,1291.3,1307.1,1130343,14774.68,37351,393232,34.79
AEGISVOPAK, EQ, 27-Jul-2026,292.64,294.74,305.07,292.7,302.47,303.49,302.03,3083157,9312.04,50911,1216909,39.47
AEPL, EQ, 27-Jul-2026,14.96,15.1,15.59,14.66,15.16,15.14,15.22,4688,0.71,61,4443,94.77
AEQUS, EQ, 27-Jul-2026,229.23,232,232.79,227,231.5,229.8,229.92,1793039,4122.54,18877,748460,41.74
AEROENTER, EQ, 27-Jul-2026,127.3,128.56,129.59,121.02,121.92,122.1,124.9,502369,627.43,6301,224605,44.71
AEROFLEX, EQ, 27-Jul-2026,420.85,425,430.3,410.2,422,418.15,421.06,1478407,6225,25175,612988,41.46
AERON, SM, 27-Jul-2026,79.2,79.2,80,79.1,79.1,79.1,79.32,5000,3.97,5,3000,60
AERONEU, EQ, 27-Jul-2026,85.38,84.96,88.19,84.96,87.29,86.64,87.05,41956,36.52,262,8209,19.57
AEROPLANE, EQ, 27-Jul-2026,187.84,187.84,193.75,187.1,187.52,189.26,190.3,351325,668.59,3393,222599,63.36
AESTHETIK, SM, 27-Jul-2026,70,70.05,72,70,70.05,70.05,70.18,26000,18.25,8,24000,92.31
AETHER, EQ, 27-Jul-2026,1427.5,1431.9,1493,1420.4,1472.5,1480.1,1474.32,224382,3308.11,31639,103042,45.92
AFCONS, EQ, 27-Jul-2026,285.95,286.9,288.6,283.4,284.25,284.25,285.5,271429,774.92,7349,141684,52.2
AFFLE, EQ, 27-Jul-2026,1445.3,1459.3,1501,1453.7,1490.1,1492.8,1478,159012,2350.2,17401,66186,41.62
AFFORDABLE, BE, 27-Jul-2026,183.49,186.9,186.95,180.81,185.39,184.13,184.65,7372,13.61,177, -, -
AFIL, EQ, 27-Jul-2026,9.21,9.23,9.44,9.08,9.22,9.26,9.22,606017,55.87,909,344774,56.89
AFSL, EQ, 27-Jul-2026,201,201.01,201.95,201,201,201.03,201.2,20213,40.67,134,13498,66.78
AGARIND, EQ, 27-Jul-2026,477.7,477.9,493.75,477.9,490,483.55,485.22,27672,134.27,1574,15524,56.1
AGARWALEYE, EQ, 27-Jul-2026,478.9,481,489.55,472.1,473,476.2,479.54,114369,548.44,10088,79843,69.81
AGARWALTUF, SM, 27-Jul-2026,134.45,135,137.5,132,135,135.5,134.39,30000,40.32,23,16800,56
AGI, EQ, 27-Jul-2026,672.85,687.95,714,677.55,708,707.15,702.03,273122,1917.39,14275,122386,44.81
AGIIL, EQ, 27-Jul-2026,311.75,315,316.8,303.1,303.95,304.05,309.84,794976,2463.12,10195,147563,18.56
AGL, EQ, 27-Jul-2026,12.58,12.58,12.77,12.25,12.3,12.3,12.37,2310534,285.93,6082,1801953,77.99
AGNI, SM, 27-Jul-2026,17.1,17.5,17.5,17,17.25,17.15,17.21,12500,2.15,5,12500,100
AGRITECH, BE, 27-Jul-2026,110.59,111.7,113.97,106,111.99,111.98,110.94,1132,1.26,44, -, -
AGROPHOS, EQ, 27-Jul-2026,29.04,28.4,29.7,28.4,28.99,28.72,28.92,6909,2,83,6421,92.94
AGSTRA, BZ, 27-Jul-2026,2.21,2.1,2.21,2.1,2.1,2.1,2.11,285790,6.02,282, -, -
AGUL, SM, 27-Jul-2026,58.65,60.5,60.5,60.5,60.5,60.5,60.5,2000,1.21,1,2000,100
AHCL, EQ, 27-Jul-2026,15.01,15.11,15.99,15.1,15.84,15.75,15.65,5852235,916.09,10050,2804772,47.93
AHLADA, EQ, 27-Jul-2026,38.01,37.5,38.79,35.7,36.5,36.52,36.98,24231,8.96,300,14538,60
AHLEAST, EQ, 27-Jul-2026,146.23,152,152,142,146.8,143.95,144.99,5777,8.38,104,3974,68.79
AHLUCONT, EQ, 27-Jul-2026,827.7,836.05,843.95,824,834.7,830.65,830.1,25094,208.31,3492,12762,50.86
AHLWEST, BE, 27-Jul-2026,574.95,570,574.9,569,569,569,572.49,408,2.34,9, -, -
AIAENG, EQ, 27-Jul-2026,4583,4585,4651.5,4531,4646,4634.5,4592.74,70317,3229.48,15189,42351,60.23
AIIL, EQ, 27-Jul-2026,531.1,539,554.8,538.5,551.1,551.7,545.87,283202,1545.91,13860,116274,41.06
AIMTRON, SM, 27-Jul-2026,1283.95,1301,1360.25,1267.05,1360.25,1339.3,1322.77,53600,709.01,254,31400,58.58
AIRAN, EQ, 27-Jul-2026,15.03,15.03,15.5,14.97,14.97,15.03,15.12,65571,9.91,445,55085,84.01
AIROLAM, EQ, 27-Jul-2026,85.88,88,88,86.25,86.5,86.5,86.92,309,0.27,22,272,88.03
AISL, SM, 27-Jul-2026,62.25,59.5,59.5,59.5,59.5,59.5,59.5,600,0.36,1,600,100
AJANTPHARM, EQ, 27-Jul-2026,3369.5,3371,3460.3,3368.1,3387,3386.1,3399,81968,2786.1,16857,42481,51.83
AJAXENGG, EQ, 27-Jul-2026,567.6,568,576,560.75,565.95,566.85,567.89,35689,202.68,2888,17615,49.36
AJMERA, EQ, 27-Jul-2026,122.57,123.5,128.49,123.5,125.88,126.18,126.62,281078,355.9,4813,142054,50.54
AJOONI, EQ, 27-Jul-2026,4.03,4.1,4.12,3.95,3.95,3.97,4.02,341800,13.75,624,241464,70.64
AKANKSHA, ST, 27-Jul-2026,83.15,83,83,82,82,82,82.7,5000,4.14,5,5000,100
AKASH, EQ, 27-Jul-2026,26.95,27.45,27.45,26.4,26.4,26.49,26.61,8450,2.25,60,7038,83.29
AKCAPIT, EQ, 27-Jul-2026,1759.5,1752.4,1769.6,1748.2,1750,1749.6,1754.8,607,10.65,89,525,86.49
AKG, EQ, 27-Jul-2026,10.46,10.51,10.79,9.8,9.95,9.99,10.33,34939,3.61,333,9879,28.27
AKI, EQ, 27-Jul-2026,4.26,4.42,4.42,4.15,4.22,4.19,4.29,72212,3.1,202,55215,76.46
AKIKO, ST, 27-Jul-2026,346.3,347.5,347.5,335,335,335,338.6,10400,35.21,13,10400,100
AKSHAR, EQ, 27-Jul-2026,0.42,0.43,0.43,0.41,0.42,0.41,0.42,770271,3.2,278,727347,94.43
AKSHARCHEM, BE, 27-Jul-2026,236.58,236.58,241.9,225.01,235,235,236.81,1734,4.11,58, -, -
AKSHOPTFBR, BE, 27-Jul-2026,5.77,5.66,5.68,5.66,5.66,5.66,5.66,168950,9.56,101, -, -
AKUMS, EQ, 27-Jul-2026,687.3,687.4,703,673.7,675.3,675.6,684.03,178763,1222.78,17783,86618,48.45
ALANKIT, EQ, 27-Jul-2026,7.96,7.96,8.12,7.85,7.99,7.88,7.95,65841,5.23,482,51907,78.84
ALBERTDAVD, EQ, 27-Jul-2026,698.35,699.3,701.6,680,688.9,684.25,687.2,1714,11.78,265,1128,65.81
ALEMBICLTD, EQ, 27-Jul-2026,87.94,88,90.85,88,89.99,90.15,89.86,223367,200.72,2161,120295,53.86
ALGOQUANT, EQ, 27-Jul-2026,68.41,69.4,69.95,68.21,69.25,69.3,69.19,1276401,883.09,4061,318773,24.97
ALICON, EQ, 27-Jul-2026,636.35,649,684.75,642,676,678.45,670.01,41877,280.58,3281,26332,62.88
ALIVUS, EQ, 27-Jul-2026,1101.2,1106.8,1163.3,1106.8,1136.9,1132.5,1138.86,59581,678.54,7455,28002,47
ALKALI, BE, 27-Jul-2026,71.11,74.4,74.4,68.01,70,69.99,69.47,9403,6.53,117, -, -
ALKEM, EQ, 27-Jul-2026,5633.5,5693.5,5699.5,5597,5615,5613,5637.93,112113,6320.86,21853,64114,57.19
ALKYLAMINE, EQ, 27-Jul-2026,1789.5,1801,1852,1801,1827,1821.5,1828.05,50513,923.4,7316,20286,40.16
ALLCARGO, EQ, 27-Jul-2026,8.06,8.11,8.25,8.04,8.1,8.09,8.15,2633753,214.72,3496,1219935,46.32
ALLDIGI, EQ, 27-Jul-2026,822.75,850,893.55,850,875,872.05,872.81,103621,904.41,7670,54497,52.59
ALLETEC, ST, 27-Jul-2026,136.15,139.45,139.45,135,137.7,136.2,136.79,12400,16.96,27,12000,96.77
ALLTIME, EQ, 27-Jul-2026,220.87,224.8,229.8,222,226,226.87,225.19,33287,74.96,1161,16009,48.09
ALMONDZ, EQ, 27-Jul-2026,12.86,13.1,13.1,12.82,12.99,12.98,13.02,37496,4.88,165,30807,82.16
ALOKINDS, EQ, 27-Jul-2026,12.07,12.19,12.33,12.02,12.08,12.04,12.13,2353541,285.44,4737,1344114,57.11
ALPA, EQ, 27-Jul-2026,67.17,67.17,69,65.6,66.9,66.58,67.08,19033,12.77,320,7486,39.33
ALPEXSOLAR, SM, 27-Jul-2026,836.35,842.05,861.95,822.05,824.1,827.2,834.96,33300,278.04,247,20200,60.66
ALPHA, EQ, 27-Jul-2026,50.84,51.49,51.5,51.1,51.5,51.44,51.3,1376218,705.95,2388,769887,55.94
ALPHAETF, EQ, 27-Jul-2026,25.56,26.19,26.2,25.66,25.93,25.89,25.86,300245,77.64,761,187622,62.49
ALPHAGEO, EQ, 27-Jul-2026,204.65,201.2,209,201.2,202.1,202.31,203.85,4114,8.39,200,2071,50.34
ALPINETEX, BE, 27-Jul-2026,85.54,81.27,81.27,81.27,81.27,81.27,81.27,49122,39.92,908, -, -
ALPL30IETF, EQ, 27-Jul-2026,27.75,27.75,27.99,27.75,27.95,27.97,27.94,136783,38.22,1061,82110,60.03
ALUWIND, SM, 27-Jul-2026,49,47,52,47,52,51.7,50.69,78000,39.54,38,72000,92.31
AMAGI, EQ, 27-Jul-2026,609.05,617.65,636.55,606,626,625.05,625.18,231373,1446.5,15680,55956,24.18
AMANTA, BE, 27-Jul-2026,163,164,164,160,160,160,160.6,35055,56.3,195, -, -
AMBAAUTO, SM, 27-Jul-2026,79.9,80.35,84,78.75,78.75,79.6,80.44,46000,37,35,37000,80.43
AMBALALSA, EQ, 27-Jul-2026,32.39,32.4,32.5,30.98,31.77,31.59,31.6,58849,18.6,887,40991,69.65
AMBER, EQ, 27-Jul-2026,7261.5,7320,7353.5,7243,7280,7280.5,7302.67,171342,12512.53,29857,53061,30.97
AMBICAAGAR, EQ, 27-Jul-2026,24.64,25,25.2,24.03,24.41,24.64,24.84,2845,0.71,44,2493,87.63
AMBIKCO, EQ, 27-Jul-2026,1708.2,1709.8,1739,1698.7,1717.3,1713.2,1718.84,3539,60.83,557,2247,63.49
AMBUJACEM, EQ, 27-Jul-2026,425.15,429,432.85,424.2,430,430.95,430.18,1140841,4907.67,19247,381963,33.48
AMCL, SM, 27-Jul-2026,409.5,417.9,417.9,409.9,412.4,411.15,413.79,1600,6.62,4,800,50
AMDIND, EQ, 27-Jul-2026,49.68,49.3,50.29,47.22,47.51,47.57,48.78,33076,16.13,323,18818,56.89
AMEYA, SM, 27-Jul-2026,102.85,103.55,107.95,103.55,107.85,107.85,106.95,10000,10.7,7,8000,80
AMIABLE, SM, 27-Jul-2026,72.95,59.55,70.7,59.55,70.7,70.7,66.4,4800,3.19,3,0,0
AMJLAND, EQ, 27-Jul-2026,37.99,38.57,38.99,37.5,37.61,37.68,38.14,9066,3.46,184,5847,64.49
AMNPLST, EQ, 27-Jul-2026,194.27,199.9,199.9,193.6,195.99,195.16,196.05,7794,15.28,823,3000,38.49
AMRUTANJAN, EQ, 27-Jul-2026,509,510.5,517.15,503.6,513,513.35,507.06,67931,344.45,5389,45219,66.57
ANANDRATHI, EQ, 27-Jul-2026,2042.1,2065,2065,2033.2,2053.8,2052.1,2048.66,110241,2258.46,8004,55573,50.41
ANANTAM, IV, 27-Jul-2026,105.42,105.7,106,104.95,104.95,104.96,105.3,17962,18.91,246,17770,98.93
ANANTRAJ, EQ, 27-Jul-2026,586.55,588,619.6,586.3,618.55,616.9,609.5,4640775,28285.33,62558,2045872,44.08
ANDHRAPAP, EQ, 27-Jul-2026,61.33,61.2,64.45,61.2,62.55,62.59,63.08,472813,298.27,2858,271882,57.5
ANDHRSUGAR, EQ, 27-Jul-2026,86.33,86.85,88.8,86,87.3,87.45,87.42,345153,301.73,3572,175844,50.95
ANGELONE, EQ, 27-Jul-2026,307.95,309.9,312.5,302.95,304.4,304.2,306.66,7603595,23316.87,43945,3520054,46.29
ANIKINDS, EQ, 27-Jul-2026,40.7,43,46.3,41.75,42,42.27,43.75,14299,6.26,316,8904,62.27
ANKITMETAL, BZ, 27-Jul-2026,1.53,1.53,1.57,1.46,1.55,1.55,1.5,57946,0.87,63, -, -
ANLON, ST, 27-Jul-2026,632,634,635,611,635,629.75,630.54,4000,25.22,10,4000,100
ANMOL, EQ, 27-Jul-2026,10.14,10.2,10.25,9.95,10.01,10.04,10.03,39972,4.01,225,31316,78.34
ANNAPURNA, SM, 27-Jul-2026,129.5,130,130.2,124.2,127,126.25,128.31,101750,130.55,135,81000,79.61
ANONDITA, SM, 27-Jul-2026,1128.7,1128.7,1149,1116.1,1119.8,1121.2,1129.4,9600,108.42,45,6600,68.75
ANSALAPI, BZ, 27-Jul-2026,3.03,3.09,3.09,3.09,3.09,3.09,3.09,5851,0.18,10, -, -
ANTELOPUS, EQ, 27-Jul-2026,894.45,886,895,850.05,877,875.55,869.59,138813,1207.1,5142,68105,49.06
ANTGRAPHIC, EQ, 27-Jul-2026,0.75,0.75,0.76,0.74,0.76,0.74,0.74,138013,1.03,156,127230,92.19
ANTHEM, EQ, 27-Jul-2026,769.9,773.95,796.85,769.05,789.2,790.55,789.14,527906,4165.9,30697,339018,64.22
ANUHPHR, EQ, 27-Jul-2026,79.07,79.1,81.5,79.1,81.5,80.68,80.1,27827,22.29,637,17753,63.8
ANUP, EQ, 27-Jul-2026,2119.6,2119.6,2156.2,2115,2141,2144.4,2141.46,11690,250.34,2793,7411,63.4
ANURAS, EQ, 27-Jul-2026,1249.6,1247.3,1247.3,1216,1216.9,1223.3,1226.46,145811,1788.32,7837,102313,70.17
AONEGOLD, EQ, 27-Jul-2026,13.3,13.44,13.48,13.33,13.38,13.38,13.41,221136,29.65,1332,112118,50.7
AONELIQUID, EQ, 27-Jul-2026,1069.79,1075,1075,1069.92,1069.92,1069.93,1069.93,7573,81.03,85,3797,50.14
AONENIFTY, EQ, 27-Jul-2026,9.82,9.72,9.95,9.57,9.92,9.91,9.89,104928,10.38,1189,78933,75.23
AONESILVER, EQ, 27-Jul-2026,8.39,8.5,8.58,8.43,8.53,8.52,8.51,531136,45.18,878,304438,57.32
AONETMMQ50, EQ, 27-Jul-2026,9.94,10.11,10.11,9.94,10.03,10.01,10.02,73842,7.4,346,63372,85.82
AONETOTAL, EQ, 27-Jul-2026,11.68,11.91,11.91,11.7,11.83,11.81,11.78,164774,19.4,1435,106263,64.49
APARINDS, EQ, 27-Jul-2026,13889,14133,14149,13289,14145,14051,13793,193959,26752.76,50372,43912,22.64
APCL, EQ, 27-Jul-2026,102.97,106.68,106.68,101.7,105.7,104.99,104.33,2369,2.47,111,1518,64.08
APCOTEXIND, EQ, 27-Jul-2026,561.05,561.5,593.4,561.5,590.5,588.5,583.19,278947,1626.8,11608,135259,48.49
APEX, EQ, 27-Jul-2026,381,387.9,390.7,381.1,381.5,383.85,385.29,60966,234.9,3481,27832,45.65
APEXECO, ST, 27-Jul-2026,252,259.85,264.5,256,256,256,260.78,4800,12.52,6,4800,100
APLAPOLLO, EQ, 27-Jul-2026,1822.8,1825,1864,1822,1852.4,1849.9,1851.14,282780,5234.65,19841,149680,52.93
APLLTD, EQ, 27-Jul-2026,797.6,824,824,802.05,815.7,814.45,813.18,50274,408.82,5160,24905,49.54
APOLLO, EQ, 27-Jul-2026,394.3,396.1,399.6,390.65,391.5,392.95,394.79,3984153,15729.07,45962,1034821,25.97
APOLLOHOSP, EQ, 27-Jul-2026,8805.5,8816,8860.5,8744,8837,8843.5,8807.02,135186,11905.85,22664,72686,53.77
APOLLOPIPE, EQ, 27-Jul-2026,490.3,494,514.35,493,505,505.35,507.05,116605,591.25,4449,53901,46.23
APOLLOTYRE, EQ, 27-Jul-2026,419.65,423.25,424.75,418,419.65,419.95,420.45,529821,2227.65,29259,261377,49.33
APOLSINHOT, EQ, 27-Jul-2026,1173,1182,1210.9,1178.1,1192,1199,1191.82,535,6.38,86,402,75.14
APRAMEYA, SM, 27-Jul-2026,149,156,156,147,149.3,149.3,150.87,4500,6.79,7,3500,77.78
APS, SM, 27-Jul-2026,275.45,273.6,278,273.6,275,275.35,275.74,8500,23.44,34,6000,70.59
APSISAERO, ST, 27-Jul-2026,425.95,434.45,434.45,434.45,434.45,434.45,434.45,9600,41.71,8,9600,100
APTECHT, BE, 27-Jul-2026,91.35,90.87,92.25,89.91,91.9,91.66,91.19,59577,54.33,486, -, -
APTUS, EQ, 27-Jul-2026,277.15,280.7,284.7,277.6,279.25,279.05,280.48,410392,1151.08,11790,208896,50.9
AQYLON, EQ, 27-Jul-2026,26.25,25.91,26.25,24.94,24.99,24.98,25.18,776545,195.5,3039,367474,47.32
ARABIAN, SM, 27-Jul-2026,69.45,69.45,69.45,69.45,69.45,69.45,69.45,4000,2.78,2,4000,100
ARCHIDPLY, EQ, 27-Jul-2026,82.94,81.28,85.94,81.28,81.45,81.45,82.03,10904,8.94,145,8726,80.03
ARCHIES, EQ, 27-Jul-2026,13.75,14.2,14.2,13.91,14,13.99,14.03,5341,0.75,35,3125,58.51
ARCIIL, ST, 27-Jul-2026,37.8,37,37.95,37,37.3,37.3,37.42,3000,1.12,3,3000,100
ARE&M, EQ, 27-Jul-2026,872.9,875.95,882,870.45,875,874,875.81,273424,2394.68,15652,139218,50.92
ARENTERP, EQ, 27-Jul-2026,44.24,47,47,38.67,41.7,41.1,41.99,54339,22.82,796,14490,26.67
ARFIN, EQ, 27-Jul-2026,91.99,90.81,92.5,90.47,91.14,91.17,91.22,1762784,1608.04,5672,273203,15.5
ARHAM, SM, 27-Jul-2026,162.65,164.4,167.45,162.35,164.15,164.95,164.88,135000,222.59,89,62000,45.93
ARIES, EQ, 27-Jul-2026,341.05,334,347.95,334,345,343.95,342.91,10356,35.51,507,7459,72.03
ARIHANT, EQ, 27-Jul-2026,1021.7,1022,1097,1022,1075,1081.4,1056.07,7647,80.76,657,4690,61.33
ARIHANTCAP, EQ, 27-Jul-2026,81.62,83,84.8,77.25,77.79,78.06,81.23,1279834,1039.56,11276,507261,39.63
ARIHANTSUP, EQ, 27-Jul-2026,262.6,257.6,264.3,257.6,260.6,260.65,260.97,2030,5.3,128,1308,64.43
ARIS, EQ, 27-Jul-2026,123.06,125.4,127.55,121.7,124.51,124.78,124.79,1090248,1360.53,11261,391691,35.93
ARKADE, EQ, 27-Jul-2026,135.61,137,137.87,134.1,134.1,134.59,135.86,228642,310.62,1885,67562,29.55
ARMANFIN, EQ, 27-Jul-2026,1917.3,1930.1,2000,1930.1,1985,1993.4,1970.83,40012,788.57,4764,22794,56.97
AROGRANITE, EQ, 27-Jul-2026,25.01,25.49,25.74,24.1,25.28,25.25,25.04,14513,3.63,102,8365,57.64
ARROWGREEN, BE, 27-Jul-2026,708.9,718,723.95,690.05,710,705.8,708.4,12084,85.6,227, -, -
ARSHIYA, BZ, 27-Jul-2026,0.95,0.98,0.99,0.94,0.98,0.98,0.98,230636,2.25,105, -, -
ARSSBL, EQ, 27-Jul-2026,508.2,517.7,519.8,509.9,512.8,512.5,513.49,94216,483.79,2540,50390,53.48
ARTEMISMED, EQ, 27-Jul-2026,275.75,281,281.35,274.4,278.3,278.5,277.52,142749,396.15,3475,85256,59.72
ARTNIRMAN, EQ, 27-Jul-2026,40.19,40.19,41.66,38.21,38.7,39.42,39.53,599,0.24,15,562,93.82
ARUNAYA, ST, 27-Jul-2026,15.6,16,16,16,16,16,16,2000,0.32,1,2000,100
ARVEE, EQ, 27-Jul-2026,153.66,154,158.79,153.66,158.5,158.27,157.61,46,0.07,9,42,91.3
ARVIND, EQ, 27-Jul-2026,527.2,530,538.9,520.65,524,523.45,528.68,404881,2140.54,19977,192004,47.42
ARVINDFASN, EQ, 27-Jul-2026,462.65,462.95,472.2,461.7,462.85,463.7,465.1,130445,606.7,7934,59916,45.93
ARVINDPORT, ST, 27-Jul-2026,31,29.45,30.25,29.45,30.25,30.25,29.72,4500,1.34,3,4500,100
ARVSMART, EQ, 27-Jul-2026,608.8,608.8,612,595.05,598,599.7,601.64,18714,112.59,899,11052,59.06
ASAHIINDIA, EQ, 27-Jul-2026,888.3,899,899,872.75,873.8,878.15,880.85,119814,1055.38,9358,73831,61.62
ASAHISONG, EQ, 27-Jul-2026,332.95,342,366.45,329.8,344.95,339.85,347.51,248295,862.84,7829,118384,47.68
ASAL, EQ, 27-Jul-2026,508.75,514,519.75,494.2,497.3,498.25,506.45,46710,236.56,2912,21472,45.97
ASALCBR, EQ, 27-Jul-2026,821.45,800,804.95,762.3,793,791.7,791.17,77400,612.37,5322,38646,49.93
ASHAPURMIN, EQ, 27-Jul-2026,697.05,705,718,694.25,704.9,702.1,706.7,522020,3689.14,18892,248894,47.68
ASHIANA, EQ, 27-Jul-2026,386.7,388.55,395,385.1,386.5,386.9,388.58,49299,191.57,2220,19695,39.95
ASHIKAG, EQ, 27-Jul-2026,399.25,400.05,434,396.2,432.75,429.65,420.25,991103,4165.11,4241,702477,70.88
ASHIMASYN, EQ, 27-Jul-2026,16.85,16.86,19.25,16.86,18.05,18.05,18.4,567851,104.5,2003,195059,34.35
ASHOKA, EQ, 27-Jul-2026,120.87,123,124.35,121.68,124.2,124.13,123.42,680173,839.49,5528,244398,35.93
ASHOKAMET, EQ, 27-Jul-2026,14.16,14.16,14.5,14.07,14.36,14.27,14.2,7014,1,67,5167,73.67
ASHOKLEY, EQ, 27-Jul-2026,151.07,153.51,155.26,152.84,155.1,155.06,154.24,9544585,14721.19,43491,5087018,53.3
ASHWINI, SM, 27-Jul-2026,197.2,201,204,194,195,195.35,198.85,17000,33.8,16,10000,58.82
ASIANENE, EQ, 27-Jul-2026,355.7,365.15,387,358.8,385.9,383.8,380.47,1432312,5449.47,28769,454213,31.71
ASIANHOTNR, EQ, 27-Jul-2026,306.65,302.05,317,302.05,311.4,311.9,308.56,9876,30.47,410,4410,44.65
ASIANPAINT, EQ, 27-Jul-2026,2637.9,2665.8,2723.9,2664.3,2710,2710.2,2710.43,715239,19386.06,39822,271777,38
ASIANTILES, EQ, 27-Jul-2026,53.47,54.4,55.6,53,53.1,53.42,54.14,15658699,8478.12,33522,1709428,10.92
ASKAUTOLTD, EQ, 27-Jul-2026,509.3,514,524.3,511,515.5,514.4,517.02,327078,1691.05,14574,178357,54.53
ASMS, BE, 27-Jul-2026,7,7.07,7.15,6.95,7.1,7.01,7.06,128174,9.04,366, -, -
ASPINWALL, EQ, 27-Jul-2026,250.4,250.4,250.4,243.32,246.9,246.9,246.45,1339,3.3,63,1105,82.52
ASPIRE, SM, 27-Jul-2026,14.65,15.1,15.1,15.1,15.1,15.1,15.1,2000,0.3,1,2000,100
ASTAR, EQ, 27-Jul-2026,606.5,575.15,625,575.15,585.1,585.1,589.49,17,0.1,7,8,47.06
ASTEC, EQ, 27-Jul-2026,659.1,665,672.95,661.05,663,664.6,666.16,8266,55.06,927,4450,53.83
ASTERDM, EQ, 27-Jul-2026,785.65,790,807.3,786.05,805,801.5,800.33,485747,3887.59,18274,314690,64.78
ASTRAL, EQ, 27-Jul-2026,1468.1,1480,1481.5,1448.1,1455.9,1465.8,1469.31,385986,5671.35,24335,131852,34.16
ASTRAMICRO, EQ, 27-Jul-2026,1813.4,1815,1840,1788,1803,1801.8,1807.22,270091,4881.13,21937,114472,42.38
ASTRAZEN, EQ, 27-Jul-2026,8005.5,8005.5,8185,8005,8110,8167.5,8135.59,6363,517.67,1624,3521,55.34
ASTRON, BE, 27-Jul-2026,4.14,3.94,4.2,3.94,4,3.99,4.05,30829,1.25,110, -, -
ATALREAL, EQ, 27-Jul-2026,31.44,31.69,31.7,31.13,31.33,31.54,31.45,7529736,2367.82,15167,1828119,24.28
ATAM, EQ, 27-Jul-2026,65.88,67,67,64.11,66.71,66.08,65.91,8034,5.3,186,2218,27.61
ATCENERGY, ST, 27-Jul-2026,21.75,21.7,21.95,20.85,21,21.2,21.37,24000,5.13,19,22800,95
ATGL, EQ, 27-Jul-2026,652.85,658,665.5,657.65,660,660.5,661.13,671241,4437.75,18251,193844,28.88
ATHERENERG, EQ, 27-Jul-2026,1208.7,1214.9,1233.9,1196.5,1212.1,1214.9,1211.02,1911132,23144.12,88102,615789,32.22
ATL, EQ, 27-Jul-2026,22.81,23.37,23.91,23.01,23.91,23.68,23.57,152896,36.04,973,89460,58.51
ATLANTAA, EQ, 27-Jul-2026,35.18,35.71,38.65,35.26,35.26,35.36,35.9,27048,9.71,1129,12443,46
ATLANTAELE, EQ, 27-Jul-2026,1589.8,1604.9,1645.1,1589.8,1612.8,1614.3,1625.47,111916,1819.17,11701,57688,51.55
ATLASCYCLE, EQ, 27-Jul-2026,97.1,97.11,98.58,96,97.51,97.47,96.96,10387,10.07,120,8229,79.22
ATLPP, E1, 27-Jul-2026,8.62,8.8,9,8.6,8.6,8.61,8.73,2774,0.24,16,2763,99.6
ATMASTCO, ST, 27-Jul-2026,157.5,152.6,156.6,152.55,156.6,156.6,154.34,3200,4.94,8,2800,87.5
ATUL, EQ, 27-Jul-2026,6407.5,6590,6838,6550,6790,6789.5,6742.36,328187,22127.54,66908,86818,26.45
ATULAUTO, EQ, 27-Jul-2026,473.4,480.95,487.75,477.1,482.2,482.25,482.95,51508,248.76,2357,25971,50.42
AUBANK, EQ, 27-Jul-2026,1004,1021,1062,1021,1055,1052.2,1045.37,5047131,52761.04,82667,2173580,43.07
AURIONPRO, EQ, 27-Jul-2026,825.45,851.2,851.2,814,840,836.65,836.88,101294,847.71,5148,49047,48.42
AUROPHARMA, EQ, 27-Jul-2026,1532,1533.5,1568.9,1531.9,1551,1549.4,1554.77,850225,13219.01,32164,440070,51.76
AURUM, EQ, 27-Jul-2026,221.25,222.84,232.12,221.7,230.14,229.68,227.72,162652,370.4,3521,79512,48.88
AURUS, EQ, 27-Jul-2026,4.8,4.71,4.88,4.7,4.74,4.74,4.74,16484,0.78,93,13391,81.24
AUSL, SM, 27-Jul-2026,26,26.5,26.5,26.5,26.5,26.5,26.5,2000,0.53,1,2000,100
AUSOMENT, BE, 27-Jul-2026,130,130,135,128.2,135,133.15,132.06,3401,4.49,57, -, -
AUTOAXLES, EQ, 27-Jul-2026,1798.9,1800.1,1827.9,1778.7,1790.5,1792.5,1797.69,6712,120.66,1063,4006,59.68
AUTOBEES, EQ, 27-Jul-2026,281.18,282.99,285.7,282.34,285.1,285.24,284.51,233833,665.28,2615,137875,58.96
AUTOIETF, EQ, 27-Jul-2026,28.22,28.98,28.98,28.22,28.62,28.6,28.5,594311,169.37,1921,404134,68
AUTOIND, BE, 27-Jul-2026,87.87,89.2,91.82,87.85,89.9,89.63,89.58,86207,77.23,411, -, -
AVADHSUGAR, EQ, 27-Jul-2026,525.35,516,547.45,516,534,533.75,537.58,32832,176.5,1624,15935,48.53
AVALON, EQ, 27-Jul-2026,1741.5,1751.1,1767.9,1654.1,1731.1,1728.2,1712.4,278018,4760.79,25650,106850,38.43
AVANA, ST, 27-Jul-2026,159,159,166.9,159,160.05,161.3,163.62,48000,78.54,22,48000,100
AVANTEL, EQ, 27-Jul-2026,163.49,164.5,166.5,163.03,164.9,165.05,164.67,879462,1448.18,8934,309337,35.17
AVANTIFEED, EQ, 27-Jul-2026,977.05,990,993.4,964,980.8,979.55,975.03,313085,3052.67,17395,121759,38.89
AVG, BE, 27-Jul-2026,203.64,202.5,209.99,197,204.95,205.61,206.96,21667,44.84,204, -, -
AVIANSH, SM, 27-Jul-2026,102.5,102,102,100.5,100.5,100.5,101.25,2000,2.03,2,2000,100
AVIENCE, SM, 27-Jul-2026,259.75,268.95,268.95,256.5,262.5,259.5,262.87,75000,197.16,113,49200,65.6
AVL, EQ, 27-Jul-2026,611.05,611.25,645,611.25,622.65,623.95,623.47,61129,381.12,5120,28537,46.68
AVONMORE, EQ, 27-Jul-2026,9.39,9.75,9.75,9.2,9.38,9.29,9.35,98601,9.22,755,76071,77.15
AVPINFRA, SM, 27-Jul-2026,69.35,71.3,71.4,66.2,70.85,70.5,69.48,39200,27.24,46,22400,57.14
AVROIND, EQ, 27-Jul-2026,8.82,9.09,9.4,8.6,8.69,8.94,8.94,393381,35.18,929,220555,56.07
AVTNPL, EQ, 27-Jul-2026,70.02,69.1,71.76,69.1,70.1,70.22,70.61,28276,19.97,627,17648,62.41
AWFIS, EQ, 27-Jul-2026,271.85,276.5,295.15,273.25,288.9,288.65,289.17,771559,2231.13,16256,182386,23.64
AWHCL, EQ, 27-Jul-2026,433.4,440,442,434.55,440.95,440,437.79,36238,158.65,2182,17468,48.2
AWL, EQ, 27-Jul-2026,188.16,188.19,190.71,187.12,187.71,187.64,188.35,790854,1489.59,13671,372954,47.16
AXISBANK, EQ, 27-Jul-2026,1227.3,1237,1237,1221.6,1229,1227.5,1226.94,5967502,73217.65,142736,4070389,68.21
AXISCADES, EQ, 27-Jul-2026,1608,1630,1630,1527.6,1528,1533.4,1559.72,184831,2882.84,10634,114548,61.97
AXITA, EQ, 27-Jul-2026,7.36,7.46,7.46,7.39,7.43,7.41,7.41,189022,14.01,556,132678,70.19
AYE, EQ, 27-Jul-2026,172.03,173,174.15,166,167,166.81,168.61,574279,968.27,7419,271946,47.35
AYMSYNTEX, EQ, 27-Jul-2026,234.49,238.01,242.99,229.98,235,235.27,233.37,18228,42.54,941,10049,55.13
AZAD, EQ, 27-Jul-2026,2439,2452,2493.9,2405,2437,2441.6,2446.29,579495,14176.12,41925,194991,33.65
BABAFP, SM, 27-Jul-2026,24,23.5,25,23.5,25,24.5,24.17,4800,1.16,3,4800,100
BAFNAPH, BE, 27-Jul-2026,238.15,240,242.91,240,242.91,242.91,241.39,5947,14.36,51, -, -
BAGDIGITAL, SM, 27-Jul-2026,109.85,108.2,108.5,108.2,108.5,108.5,108.34,8000,8.67,5,8000,100
BAGFILMS, EQ, 27-Jul-2026,4.54,4.54,4.82,4.46,4.6,4.61,4.61,141060,6.5,277,87242,61.85
BAGMANE, RR, 27-Jul-2026,104.63,104.86,105.1,104.16,104.8,104.77,104.85,2153384,2257.87,34680,1848480,85.84
BAHETI, SM, 27-Jul-2026,709.9,720,723.9,710,710,712.6,716.86,30375,217.75,61,18375,60.49
BAIDFIN, EQ, 27-Jul-2026,9.86,9.85,10.48,9.73,9.92,9.86,9.95,41221,4.1,191,19804,48.04
BAJAJ-AUTO, EQ, 27-Jul-2026,11130,11200.5,11251,11094,11180,11183.5,11180.66,270544,30248.6,38490,142176,52.55
BAJAJCON, EQ, 27-Jul-2026,549.8,552.95,555,534.1,539.4,540.85,545.5,600626,3276.4,20918,297080,49.46
BAJAJELEC, EQ, 27-Jul-2026,328.9,330.45,333.9,328,328.1,329.4,330.42,42350,139.93,2197,19363,45.72
BAJAJFINSV, EQ, 27-Jul-2026,1876.7,1885,1920,1885,1919.4,1913,1907.19,651274,12421.06,49060,304983,46.83
BAJAJHCARE, EQ, 27-Jul-2026,323.35,329.1,329.35,317.4,319.9,319.65,320.22,249558,799.13,5299,83196,33.34
BAJAJHFL, EQ, 27-Jul-2026,84.19,84.98,85.88,84.98,85.52,85.5,85.45,2127865,1818.19,19340,1262918,59.35
BAJAJHIND, EQ, 27-Jul-2026,17.29,17.3,17.48,16.85,16.93,16.93,17.11,4178249,714.97,7428,2057258,49.24
BAJAJHLDNG, EQ, 27-Jul-2026,10679,10694,10829,10631,10735,10810,10769.64,69044,7435.79,15861,41833,60.59
BAJAJINDEF, EQ, 27-Jul-2026,230.25,231.8,239.9,230.3,230.35,230.85,231.52,14350,33.22,379,10965,76.41
BAJAJST, EQ, 27-Jul-2026,395.7,399.9,406.35,391.1,397.95,395.25,398.26,10315,41.08,742,7445,72.18
BAJEL, EQ, 27-Jul-2026,178.9,179.51,182.09,176.9,178,177.74,178.83,89792,160.58,1615,52640,58.62
BAJFINANCE, EQ, 27-Jul-2026,1012.8,1026.7,1050,1026.6,1049,1048.3,1042.28,7610916,79327.09,165999,4861021,63.87
BALAJEE, EQ, 27-Jul-2026,27.07,28,28,27.01,27.2,27.13,27.28,17501,4.77,166,12767,72.95
BALAJIPHOS, SM, 27-Jul-2026,90.75,90.5,90.5,87,89,87.95,87.94,8000,7.04,5,8000,100
BALAJITELE, EQ, 27-Jul-2026,84.04,84.18,85.9,83.38,84.25,83.8,84.45,72465,61.19,1328,38912,53.7
BALAMINES, EQ, 27-Jul-2026,2174.5,2217.9,2323.4,2174.6,2298,2284.8,2266.89,323794,7340.05,28818,96303,29.74
BALAXI, EQ, 27-Jul-2026,24.47,24.97,24.97,24,24.4,24.39,24.41,10773,2.63,139,8986,83.41
BALCO, ST, 27-Jul-2026,20.85,19.85,19.85,19.85,19.85,19.85,19.85,2400,0.48,2,1200,50
BALKRISHNA, EQ, 27-Jul-2026,17.54,17.71,18.4,17.4,17.51,17.54,18.16,12176,2.21,60,10814,88.81
BALKRISIND, EQ, 27-Jul-2026,2013.5,2047.8,2052,2005,2031.4,2025.2,2022.39,177608,3591.93,21280,109711,61.77
BALMLAWRIE, EQ, 27-Jul-2026,174.6,175.6,177.38,175.6,176.9,176.65,176.51,46117,81.4,1122,27734,60.14
BALPHARMA, EQ, 27-Jul-2026,87.34,88.6,92.49,88.06,89,88.63,90.52,164269,148.69,2106,83372,50.75
BALRAMCHIN, EQ, 27-Jul-2026,610.15,609,618,609,609.4,611.65,612.08,208287,1274.87,7420,65400,31.4
BALUFORGE, EQ, 27-Jul-2026,433.6,434.05,444.8,434.05,440.65,439.75,439.88,257865,1134.29,8337,126790,49.17
BANARBEADS, EQ, 27-Jul-2026,121.95,121.95,125,118.51,120.8,119.56,122.94,10400,12.79,629,6784,65.23
BANARISUG, EQ, 27-Jul-2026,3501.8,3499,3499,3475,3475,3475.1,3477.89,204,7.09,20,183,89.71
BANCOINDIA, EQ, 27-Jul-2026,608.45,612.2,632.1,612.2,628,626.1,626.43,165884,1039.14,10513,62752,37.83
BANDHANBNK, EQ, 27-Jul-2026,165.93,167.5,170.64,166.82,169.4,169.43,169.36,13639409,23099.23,65610,4596177,33.7
BANG, EQ, 27-Jul-2026,28.1,28.39,28.75,27.81,28.04,28.06,28.28,5741,1.62,185,3225,56.17
BANK10ADD, EQ, 27-Jul-2026,16.83,16.95,16.98,16.87,16.89,16.89,16.95,179631,30.45,165,152809,85.07
BANK10BETF, EQ, 27-Jul-2026,20.97,20.97,20.98,20.75,20.87,20.87,20.94,14201,2.97,69,14189,99.92
BANKA, BE, 27-Jul-2026,90.77,88.1,95.3,88.01,95.3,94.12,91.6,3265,2.99,27, -, -
BANKADD, EQ, 27-Jul-2026,58.08,58.58,58.67,58.25,58.45,58.45,58.42,13270,7.75,155,6404,48.26
BANKBARODA, EQ, 27-Jul-2026,246.45,243.5,247.7,241.9,244.2,244,244.93,14707217,36021.84,76555,4807796,32.69
BANKBEES, EQ, 27-Jul-2026,587.76,590,594,588.1,591.9,591.44,591.22,631908,3735.96,8073,315641,49.95
BANKBETA, EQ, 27-Jul-2026,58.74,60.2,60.2,58.82,59.03,59.13,59.11,52390,30.97,543,25456,48.59
BANKBETF, EQ, 27-Jul-2026,57.76,58.31,58.39,57.87,58.03,57.97,58,4269,2.48,204,2936,68.77
BANKETF, EQ, 27-Jul-2026,578.68,581.29,584.64,579.91,582.61,581.47,582.55,5298,30.86,1120,3509,66.23
BANKIETF, EQ, 27-Jul-2026,58.31,58.99,58.99,58.44,58.54,58.68,58.57,815088,477.41,1745,551354,67.64
BANKINDIA, EQ, 27-Jul-2026,142.62,145,145.39,136.55,137.9,137.87,139.33,26282058,36618.75,86656,10991295,41.82
BANKNIFTY1, EQ, 27-Jul-2026,58.9,59.49,59.5,59.05,59.41,59.36,59.31,397580,235.8,974,212496,53.45
BANKPSU, EQ, 27-Jul-2026,84.43,84.57,85.04,84.26,84.51,84.28,84.49,6593,5.57,118,3855,58.47
BANSALWIRE, EQ, 27-Jul-2026,324,325.6,326,315.1,317,316.45,319.75,83438,266.79,3670,46443,55.66
BANSWRAS, EQ, 27-Jul-2026,127.94,130.4,130.4,122.8,124,124.33,125.54,43662,54.81,1079,25366,58.1
BARFLEX, SM, 27-Jul-2026,54.6,56.25,56.25,55,55,55,55.42,6000,3.33,3,4000,66.67
BASF, EQ, 27-Jul-2026,3670.2,3735.7,3750,3700.1,3742,3738.4,3731.71,6605,246.48,1754,3579,54.19
BASILIC, SM, 27-Jul-2026,190.3,194,194,191.45,191.5,191.85,191.68,21300,40.83,30,20100,94.37
BASML, BE, 27-Jul-2026,26.66,26.06,27.23,26.06,27,26.99,27.03,127797,34.54,100, -, -
BATAINDIA, EQ, 27-Jul-2026,689.95,695,704.95,691.05,698,699.65,698.67,192036,1341.7,11336,85433,44.49
BATLIBOI, EQ, 27-Jul-2026,84.93,87.64,87.85,83.04,84.4,84.46,84.57,12928,10.93,232,8502,65.76
BAWEJA, ST, 27-Jul-2026,28.55,27.65,27.9,27.15,27.15,27.15,27.29,16800,4.58,17,15200,90.48
BAYERCROP, EQ, 27-Jul-2026,4217.5,4268,4277.9,4220,4246.5,4238.5,4239.61,14477,613.77,3138,7162,49.47
BBETF0432, EQ, 27-Jul-2026,1354.62,1346.2,1354.95,1346.2,1350,1350,1349.26,1149,15.5,59,747,65.01
BBL, EQ, 27-Jul-2026,2519.4,2549,2594.9,2521.3,2560.1,2562,2567.16,22173,569.22,3044,12926,58.3
BBNPNBETF, EQ, 27-Jul-2026,57.22,58.47,58.47,57.29,57.55,57.55,57.58,1040,0.6,43,804,77.31
BBNPPGOLD, EQ, 27-Jul-2026,137.9,137.9,139.45,137.9,138.55,138.6,139.09,2410,3.35,83,1459,60.54
BBOX, EQ, 27-Jul-2026,778.45,785,803.2,772.8,775,775.7,782.72,205754,1610.48,14029,95869,46.59
BBTC, EQ, 27-Jul-2026,1458.2,1461.9,1501.2,1461.9,1500,1496.6,1495.25,28710,429.29,4517,15580,54.27
BBTCL, EQ, 27-Jul-2026,217.09,227,227,212.32,220,219.33,219.4,10918,23.95,196,7036,64.44
BCG, EQ, 27-Jul-2026,9.4,9.42,9.67,9.41,9.48,9.47,9.51,2716706,258.48,2852,1336525,49.2
BCLIND, EQ, 27-Jul-2026,35.74,35.9,36.08,35,35.17,35.3,35.6,780267,277.78,5533,329045,42.17
BCONCEPTS, EQ, 27-Jul-2026,186.53,197.9,197.9,186.75,191.03,192.19,191.12,6405,12.24,413,2937,45.85
BCPL, EQ, 27-Jul-2026,70.39,69.17,71.89,69.17,70.9,70.75,70.6,3028,2.14,133,1889,62.38
BDL, EQ, 27-Jul-2026,1243,1249.2,1263.5,1239,1255,1256.4,1253.1,667606,8365.8,25192,201663,30.21
BEACON, ST, 27-Jul-2026,91.85,91.85,91.85,90.5,90.5,90.5,91.18,2000,1.82,2,2000,100
BEARDSELL, EQ, 27-Jul-2026,27.64,27.64,28.5,27,27.78,27.42,27.61,2036,0.56,56,1362,66.9
BECTORFOOD, EQ, 27-Jul-2026,206.63,208.7,212.9,205.01,211,211.89,210.42,3219598,6774.54,28488,811866,25.22
BEDMUTHA, EQ, 27-Jul-2026,106.89,107,112.23,107,112.23,112.18,111.82,6765,7.56,99,5877,86.87
BEEKAY, EQ, 27-Jul-2026,400.4,404.05,414.3,391.65,396.05,395.3,403.12,528,2.13,39,217,41.1
BEL, EQ, 27-Jul-2026,405,408,408.45,404.6,406.7,407.15,406.45,9683515,39358.53,87478,5721537,59.09
BELLACASA, EQ, 27-Jul-2026,239.5,246.75,248.9,238,238,240.35,243.11,4787,11.64,324,3266,68.23
BELRISE, EQ, 27-Jul-2026,228.26,229.51,233.72,227.21,232,232.66,231.24,3264364,7548.54,36186,1799406,55.12
BEML, EQ, 27-Jul-2026,1713.2,1730,1788.3,1726.9,1775,1780.1,1764.16,224432,3959.35,20119,92931,41.41
BENGALASM, EQ, 27-Jul-2026,6202,6202,6312,6175,6274,6215.5,6232.4,278,17.33,83,180,64.75
BEPL, EQ, 27-Jul-2026,121.81,122.9,122.9,113.75,114.79,114.51,116.33,4964378,5775.08,29880,1702389,34.29
BERGEPAINT, EQ, 27-Jul-2026,497.95,502.1,506.9,499.55,503.9,504,502.46,173146,869.99,11514,83500,48.23
BESTAGRO, EQ, 27-Jul-2026,15.16,15.2,15.99,15.2,15.99,15.91,15.76,427040,67.28,1573,291282,68.21
BETA, EQ, 27-Jul-2026,2315.6,2365,2365,2225.6,2228,2230.7,2260.96,29565,668.45,4413,17363,58.73
BEWLTD, SM, 27-Jul-2026,58.9,58.5,59.5,56.2,58.5,58.85,57.75,24500,14.15,44,15000,61.22
BFINVEST, EQ, 27-Jul-2026,460.05,467,468,457.65,459,460.1,463.19,26054,120.68,964,14476,55.56
BFSI, EQ, 27-Jul-2026,26.95,27.26,27.26,26.96,27.2,27.12,27.06,264968,71.69,1139,180878,68.26
BFUTILITIE, EQ, 27-Jul-2026,580.4,599,599.1,575.95,576.4,577.85,583.5,43437,253.46,2111,19651,45.24
BGLOBAL, BZ, 27-Jul-2026,3.21,3.35,3.35,3.05,3.1,3.12,3.08,108528,3.35,75, -, -
BGRENERGY, BE, 27-Jul-2026,291.1,296.65,296.65,279.8,281.1,280.25,284.32,63353,180.13,600, -, -
BHADORA, ST, 27-Jul-2026,86.5,87.15,88.95,87.15,88.5,88.5,88.2,3600,3.18,3,2400,66.67
BHAGCHEM, EQ, 27-Jul-2026,263.45,263.45,267.95,260.35,266,263.3,263.78,49552,130.71,1157,30928,62.42
BHAGERIA, BE, 27-Jul-2026,228.98,228.9,233,217.55,218.7,218.11,221.64,58952,130.66,519, -, -
BHAGYANGR, BE, 27-Jul-2026,410.9,410,431,391.5,431,426.7,420.98,278017,1170.41,3009, -, -
BHANDARI, BE, 27-Jul-2026,2.89,2.9,2.94,2.83,2.88,2.87,2.88,180704,5.21,214, -, -
BHARATCOAL, EQ, 27-Jul-2026,34.99,35.17,35.44,35.08,35.25,35.25,35.24,4197348,1479.07,12039,1863556,44.4
BHARATFORG, EQ, 27-Jul-2026,2151.6,2168,2189,2151.6,2185,2181.3,2169.7,704988,15296.09,28671,389996,55.32
BHARATGEAR, BE, 27-Jul-2026,121.41,121.93,127.48,120.01,127.48,127.48,125.33,38845,48.68,404, -, -
BHARATRAS, EQ, 27-Jul-2026,1261.1,1277,1299,1264,1271,1273.8,1281.33,6619,84.81,1209,4110,62.09
BHARATSE, EQ, 27-Jul-2026,218.14,216.3,219.78,207.75,213,211.85,211.95,441091,934.9,13571,200611,45.48
BHARATWIRE, EQ, 27-Jul-2026,193.31,196.9,205,195.35,204.8,202.91,199.68,124310,248.23,2883,62403,50.2
BHARTIARTL, EQ, 27-Jul-2026,1898.2,1892,1917,1890,1904,1905.3,1901.65,5230299,99462.17,91860,3777560,72.22
BHARTIHEXA, EQ, 27-Jul-2026,1607.6,1630,1630,1601.1,1608,1614.3,1616.69,175287,2833.85,7680,140165,79.96
BHEL, EQ, 27-Jul-2026,417.3,420,422.4,412.9,415.05,415.95,417.08,9042974,37716.54,98830,4173421,46.15
BI, EQ, 27-Jul-2026,59.27,59,61,58.12,58.21,58.46,59.11,4056,2.4,100,2507,61.81
BIGBLOC, EQ, 27-Jul-2026,47.75,47.81,48.39,46.8,46.8,46.98,47.29,43396,20.52,839,20640,47.56
BIKAJI, EQ, 27-Jul-2026,630.7,626.15,643.2,626.15,638.1,641.25,640.54,54084,346.43,7999,32997,61.01
BIKEWO, ST, 27-Jul-2026,59.25,59.25,62.2,59,62.2,62.2,61.67,146000,90.05,54,140000,95.89
BIL, EQ, 27-Jul-2026,729.9,680,757,680,757,745.8,738.59,854,6.31,90,686,80.33
BILVYAPAR, BE, 27-Jul-2026,3.99,4,4.18,3.85,4.18,4.13,4.03,28677,1.16,70, -, -
BIMETAL, EQ, 27-Jul-2026,667.4,667,672.45,650,672.45,650.8,652.23,1196,7.8,22,1099,91.89
BIOCON, EQ, 27-Jul-2026,433.65,437,437.55,434.05,436.8,436.25,435.52,2570388,11194.54,24916,1612004,62.71
BIOFILCHEM, EQ, 27-Jul-2026,32.07,33.45,33.45,32.11,32.32,32.82,32.82,6289,2.06,100,3570,56.77
BIOPOL, SM, 27-Jul-2026,97.45,97.4,97.8,94.35,97.3,97.3,96.21,36000,34.64,19,28800,80
BIRET, RR, 27-Jul-2026,339.01,340.44,344.5,337.28,343,343.44,341.48,318274,1086.84,9770,249586,78.42
BIRLACABLE, BE, 27-Jul-2026,197.31,189,203.98,189,200.5,200.98,199.32,63779,127.12,544, -, -
BIRLACORPN, EQ, 27-Jul-2026,956.6,955,955,900,904.8,910.2,922.52,462709,4268.57,28339,249718,53.97
BIRLAMONEY, EQ, 27-Jul-2026,131.99,133.97,135.7,130,130.1,131.22,132.16,61022,80.65,1457,27561,45.17
BIRLANU, EQ, 27-Jul-2026,1351.9,1351.9,1395,1334.1,1364.2,1368,1367.46,15526,212.31,1855,9264,59.67
BIRLAPREC, EQ, 27-Jul-2026,34.19,34.2,35.1,34.01,34.2,34.21,34.33,14104,4.84,307,9257,65.63
BLACKBUCK, EQ, 27-Jul-2026,539.35,542.55,557.85,539.05,546,547.6,548.12,221110,1211.95,16450,63966,28.93
BLACKROSE, BE, 27-Jul-2026,95.98,95.98,100.77,95.98,100.77,100.76,99.44,21754,21.63,167, -, -
BLAL, EQ, 27-Jul-2026,175.92,177,179.2,177,178.98,177.61,177.95,5695,10.13,338,2530,44.42
BLBLIMITED, EQ, 27-Jul-2026,15.7,16.01,17.27,15.97,16.2,16.11,16.47,49420,8.14,207,29303,59.29
BLIL, EQ, 27-Jul-2026,69.88,70.44,70.44,69.82,70,69.97,70.03,35697,25,569,30596,85.71
BLISSGVS, BE, 27-Jul-2026,464.6,461.3,463.95,451,460,459.4,456.86,224080,1023.74,3322, -, -
BLKASHYAP, EQ, 27-Jul-2026,54.56,55.3,56.45,53.81,54.1,54.11,54.64,261009,142.6,1327,176757,67.72
BLS, EQ, 27-Jul-2026,233.6,237.3,240.8,235.7,237.95,237.5,238.27,1010794,2408.38,21222,375453,37.14
BLSE, EQ, 27-Jul-2026,282.32,286,293,282.41,287,288.32,289.85,1807981,5240.43,15841,349378,19.32
BLUECHIP, BE, 27-Jul-2026,1.91,1.88,1.88,1.88,1.88,1.88,1.88,2068,0.04,14, -, -
BLUECOAST, BE, 27-Jul-2026,27,27.05,28.25,25.65,27.06,25.69,26.13,6024,1.57,39, -, -
BLUEDART, EQ, 27-Jul-2026,4911.5,4935.8,5129.2,4922.9,5111,5114.2,5054.52,37705,1905.81,6920,17712,46.98
BLUEJET, EQ, 27-Jul-2026,566.9,570.9,589.9,570.9,579,576.05,580.21,509908,2958.54,16247,253770,49.77
BLUEPEBBLE, SM, 27-Jul-2026,70,68.25,70,68,70,70,69.47,6800,4.72,11,5200,76.47
BLUESTARCO, EQ, 27-Jul-2026,1637.2,1642.5,1669.1,1638.3,1643.1,1643.2,1653.22,135209,2235.31,14592,57725,42.69
BLUESTONE, EQ, 27-Jul-2026,772.4,793,829,765.8,821.95,820.75,807.73,20293817,163919.92,370768,1738426,8.57
BLUEWATER, ST, 27-Jul-2026,425,427,446.25,420.1,446.25,444.95,442.98,90000,398.69,86,88000,97.78
BLUSPRING, EQ, 27-Jul-2026,108.42,110.44,111.49,108.5,109.6,109.36,109.76,120858,132.65,1710,51926,42.96
BMETRICS, SM, 27-Jul-2026,35.5,37,37,37,37,37,37,800,0.3,1,800,100
BMLL, SM, 27-Jul-2026,138.7,141.45,141.55,140.15,141.55,141.45,141.29,21000,29.67,20,15000,71.43
BMWVENTLTD, EQ, 27-Jul-2026,56.52,56.22,60.9,56.22,59.41,59.34,58.78,247389,145.4,3291,137059,55.4
BNAGROCHEM, BE, 27-Jul-2026,274.9,274.95,274.95,265.4,274.95,274.95,274.63,135,0.37,6, -, -
BNALTD, BE, 27-Jul-2026,461.1,484.15,484.15,465,465,466.95,481.72,170,0.82,6, -, -
BNKETFAXIS, EQ, 27-Jul-2026,583.85,587.85,591.19,587.23,589.4,589.4,588.86,1459,8.59,33,218,14.94
BODALCHEM, BE, 27-Jul-2026,68.02,68.5,69.89,67.01,67.6,67.6,68.47,96155,65.83,523, -, -
BOHRAIND, EQ, 27-Jul-2026,12.62,12.02,13.25,12.02,13.25,13.16,12.92,16496,2.13,70,9946,60.29
BOMDYEING, EQ, 27-Jul-2026,121.71,122.1,123.6,121.7,122.23,122.08,122.35,261611,320.09,4105,126712,48.44
BONLON, EQ, 27-Jul-2026,40.92,42.5,42.5,39.23,40.01,40.55,41.02,7188,2.95,127,3454,48.05
BORANA, EQ, 27-Jul-2026,327.45,333.25,333.25,325,329.7,328.05,328.22,9141,30,408,3781,41.36
BOROLTD, EQ, 27-Jul-2026,232.34,239.9,240,231.12,232.31,233.73,234.45,83179,195.01,2679,39715,47.75
BORORENEW, EQ, 27-Jul-2026,580.65,582.4,589.9,577.75,582.55,585.1,584.1,321533,1878.06,9022,157093,48.86
BOROSCI, EQ, 27-Jul-2026,152.09,152.25,156,152.25,155,154.37,154.44,24215,37.4,948,13930,57.53
BOSCH-HCIL, EQ, 27-Jul-2026,1332.8,1330,1348.9,1322.1,1335,1332.9,1335.28,18246,243.64,980,10853,59.48
BOSCHLTD, EQ, 27-Jul-2026,41755,41905,42165,41130,41195,41250,41591.58,22295,9272.84,8849,10649,47.76
BPCL, EQ, 27-Jul-2026,310.15,315.2,318.55,313.2,317,316.25,315.84,5954256,18805.79,44441,3081614,51.75
BPL, EQ, 27-Jul-2026,53.78,53.78,55.06,52.48,52.61,52.73,53.31,109201,58.22,1387,68607,62.83
BRACEPORT, SM, 27-Jul-2026,63,65,65,65,65,65,65,1600,1.04,1,1600,100
BRANDMAN, SM, 27-Jul-2026,182.75,186,188,184,184,187.2,187.12,15200,28.44,10,14400,94.74
BRIGADE, EQ, 27-Jul-2026,525.45,528,545.5,526.15,545.45,543.45,536.8,410222,2202.09,14590,218264,53.21
BRIGHOTEL, EQ, 27-Jul-2026,60.16,60.21,60.98,59.81,59.99,59.99,60.25,186725,112.5,2086,141980,76.04
BRITANNIA, EQ, 27-Jul-2026,5379.5,5399.5,5436.5,5343,5386.5,5384.5,5380.38,238867,12851.96,20962,131701,55.14
BRNL, EQ, 27-Jul-2026,18.06,18.4,18.4,17.38,17.38,17.59,17.72,31146,5.52,348,21865,70.2
BROOKS, BE, 27-Jul-2026,64.06,63.98,65.49,63,63.7,63.95,64.2,8324,5.34,67, -, -
BSE, EQ, 27-Jul-2026,3549.7,3575,3586.6,3491.8,3543,3536.8,3530.17,2557303,90277.13,133993,996519,38.97
BSE500IETF, EQ, 27-Jul-2026,38.74,38.3,39.49,38.3,39.08,39.1,39.07,58842,22.99,1858,38466,65.37
BSHSL, BE, 27-Jul-2026,87,87,87,84.8,86.9,86.12,85.92,2479,2.13,59, -, -
BSL, EQ, 27-Jul-2026,124.74,124.74,127.49,124.1,125.1,124.95,125.67,2714,3.41,79,1434,52.84
BSLGOLDETF, EQ, 27-Jul-2026,125.49,125.49,126.43,125.49,126.11,126.09,126.17,52366,66.07,1287,34469,65.82
BSLNIFTY, EQ, 27-Jul-2026,27.88,28.57,28.57,27.5,28.12,28.18,28.17,1536042,432.64,6414,1322326,86.09
BSLSENETFG, EQ, 27-Jul-2026,76.54,77.87,77.87,77,77.5,77.51,77.39,1148,0.89,134,802,69.86
BSOFT, EQ, 27-Jul-2026,282.4,284.05,296.9,284.05,293.65,293.45,292.46,1999905,5848.83,40917,1022933,51.15
BTML, EQ, 27-Jul-2026,6.96,7.05,7.05,6.5,6.7,6.68,6.73,378521,25.46,924,150399,39.73
BTTL, BE, 27-Jul-2026,49.87,47.61,50,47.61,48.5,48.6,49.03,5569,2.73,60, -, -
BUILDPRO, EQ, 27-Jul-2026,1236.2,1236.2,1258,1205,1221,1219.3,1239.66,34679,429.9,3636,17778,51.26
BULKCORP, SM, 27-Jul-2026,57.35,59.75,59.75,59.75,59.75,59.75,59.75,1200,0.72,1,1200,100
BUTTERFLY, EQ, 27-Jul-2026,761.9,763.1,787.45,748.1,770,766.1,771.36,51425,396.67,3237,23957,46.59
BVCL, EQ, 27-Jul-2026,40.79,40.8,41.38,40.61,40.68,41.08,41,5617,2.3,85,4011,71.41
BYKE, BE, 27-Jul-2026,32.44,33.88,33.88,32,32.75,32.75,32.78,13716,4.5,64, -, -
C2C, SM, 27-Jul-2026,284.35,289.7,292.75,270.6,275.95,275.25,276.83,160500,444.32,776,92400,57.57
CALSOFT, BE, 27-Jul-2026,21.78,22.33,22.33,21.7,21.78,21.77,21.98,87908,19.32,162, -, -
CAMLINFINE, EQ, 27-Jul-2026,124.47,125.43,129.75,124.05,127.8,127.38,127.85,593377,758.64,7843,296020,49.89
CAMPUS, EQ, 27-Jul-2026,216.55,218.4,221.73,217.5,219.1,219.44,219.51,434471,953.72,7797,151737,34.92
CAMS, EQ, 27-Jul-2026,761.45,763,790,762,786,785.05,782.55,1440127,11269.72,40156,639892,44.43
CANARYS, SM, 27-Jul-2026,18.5,19.25,19.45,18.75,19.3,19.3,19.17,108000,20.71,25,88000,81.48
CANBK, EQ, 27-Jul-2026,125.65,126.5,129.7,125.78,127.01,127.26,127.76,48778366,62317.12,120692,13433105,27.54
CANFINHOME, EQ, 27-Jul-2026,813.9,818.7,838.95,808.1,816.05,812.8,820.22,373838,3066.28,19964,203549,54.45
CANHLIFE, EQ, 27-Jul-2026,147.31,147.95,148.86,144.12,144.7,145.01,146.03,488467,713.29,8469,230742,47.24
CANTABIL, EQ, 27-Jul-2026,239.83,238.6,242.29,238.01,238.83,238.41,239.26,59716,142.87,2678,35803,59.96
CAPACITE, EQ, 27-Jul-2026,212.75,215,221.75,215,218.5,218.8,218.45,352848,770.81,7327,150073,42.53
CAPILLARY, EQ, 27-Jul-2026,476.25,478.6,559.55,478.6,538,535.3,539.73,8291808,44752.97,126685,316751,3.82
CAPINVIT, IV, 27-Jul-2026,72.24,72.6,73.6,71.8,73.15,73.23,72.42,773353,560.03,9834,643287,83.18
CAPITALSFB, EQ, 27-Jul-2026,292,293.45,303,293.45,301,299.85,298.61,75000,223.96,2470,43926,58.57
CAPLIPOINT, EQ, 27-Jul-2026,2467.1,2470,2652,2470,2618.5,2621.4,2616.02,354020,9261.23,38896,108872,30.75
CAPTRUST, EQ, 27-Jul-2026,14.65,15.22,15.38,14.43,15.38,15.38,15.06,76021,11.45,173,59594,78.39
CARBORUNIV, EQ, 27-Jul-2026,1064.3,1074.9,1089.9,1055.2,1058.1,1073.1,1068.56,79889,853.66,9299,34350,43
CARERATING, EQ, 27-Jul-2026,1680,1699.9,1741,1685.5,1699.9,1700.6,1711.63,138919,2377.78,24739,90898,65.43
CARRARO, EQ, 27-Jul-2026,534,536.7,542.4,534,536.7,536.05,537.03,65915,353.98,6075,37243,56.5
CARTRADE, EQ, 27-Jul-2026,2656.4,2677,3015,2677,2977,2978.5,2921.48,3555902,103884.79,215354,686003,19.29
CARYSIL, EQ, 27-Jul-2026,1125.7,1161.6,1169,1141,1157,1154.1,1155.21,43284,500.02,4451,20350,47.02
CASHIETF, EQ, 27-Jul-2026,1072.47,1099.28,1099.28,1072.59,1072.59,1072.59,1072.6,446572,4789.91,252,340305,76.2
CASTROLIND, EQ, 27-Jul-2026,184.79,185.09,185.64,184.05,184.14,184.32,184.32,1187995,2189.75,11501,835456,70.32
CCAVENUE, EQ, 27-Jul-2026,16.34,16.55,17.06,16.55,16.73,16.73,16.75,7999020,1339.85,11201,2924022,36.55
CCCL, EQ, 27-Jul-2026,15.88,15.99,16.08,15.45,15.83,15.74,15.78,424342,66.96,971,297043,70
CCHHL, EQ, 27-Jul-2026,12.74,12.46,12.85,12.46,12.75,12.69,12.76,12626,1.61,100,11477,90.9
CCL, EQ, 27-Jul-2026,1183.6,1184,1202.6,1168.2,1174.7,1174.4,1185.37,138419,1640.78,18874,65223,47.12
CDSL, EQ, 27-Jul-2026,1333.1,1345.1,1349,1326,1327.5,1329,1334.77,835504,11152.07,30331,323141,38.68
CEATLTD, EQ, 27-Jul-2026,3328.6,3389,3389,3354.1,3370,3369.7,3371.9,65031,2192.78,10089,29963,46.07
CEDAAR, ST, 27-Jul-2026,18.1,18,18.6,17.2,17.5,17.45,17.59,21000,3.69,14,21000,100
CEIGALL, EQ, 27-Jul-2026,337.1,338.85,341.2,333.45,336,335.8,336.47,228583,769.12,9765,130639,57.15
CEINSYS, EQ, 27-Jul-2026,870.05,889.95,900,857,859,858.6,869.19,67485,586.57,2708,46152,68.39
CELEBRITY, EQ, 27-Jul-2026,7.04,7.37,7.37,6.95,6.98,6.99,7.11,15600,1.11,115,11342,72.71
CELLECOR, ST, 27-Jul-2026,33.7,33.7,34.35,33.05,34,33.65,33.79,60000,20.27,18,54000,90
CELLO, EQ, 27-Jul-2026,344.3,348.25,349.35,343,344.5,345.05,346.15,140965,487.95,7072,63713,45.2
CELLPOINT, SM, 27-Jul-2026,20.05,20.05,21.1,20.05,20.05,20.05,20.59,12000,2.47,10,10800,90
CEMPRO, EQ, 27-Jul-2026,1441,1382,1440.5,1369,1369,1369,1385.34,558725,7740.25,16313,316839,56.71
CENTENKA, EQ, 27-Jul-2026,574.2,577,597,575.1,577,577.8,586.79,117955,692.14,4061,64975,55.08
CENTEXT, EQ, 27-Jul-2026,18.95,18.92,19.07,18.61,18.7,18.7,18.82,53987,10.16,555,37654,69.75
CENTRALBK, EQ, 27-Jul-2026,31.03,31.3,31.61,31.16,31.27,31.25,31.32,7486343,2345.08,14677,3694626,49.35
CENTRUM, EQ, 27-Jul-2026,23.66,23.69,24,22.98,23.12,23.15,23.28,250326,58.28,1618,141017,56.33
CENTUM, EQ, 27-Jul-2026,3593.8,3600,3669.4,3490,3509.9,3503.1,3545.27,33847,1199.97,8573,19259,56.9
CENTURYPLY, EQ, 27-Jul-2026,792.2,808,808,785.25,786.1,792.65,793.3,37113,294.42,5526,24575,66.22
CERA, EQ, 27-Jul-2026,6017,6019.5,6232.5,6019.5,6225,6205.5,6156,9821,604.58,3026,5223,53.18
CEREBRAINT, BZ, 27-Jul-2026,2.99,3.11,3.11,2.9,3.01,3,3.03,37270,1.13,79, -, -
CESC, EQ, 27-Jul-2026,163.18,163.51,165.32,161.65,162.44,162.32,163.22,766356,1250.85,12823,385856,50.35
CEWATER, EQ, 27-Jul-2026,298.35,302.8,305.4,289,291.9,291.5,295.39,99000,292.43,6527,47192,47.67
CGCL, EQ, 27-Jul-2026,238.23,242,246.01,238.04,245.8,244.27,242.11,2052332,4968.93,25559,932305,45.43
CGPOWER, EQ, 27-Jul-2026,867.7,871.8,885,867.7,877.4,877.3,874.98,4921275,43060.1,84729,2517852,51.16
CGRAPHICS, SM, 27-Jul-2026,130,130,131.4,123.95,126.45,125.45,127.33,44800,57.05,51,30400,67.86
CHALET, EQ, 27-Jul-2026,814.4,818.95,847.85,818.95,847.1,846.5,838.89,81960,687.56,7497,47034,57.39
CHAMBLFERT, EQ, 27-Jul-2026,431,434.2,441.2,433.05,441.1,439.7,437.78,240525,1052.98,10111,108013,44.91
CHAMUNDA, SM, 27-Jul-2026,44.95,45.8,45.8,45.8,45.8,45.8,45.8,3000,1.37,1,3000,100
CHANDAN, SM, 27-Jul-2026,230,231,235.5,225,225,226.45,228.37,22400,51.15,26,19200,85.71
CHAVDA, SM, 27-Jul-2026,123.05,127.95,127.95,124.15,126.85,126.55,125.91,33000,41.55,32,23000,69.7
CHEMBOND, BE, 27-Jul-2026,174.25,177.75,177.79,170,172.25,171.85,171.4,3054,5.23,101, -, -
CHEMBONDCH, BE, 27-Jul-2026,247.44,252.4,252.95,239.08,240.2,240.62,242.93,5294,12.86,120, -, -
CHEMCON, BE, 27-Jul-2026,176.53,176.53,182.3,175.5,178.97,177.98,178.48,23751,42.39,188, -, -
CHEMFAB, BE, 27-Jul-2026,366.1,366.1,378.4,350,377,377,365.63,4898,17.91,47, -, -
CHEMICAL, EQ, 27-Jul-2026,30.18,30.93,30.93,30.29,30.61,30.54,30.44,412980,125.7,1143,270688,65.55
CHEMPLASTS, EQ, 27-Jul-2026,202.29,203.5,209.49,203.5,206.9,206.98,206.8,193300,399.74,4043,76425,39.54
CHENNPETRO, EQ, 27-Jul-2026,1214.8,1230,1232,1162.8,1171,1168.8,1178.96,1629065,19205.96,53531,685204,42.06
CHETANA, ST, 27-Jul-2026,47.8,48.95,48.95,46.65,46.65,46.65,47.65,8000,3.81,5,8000,100
CHEVIOT, EQ, 27-Jul-2026,1153.6,1155,1170,1146.1,1158.2,1161.1,1161.38,2113,24.54,416,1253,59.3
CHOICEGOLD, EQ, 27-Jul-2026,141.55,141.55,143,141.05,142.14,142.25,142.14,4401,6.26,143,2124,48.26
CHOICEIN, EQ, 27-Jul-2026,797.15,801,811.65,798,800,800,803.26,505379,4059.51,7307,151084,29.9
CHOLAFIN, EQ, 27-Jul-2026,1724.4,1744,1804.5,1743.8,1783.5,1785.2,1784.34,1963093,35028.16,60801,1159092,59.04
CHOLAHLDNG, EQ, 27-Jul-2026,1516.7,1529.7,1563.9,1521.5,1521.9,1526.5,1537.37,107079,1646.21,10457,56944,53.18
CIEINDIA, EQ, 27-Jul-2026,413.75,417,423,410.45,413.95,413.4,413.83,411200,1701.68,18803,180328,43.85
CIFL, EQ, 27-Jul-2026,20.05,21.34,21.34,19.56,20.17,20.12,20.25,58357,11.82,470,32291,55.33
CINELINE, EQ, 27-Jul-2026,86.71,87.39,87.87,80.25,81.7,82.29,84.11,82731,69.59,1070,34300,41.46
CINEVISTA, EQ, 27-Jul-2026,15.29,15.29,15.89,15.1,15.16,15.32,15.43,16198,2.5,94,9779,60.37
CIPLA, EQ, 27-Jul-2026,1410.6,1412.6,1418.1,1392.8,1415,1409.4,1407.14,1162030,16351.37,36018,542978,46.73
CITIUSINVT, IV, 27-Jul-2026,108.48,109.9,109.93,109.02,109.1,109.26,109.38,18026,19.72,526,13893,77.07
CKKRETAIL, SM, 27-Jul-2026,130,130,130,130,130,130,130,800,1.04,1,800,100
CLASSICEIL, ST, 27-Jul-2026,60,59,59,59,59,59,59,1600,0.94,1,1600,100
CLAYCRAFT, SM, 27-Jul-2026,170.2,171,171,166,171,170.2,169.06,27600,46.66,38,25800,93.48
CLCIND, BE, 27-Jul-2026,54.05,56.75,56.75,54.05,56.75,56.75,55.65,18298,10.18,73, -, -
CLEAN, EQ, 27-Jul-2026,721,730.05,737,726.55,728.2,728.3,731.57,79303,580.16,7729,38670,48.76
CLEANMAX, EQ, 27-Jul-2026,1456.9,1447.1,1456.3,1419.6,1431.1,1439,1439.85,111773,1609.36,12786,48143,43.07
CLEDUCATE, BE, 27-Jul-2026,60.9,61.01,61.01,57.86,57.86,57.86,58.04,25983,15.08,123, -, -
CLSEL, EQ, 27-Jul-2026,279.8,280.9,287.8,276,276,279.3,280.29,19609,54.96,926,8437,43.03
CLSL, SM, 27-Jul-2026,61,61.9,66.5,61.9,64,64.1,64.06,44000,28.19,22,42000,95.45
CMICABLES, BZ, 27-Jul-2026,2.98,2.98,3,2.84,2.84,2.84,2.9,6384,0.19,24, -, -
CMLL, EQ, 27-Jul-2026,528.2,535,624.4,523.45,580,570.55,583.62,25880974,151045.44,385088,2077262,8.03
CMNL, SM, 27-Jul-2026,105,100,105,99.95,105,103.15,102.38,48750,49.91,28,41250,84.62
CMPDI, EQ, 27-Jul-2026,248.43,251.65,254.9,247.1,253.49,253.45,251.75,1341702,3377.79,15143,495221,36.91
CMRGREEN, EQ, 27-Jul-2026,218.05,220.5,226.5,217.25,219,219.1,221.63,755516,1674.46,11339,332673,44.03
CMRSL, SM, 27-Jul-2026,62,65,65.1,65,65.1,65.1,65.08,4800,3.12,4,4800,100
CMSINFO, EQ, 27-Jul-2026,273.9,278,278,272,272.4,272.6,274.11,179511,492.05,6106,100106,55.77
CNL, EQ, 27-Jul-2026,987,1029.95,1080.25,983,1045,1019.9,1015.45,2031199,20625.8,70115,136431,6.72
COALINDIA, EQ, 27-Jul-2026,427.4,429.5,431,425.75,427,427.5,429.17,5241433,22494.53,66750,3099204,59.13
COASTCORP, EQ, 27-Jul-2026,49.93,49,51,48.76,50,50.07,50.25,91336,45.9,584,70336,77.01
COCHINSHIP, EQ, 27-Jul-2026,1392.4,1398.6,1406.8,1387.1,1400.8,1402.3,1397.96,847899,11853.27,25444,331964,39.15
COCKERILL, EQ, 27-Jul-2026,8937.5,8965,9159,8774,8892,8859.5,8982.31,3922,352.29,1402,1803,45.97
COFFEEDAY, BE, 27-Jul-2026,30.24,30.6,30.89,30.2,30.3,30.39,30.4,240799,73.2,624, -, -
COFORGE, EQ, 27-Jul-2026,1484.7,1495.5,1538.2,1489.4,1531,1528.4,1520.78,3779933,57484.39,78729,2181894,57.72
COHANCE, EQ, 27-Jul-2026,417.1,425,436.5,419.15,426,428,428.18,505417,2164.11,18237,234228,46.34
COLPAL, EQ, 27-Jul-2026,2086.1,2088.8,2156,2088.8,2135.2,2136.6,2133.32,381885,8146.84,25706,158412,41.48
COMFINTE, EQ, 27-Jul-2026,5.44,5.57,5.58,5.38,5.41,5.4,5.46,103097,5.63,311,71159,69.02
COMMITTED, ST, 27-Jul-2026,339,342,342,330,330,330,337.33,2400,8.1,3,1600,66.67
COMMOIETF, EQ, 27-Jul-2026,99.62,101.6,101.6,99.62,99.69,99.85,99.78,42678,42.58,1120,26303,61.63
COMPINFO, BZ, 27-Jul-2026,1.16,1.16,1.19,1.12,1.18,1.17,1.15,9976,0.11,16, -, -
COMPUSOFT, EQ, 27-Jul-2026,13.33,13.46,13.46,13.06,13.24,13.22,13.23,9171,1.21,130,5170,56.37
COMSYN, EQ, 27-Jul-2026,178.52,179,183.7,173.2,177.9,174.48,176.32,71832,126.65,1742,36417,50.7
CONCOR, EQ, 27-Jul-2026,477.55,470,515.3,469.95,510,510.5,504.97,13227175,66792.71,187557,4259417,32.2
CONCORDBIO, EQ, 27-Jul-2026,1248.5,1255.2,1275.3,1244.5,1266,1256.4,1254.49,79408,996.17,7962,41832,52.68
CONFIPET, EQ, 27-Jul-2026,78.3,79.4,83,78.02,80.89,81.04,81.19,8619919,6998.25,48448,2971341,34.47
CONNPLEX, SM, 27-Jul-2026,203.55,210,210,204.05,204.05,204.75,206.35,7200,14.86,9,4000,55.56
CONS, EQ, 27-Jul-2026,12.08,12.19,12.26,12.14,12.26,12.24,12.19,85874,10.47,148,51635,60.13
CONSOFINVT, BE, 27-Jul-2026,286.42,285,290,280,285,285,285.33,6283,17.93,75, -, -
CONSUMAXIS, EQ, 27-Jul-2026,120.3,122,122.24,121.65,122.12,122.17,121.99,317,0.39,28,223,70.35
CONSUMBEES, EQ, 27-Jul-2026,130.19,130.01,132.45,130,132.3,132.26,132.06,129495,171.01,988,74691,57.68
CONSUMER, EQ, 27-Jul-2026,11.6,11.6,11.81,11.6,11.81,11.8,11.77,189276,22.29,393,153732,81.22
CONSUMIETF, EQ, 27-Jul-2026,121.14,121.76,123.27,121.76,123.25,123.07,122.89,22849,28.08,358,12418,54.35
CONTI, SM, 27-Jul-2026,10.45,10.45,10.45,10.45,10.45,10.45,10.45,3333,0.35,1,3333,100
CONTROLPR, EQ, 27-Jul-2026,590.55,590,598.95,588.75,592,592,591.53,50615,299.4,2801,32677,64.56
COOLCAPS, ST, 27-Jul-2026,20.15,20.95,20.95,19.7,20.65,20.5,20.27,48750,9.88,29,46250,94.87
CORALFINAC, EQ, 27-Jul-2026,32.5,32.66,34.7,32.22,32.67,33.65,33.37,22993,7.67,269,15466,67.26
CORDELIA, EQ, 27-Jul-2026,806.4,820.5,840.7,812,816,820.7,825.06,182658,1507.04,7785,50893,27.86
CORDSCABLE, BE, 27-Jul-2026,203.66,203.66,208.99,202,204.5,204.57,205.28,11767,24.16,169, -, -
COROMANDEL, EQ, 27-Jul-2026,1980.8,1990.5,2011,1983,2003,2003.8,2002.96,85074,1704,8250,47128,55.4
CORONA, EQ, 27-Jul-2026,2113,2126.8,2140,2086.6,2099,2098.2,2111.58,20186,426.24,4646,10318,51.11
COSMOFIRST, EQ, 27-Jul-2026,881,881,919.8,870,905,909.2,902.13,162543,1466.35,8438,79475,48.89
COUNCODOS, EQ, 27-Jul-2026,6.4,6.41,6.6,6.21,6.31,6.32,6.35,58858,3.74,147,51099,86.82
CPCAP, BE, 27-Jul-2026,108.49,108,110,106.25,108.3,108.33,108.51,10724,11.64,61, -, -
CPEDU, EQ, 27-Jul-2026,186.47,188.3,210,188.3,196.5,197.32,199.75,61588,123.02,1275,22924,37.22
CPL, EQ, 27-Jul-2026,69.84,71,75.74,70.2,70.31,70.81,71.06,16526,11.74,377,6348,38.41
CPPLUS, EQ, 27-Jul-2026,3543.4,3539.1,3685,3495,3556.1,3557.8,3586.86,134944,4840.25,17309,69657,51.62
CPS, SM, 27-Jul-2026,1039.5,1039,1039,1030,1030,1030,1034.5,300,3.1,2,300,100
CPSEETF, EQ, 27-Jul-2026,96.23,96.99,96.99,95.9,95.93,96.06,96.2,524348,504.43,7990,298724,56.97
CRAFTSMAN, EQ, 27-Jul-2026,9284,9312,9414.5,9293.5,9379,9327,9330.85,16833,1570.66,4854,8210,48.77
CRAMC, EQ, 27-Jul-2026,259.95,260.99,264.57,260.99,263,262.87,262.96,382782,1006.55,11124,150707,39.37
CRAYONS, SM, 27-Jul-2026,24.05,24.05,25.25,24.05,25.25,25.25,24.6,3000,0.74,3,3000,100
CREATIVEYE, EQ, 27-Jul-2026,6.66,6.99,6.99,6.05,6.48,6.37,6.55,106526,6.98,412,58641,55.05
CREDITACC, EQ, 27-Jul-2026,1517.6,1585.5,1614,1550.1,1598.9,1591.1,1590.56,3825382,60845,183934,998293,26.1
CREST, EQ, 27-Jul-2026,377.7,389,389,368.1,375,375,370.75,8217,30.46,210,7081,86.18
CRISIL, EQ, 27-Jul-2026,4347.2,4350,4502.9,4347.2,4490,4486.3,4466.83,59947,2677.73,13254,28774,48
CRIZAC, EQ, 27-Jul-2026,184.44,185.9,195.99,185.15,195.21,194.98,191.47,612160,1172.1,14263,281262,45.95
CROMPTON, EQ, 27-Jul-2026,250.15,252.1,252.15,248.05,249,249.1,249.49,2359921,5887.72,30409,1327807,56.26
CROWN, EQ, 27-Jul-2026,114.38,116,117.87,112.15,112.3,112.51,113.97,14628,16.67,271,10653,72.83
CSBBANK, EQ, 27-Jul-2026,340.9,341.2,346.55,336,337,337.25,340.06,489401,1664.27,14150,262125,53.56
CSLFINANCE, EQ, 27-Jul-2026,213.84,219,219,215,217.25,217.24,216.85,12113,26.27,388,8608,71.06
CSM, EQ, 27-Jul-2026,99.62,99.62,100.5,99,99.5,99.54,99.65,178019,177.39,1387,135403,76.06
CSSL, SM, 27-Jul-2026,95,96,101.5,96,98,98,99.15,11000,10.91,11,8000,72.73
CTE, EQ, 27-Jul-2026,31.5,31.01,32.68,30.5,32,31.96,31.53,8441,2.66,74,5911,70.03
CUB, EQ, 27-Jul-2026,219.75,221,226.99,220.6,220.99,221.45,222.84,1372673,3058.83,22711,727865,53.03
CUBEINVIT, IV, 27-Jul-2026,155,155,155,155,155,155,155,25000,38.75,1,25000,100
CUBEXTUB, EQ, 27-Jul-2026,76.99,77.8,78.98,77.01,77.35,77.43,77.87,35436,27.59,642,17561,49.56
CUDML, ST, 27-Jul-2026,135.4,135.4,135.4,135.4,135.4,135.4,135.4,3000,4.06,2,3000,100
CUMMINSIND, EQ, 27-Jul-2026,5600.5,5643.5,5649.5,5589.5,5630,5629.5,5617.96,343112,19275.89,21476,244484,71.25
CUPID, EQ, 27-Jul-2026,213.43,214.56,222,213.75,221.8,221.46,219.38,24777700,54356.89,117455,8601787,34.72
CURAA, EQ, 27-Jul-2026,71.37,71.99,72.64,67.41,72.64,72.62,72.21,243,0.18,18,131,53.91
CYBERMEDIA, BE, 27-Jul-2026,15.5,15.5,16.17,15.01,15.45,15.93,15.82,36998,5.85,101, -, -
CYBERTECH, BE, 27-Jul-2026,141.94,143.99,143.99,137.6,140,138.85,139.72,15320,21.4,243, -, -
CYIENT, EQ, 27-Jul-2026,840.05,842,844.9,822,822.5,825.2,830.44,559577,4646.95,27214,294915,52.7
CYIENTDLM, EQ, 27-Jul-2026,670.45,680,681.55,652.55,666.75,665.05,662.88,315550,2091.71,13758,122107,38.7
DABUR, EQ, 27-Jul-2026,423.2,425.6,429.05,424.5,427.35,427.35,427.41,853775,3649.13,16552,487461,57.09
DAICHI, BE, 27-Jul-2026,304.8,309.85,309.85,302.2,302.5,302.5,303.84,299,0.91,18, -, -
DALBHARAT, EQ, 27-Jul-2026,1810.8,1730.6,1831.9,1683,1822.7,1826.5,1810.3,305803,5535.95,24938,97577,31.91
DALMIASUG, EQ, 27-Jul-2026,361.95,361.4,366.95,357.6,359.65,358.5,359.95,43852,157.84,1697,16050,36.6
DAMCAPITAL, EQ, 27-Jul-2026,157.88,159.3,160.98,155.35,156.7,156.86,157.73,575685,908.01,7855,295953,51.41
DAMODARIND, BE, 27-Jul-2026,28.84,28.84,28.84,28,28,28,28.1,814,0.23,18, -, -
DANGEE, EQ, 27-Jul-2026,2.95,2.95,3.03,2.88,2.94,2.92,2.93,44359,1.3,142,35350,79.69
DANISH, SM, 27-Jul-2026,823.75,827.75,844.95,812,827.5,821.75,822.66,29700,244.33,142,21750,73.23
DATAMATICS, EQ, 27-Jul-2026,821.5,835.95,857,828.1,855,854.8,848.84,85941,729.5,4714,41969,48.83
DATAPATTNS, EQ, 27-Jul-2026,4584.5,4600,4686,4540,4581,4578.9,4613.78,657193,30321.45,57683,116177,17.68
DAVANGERE, EQ, 27-Jul-2026,3.42,3.48,3.51,3.27,3.3,3.3,3.36,13131742,440.76,4498,7023319,53.48
DBCORP, EQ, 27-Jul-2026,208.75,211.5,211.94,206.45,208.1,208.29,208.68,167446,349.42,4462,83302,49.75
DBEIL, BE, 27-Jul-2026,7.42,7.5,7.62,7.2,7.44,7.39,7.4,76612,5.67,314, -, -
DBL, EQ, 27-Jul-2026,420.25,414.6,444.9,414.6,440,443.65,436.86,2647147,11564.45,40665,394774,14.91
DBOL, EQ, 27-Jul-2026,102.09,102.3,104.49,98.82,102,102.3,101.49,63340,64.29,870,39596,62.51
DBREALTY, BE, 27-Jul-2026,112.5,113.9,115.5,112.2,112.5,113.85,113.95,272338,310.32,850, -, -
DBSTOCKBRO, BE, 27-Jul-2026,34.38,33.8,35,33.49,33.5,33.75,33.77,10914,3.69,49, -, -
DCAL, EQ, 27-Jul-2026,183.58,183.9,188.84,183.9,187.3,186.11,186.61,190451,355.41,4830,92920,48.79
DCBBANK, EQ, 27-Jul-2026,186.24,193.16,204.74,189.74,191.4,190.26,196.32,10927140,21452.07,94576,2568624,23.51
DCCL, SM, 27-Jul-2026,51,51,51,51,51,51,51,10000,5.1,1,10000,100
DCG, SM, 27-Jul-2026,53.45,52.65,53.55,52.65,53.55,53.55,53.23,3600,1.92,3,2400,66.67
DCI, EQ, 27-Jul-2026,287.85,287.85,299.55,287.85,287.85,288.7,295.08,40862,120.57,937,8196,20.06
DCM, BE, 27-Jul-2026,88.9,86.4,88,86.4,87,87,87.14,3941,3.43,55, -, -
DCMFINSERV, EQ, 27-Jul-2026,5.02,5.51,5.51,5.07,5.16,5.26,5.23,2305,0.12,29,1870,81.13
DCMNVL, BE, 27-Jul-2026,143.53,141,145,141,145,145,144.25,6099,8.8,39, -, -
DCMSHRIRAM, EQ, 27-Jul-2026,1005.8,1016.6,1035.9,1012.6,1033.8,1032.9,1028.48,23674,243.48,4304,13859,58.54
DCMSIL, BE, 27-Jul-2026,79.77,78.6,78.6,78.6,78.6,78.6,78.6,60190,47.31,138, -, -
DCMSRIND, EQ, 27-Jul-2026,39.86,41,41,39.15,40.39,39.81,40.16,66805,26.83,817,31530,47.2
DCW, EQ, 27-Jul-2026,46.23,46.8,47.32,46.61,47.01,47.17,47.05,409937,192.86,2022,174925,42.67
DCXINDIA, EQ, 27-Jul-2026,180.68,182.45,184.03,181.47,182.67,182.98,182.73,311198,568.66,4626,138564,44.53
DDEVPLSTIK, EQ, 27-Jul-2026,275.65,277,281.8,273.1,276.8,275.45,278.03,109584,304.68,5192,63277,57.74
DECCANCE, EQ, 27-Jul-2026,553.65,576.9,576.9,542,542,545.3,548.32,19411,106.43,852,15279,78.71
DECCANTRAN, SM, 27-Jul-2026,22.5,22.35,23.95,22.35,23.95,23.4,23.06,20400,4.71,10,19200,94.12
DECNGOLD, EQ, 27-Jul-2026,194.52,194,200.6,194,197.49,197,197.58,1053771,2081.99,11179,411159,39.02
DEEDEV, BE, 27-Jul-2026,653.45,653.45,686.1,653.45,686.1,682.65,680.29,58774,399.83,1347, -, -
DEEPAKFERT, EQ, 27-Jul-2026,1573.2,1578.2,1641.9,1557.1,1629.9,1634.5,1606.01,326561,5244.6,19620,143677,44
DEEPAKNTR, EQ, 27-Jul-2026,1649.6,1664,1698.8,1659,1681.2,1678.9,1680.89,95397,1603.52,11906,36433,38.19
DEEPINDS, EQ, 27-Jul-2026,479.6,479.6,529.45,479.6,516.8,516.45,516.3,1633199,8432.19,40064,352024,21.55
DEFENCE, EQ, 27-Jul-2026,77.94,77.94,78.95,77.94,78.49,78.58,78.42,106924,83.85,494,81315,76.05
DELAPLEX, SM, 27-Jul-2026,96.3,101,101,95,95,95.55,98.34,5400,5.31,6,4800,88.89
DELHIVERY, EQ, 27-Jul-2026,462.55,466,471.3,461.45,469.9,470,467.12,2718387,12698.05,53005,1584660,58.29
DELPHIFX, BE, 27-Jul-2026,6.87,6.87,7.14,6.62,7.12,7.06,6.9,144292,9.95,242, -, -
DELTACORP, EQ, 27-Jul-2026,62.99,63.19,63.93,62.55,62.57,62.71,63.05,649761,409.7,3364,372781,57.37
DELTAMAGNT, EQ, 27-Jul-2026,55.83,55.83,59.7,55.83,58.36,56.22,56.31,1864,1.05,65,1126,60.41
DELTIC, SM, 27-Jul-2026,36.8,36.95,36.95,33.65,35.2,35.2,35.54,17000,6.04,17,10000,58.82
DEN, EQ, 27-Jul-2026,27.16,27.2,27.7,27.1,27.39,27.37,27.36,247039,67.59,1461,126773,51.32
DENEERS, SM, 27-Jul-2026,194.65,195.2,197.95,184.5,196.9,190.35,189.15,13200,24.97,18,7800,59.09
DENORA, EQ, 27-Jul-2026,852.55,868.8,894.3,861,879.4,871.05,880.85,4116,36.26,611,2336,56.75
DENTA, EQ, 27-Jul-2026,336.65,342.5,343.65,331.4,334.9,333.85,335.5,146523,491.58,4536,60585,41.35
DENTALKART, SM, 27-Jul-2026,425.45,436.5,437.95,427.5,435,431.6,432.53,9000,38.93,33,5500,61.11
DEVIT, EQ, 27-Jul-2026,26.07,26,26.8,26,26.01,26.08,26.23,21903,5.74,248,14859,67.84
DEVX, EQ, 27-Jul-2026,33.9,33.23,35.05,33.23,34.15,34.16,34.07,29916,10.19,200,25033,83.68
DEVYANI, EQ, 27-Jul-2026,112.3,113.3,117.1,112.61,116.35,116.06,115.95,4449216,5159.06,28724,2273195,51.09
DGCONTENT, EQ, 27-Jul-2026,24.1,24.62,25.43,24.03,24.99,24.99,24.96,28749,7.18,60,25283,87.94
DHAMPURSUG, EQ, 27-Jul-2026,142.12,142.25,144.4,140.65,144,143.61,142.71,145357,207.44,2239,72629,49.97
DHANBANK, EQ, 27-Jul-2026,34.29,34.3,35.9,34.12,35.35,35.4,35.23,3148881,1109.25,8801,1044296,33.16
DHANLAXMI, SM, 27-Jul-2026,24.25,25.55,25.55,24,25.4,25.4,24.81,14000,3.47,7,10000,71.43
DHANSA, SM, 27-Jul-2026,20.65,20.3,20.3,20.3,20.3,20.3,20.3,2000,0.41,1,2000,100
DHANUKA, EQ, 27-Jul-2026,1013.3,1019.9,1023.3,990.2,996,996.2,997.78,90838,906.36,6807,61862,68.1
DHARAN, BZ, 27-Jul-2026,0.15,0.16,0.16,0.15,0.16,0.15,0.15,7908744,12.26,1077, -, -
DHARARAIL, ST, 27-Jul-2026,130,130,131.95,130,131.95,131.95,131.3,3000,3.94,3,3000,100
DHARIWAL, SM, 27-Jul-2026,32.8,32.8,32.8,32.8,32.8,32.8,32.8,3000,0.98,1,3000,100
DHARMAJ, EQ, 27-Jul-2026,260.95,261.1,264.2,258,260,260.15,259.69,17825,46.29,1191,11481,64.41
DHRUV, BE, 27-Jul-2026,24.49,24.3,25.4,23.8,24,23.99,24.17,11666,2.82,36, -, -
DHUNINV, EQ, 27-Jul-2026,864.7,866,897,860,860,867.5,872.79,633,5.52,91,472,74.57
DIACABS, EQ, 27-Jul-2026,295.15,309.9,309.9,298.1,305.8,307.17,305.02,8209562,25040.86,53090,2972474,36.21
DIAMINESQ, EQ, 27-Jul-2026,246.9,250.74,252.78,246.42,247.6,247.84,250.4,1824,4.57,100,1347,73.85
DIAMONDYD, EQ, 27-Jul-2026,1111.4,1111.4,1122.8,1080.5,1080.5,1097.6,1103.03,17731,195.58,1589,10502,59.23
DICIND, EQ, 27-Jul-2026,517.5,524,524,499,500,502.2,506.01,2888,14.61,161,2658,92.04
DIFFNKG, EQ, 27-Jul-2026,395.35,401.15,408,394.3,405.95,404.05,402.47,76782,309.03,3417,35026,45.62
DIGIDRIVE, EQ, 27-Jul-2026,17.95,17.95,18.64,17.65,17.89,17.83,17.87,9965,1.78,95,7222,72.47
DIGIKORE, SM, 27-Jul-2026,50.6,50.5,50.5,46.9,48.25,48.4,48.13,152800,73.55,256,91600,59.95
DIGISPICE, BE, 27-Jul-2026,18.79,18.69,19.23,18,18.05,18.16,18.24,104975,19.15,290, -, -
DIGITIDE, EQ, 27-Jul-2026,101.22,100.61,102.38,100,100.55,100.72,101.3,228422,231.39,2893,71154,31.15
DIGJAMLMTD, EQ, 27-Jul-2026,40.4,40.4,43.48,39.2,42.8,42.97,40.78,135836,55.4,488,64661,47.6
DIL, BZ, 27-Jul-2026,0.8,0.78,0.84,0.76,0.81,0.81,0.8,467721,3.73,371, -, -
DISAQ, EQ, 27-Jul-2026,12110,12296,12297,12094,12195,12191,12170.85,516,62.8,379,117,22.67
DISHTV, BE, 27-Jul-2026,2.82,2.82,2.92,2.75,2.88,2.87,2.85,1134555,32.32,1100, -, -
DIVGIITTS, EQ, 27-Jul-2026,945.6,958,974.95,930,955.2,962.35,962.27,25653,246.85,2795,9883,38.53
DIVIDEND, EQ, 27-Jul-2026,35.1,35.34,35.5,35.31,35.49,35.48,35.42,4051,1.43,59,2877,71.02
DIVINEHIRA, ST, 27-Jul-2026,107.45,111,111,106,107.8,106.35,107.64,10800,11.63,9,6000,55.56
DIVISLAB, EQ, 27-Jul-2026,7248.5,7222,7459,7220.5,7440,7414,7374.96,544701,40171.47,54383,285601,52.43
DIVOPPBEES, EQ, 27-Jul-2026,77.01,78.55,78.55,76.16,77.62,77.48,77.43,61486,47.61,871,32566,52.96
DIVYADHAN, ST, 27-Jul-2026,54.8,53.75,53.75,53.75,53.75,53.75,53.75,2000,1.08,1,2000,100
DIXON, EQ, 27-Jul-2026,13846,13951,14021,13741,13780,13810,13887.07,205726,28569.3,37508,53040,25.78
DJML, EQ, 27-Jul-2026,114.39,115.75,115.94,112.66,114.8,114.49,114.7,367828,421.89,3599,85921,23.36
DKEGL, SM, 27-Jul-2026,65.9,65.95,65.95,65.95,65.95,65.95,65.95,1500,0.99,1,1500,100
DLF, EQ, 27-Jul-2026,645.2,647.1,651.95,641.9,651.5,650.9,647.53,2658172,17212.55,34213,1216729,45.77
DLINKINDIA, EQ, 27-Jul-2026,452.2,456,456.9,445.1,446,447.65,450.41,77120,347.36,3068,39428,51.13
DMART, EQ, 27-Jul-2026,4018.8,4030,4074.1,4013,4019,4027.7,4042.95,384728,15554.36,40700,186771,48.55
DMCC, EQ, 27-Jul-2026,272.75,275.75,279,265.6,271.7,271.05,273.43,29552,80.8,1100,14421,48.8
DNAMEDIA, EQ, 27-Jul-2026,2.79,2.68,2.9,2.68,2.84,2.83,2.81,10753,0.3,71,8197,76.23
DODLA, EQ, 27-Jul-2026,1061.2,1025,1043.9,1019.1,1031,1031.9,1033.26,55675,575.27,5876,21487,38.59
DOLATALGO, EQ, 27-Jul-2026,68.76,68.85,69.75,68.2,68.3,68.39,68.7,51681,35.51,780,31321,60.6
DOLLAR, EQ, 27-Jul-2026,258,260,261.9,257,257,257.7,259.4,103287,267.93,5414,63913,61.88
DOLLEX, SM, 27-Jul-2026,29.65,30.3,30.3,29,30.25,29.85,29.85,12000,3.58,3,8000,66.67
DOLPHIN, EQ, 27-Jul-2026,376.95,374,382.65,370,377.2,379.15,378.27,6399,24.21,465,3846,60.1
DOMS, EQ, 27-Jul-2026,2221,2230,2279.7,2230,2260,2263.5,2263.67,42006,950.88,3788,32326,76.96
DONEAR, EQ, 27-Jul-2026,85.79,85,86.98,84.22,86.27,86.18,85.57,9061,7.75,319,5106,56.35
DPABHUSHAN, EQ, 27-Jul-2026,1328.05,1347.85,1445,1316.25,1421,1412.35,1400.54,96545,1352.15,9545,24057,24.92
DPEL, SM, 27-Jul-2026,565.8,572,573.45,565.1,570,567.95,569.56,15500,88.28,31,11000,70.97
DPSCLTD, BE, 27-Jul-2026,7.17,7.31,7.32,7.05,7.2,7.17,7.16,62084,4.45,426, -, -
DPWIRES, BE, 27-Jul-2026,165.18,165.2,169.99,163,168,167.86,166.6,6372,10.62,141, -, -
DRAGARWQ, EQ, 27-Jul-2026,5021.5,5021.5,5075,4990,5050,5041.5,5032.36,476,23.95,171,299,62.82
DRCSYSTEMS, EQ, 27-Jul-2026,13.41,13.27,13.69,13.21,13.61,13.58,13.4,24048,3.22,193,14073,58.52
DREAMFOLKS, EQ, 27-Jul-2026,67.03,66.4,68.5,66.4,67,67.54,67.53,28055,18.95,582,14986,53.42
DREDGECORP, EQ, 27-Jul-2026,1003.3,1015,1075.9,1003.2,1070,1064.9,1052.76,219789,2313.84,15630,100930,45.92
DRONE, ST, 27-Jul-2026,39.9,40.7,40.7,39.15,40,40,39.46,11000,4.34,17,10500,95.45
DRREDDY, EQ, 27-Jul-2026,1151.7,1154.7,1159.3,1147.2,1151,1150.8,1151.95,1053461,12135.34,47835,490685,46.58
DSFCL, BE, 27-Jul-2026,27.93,27.99,27.99,27.38,27.38,27.38,27.82,25876,7.2,55, -, -
DSSL, EQ, 27-Jul-2026,1240.6,1270.9,1298.8,1224.1,1232.7,1231.6,1254.57,33482,420.05,3206,16018,47.84
DTIL, EQ, 27-Jul-2026,132.36,131.05,135,131.05,131.95,131.93,132.16,3038,4.02,99,2404,79.13
DUCOL, SM, 27-Jul-2026,108.9,105.05,105.05,105.05,105.05,105.05,105.05,800,0.84,1,800,100
DUCON, EQ, 27-Jul-2026,3.01,3.02,3.05,2.91,3.04,3.02,3,190189,5.7,261,158040,83.1
DUGLOBAL, SM, 27-Jul-2026,26.55,27,27.7,25.55,26,25.95,26.14,45000,11.76,17,40000,88.89
DURLAX, SM, 27-Jul-2026,50.2,50.2,52.2,50.2,51.5,51.5,51.72,18000,9.31,9,14000,77.78
DVL, EQ, 27-Jul-2026,243.97,243.97,247.58,240.01,240.25,241.21,242.35,9015,21.85,345,6107,67.74
DWARKESH, EQ, 27-Jul-2026,43.31,43.35,43.87,42.4,42.5,42.52,42.84,683323,292.7,3297,317008,46.39
DYCL, EQ, 27-Jul-2026,402.4,406,420,401.4,414.5,414.9,413.09,680337,2810.39,14837,179684,26.41
DYNAMATECH, EQ, 27-Jul-2026,10458,10507,10779,10466,10491,10546,10648.99,13287,1414.93,4591,6953,52.33
DYNPRO, EQ, 27-Jul-2026,231.33,234.9,244,230.4,243.9,238.21,236.15,15783,37.27,449,11321,71.73
E2E, EQ, 27-Jul-2026,516.7,534,542.5,534,542.5,542.5,539.6,429556,2317.88,1898,359916,83.79
E2ERAIL, ST, 27-Jul-2026,262.05,273,275.15,260,275,275,271.18,76000,206.09,67,53600,70.53
EASEMYTRIP, EQ, 27-Jul-2026,6.83,6.86,6.91,6.76,6.8,6.82,6.85,11033467,755.8,6395,3918585,35.52
EASTSILK, BE, 27-Jul-2026,55.19,56.26,56.26,52.44,55,55,55.15,503,0.28,14, -, -
EBANKNIFTY, EQ, 27-Jul-2026,57.37,57.89,57.96,57.26,57.42,57.43,57.61,342,0.2,42,180,52.63
EBBETF0430, EQ, 27-Jul-2026,1606.02,1598,1614,1598,1611,1609.85,1610.5,12830,206.63,1610,9430,73.5
EBBETF0431, EQ, 27-Jul-2026,1439.92,1441.28,1442,1437.51,1442,1441.71,1440.05,4759,68.53,71,4527,95.13
EBBETF0433, EQ, 27-Jul-2026,1310.61,1314.92,1319.99,1311.4,1319.99,1312.88,1314.96,3269,42.99,116,2173,66.47
EBGNG, EQ, 27-Jul-2026,572.35,588,595,572,584.1,587.3,582.92,343611,2002.97,12049,155338,45.21
ECAPINSURE, EQ, 27-Jul-2026,23.64,23.64,23.97,23.64,23.9,23.74,23.84,202782,48.33,311,151052,74.49
ECLERX, EQ, 27-Jul-2026,1861.5,1860,1896,1735,1805,1811.7,1802.6,436178,7862.54,42380,161206,36.96
ECOLINE, ST, 27-Jul-2026,195,192,200,192,200,196,194.12,13000,25.24,12,12000,92.31
ECOSMOBLTY, BE, 27-Jul-2026,126.9,128.6,132.95,127,132.67,131.47,128.24,83532,107.13,491, -, -
EDELWEISS, EQ, 27-Jul-2026,117.02,117.99,118.9,115.31,117.03,116.91,116.85,2138758,2499.11,23361,1033494,48.32
EDUCOMP, BZ, 27-Jul-2026,0.91,0.9,0.95,0.87,0.88,0.9,0.91,37562,0.34,100, -, -
EEPL, SM, 27-Jul-2026,100.6,101.6,108,101.6,105,104.45,105,29000,30.45,29,19000,65.52
EFACTOR, SM, 27-Jul-2026,173.2,174.5,175,174.5,175,175,174.96,8400,14.7,7,8400,100
EFCIL, EQ, 27-Jul-2026,195.3,197,199.85,195,198.05,197.05,197.26,140108,276.37,2748,80348,57.35
EFFWA, ST, 27-Jul-2026,381.75,370.05,383.7,364,379.9,379.9,372.67,12400,46.21,24,10400,83.87
EFORCE, SM, 27-Jul-2026,21.25,21.25,21.25,20.3,21,21,20.71,12000,2.49,10,4800,40
EGOLD, EQ, 27-Jul-2026,142.55,143,144.45,142.7,143.05,143.4,143.43,300098,430.42,290,253660,84.53
EICHERMOT, EQ, 27-Jul-2026,7628,7680,7847,7648,7758,7769.5,7763.14,367549,28533.35,36446,185272,50.41
EIDPARRY, EQ, 27-Jul-2026,758,758,774,755.5,770.8,771.15,766.22,149486,1145.39,12823,86776,58.05
EIEL, EQ, 27-Jul-2026,220.16,223.9,224.94,217.49,219,218.76,220.22,646608,1423.94,10344,252149,39
EIFFL, BE, 27-Jul-2026,320,321,327,314,316,316.25,318.24,3711,11.81,36, -, -
EIHAHOTELS, EQ, 27-Jul-2026,310.9,312,320.9,312,318,316.95,317.04,6800,21.56,579,4085,60.07
EIHOTEL, EQ, 27-Jul-2026,326.4,327.05,331.75,327.05,330.9,330.65,329.82,98370,324.45,4438,60378,61.38
EIMCOELECO, EQ, 27-Jul-2026,1789.2,1822.2,1844,1800.1,1828.1,1829.8,1824.74,17827,325.3,2635,8942,50.16
EKC, EQ, 27-Jul-2026,108.76,109.6,111.93,109.3,109.5,109.79,110.15,103914,114.46,1452,53163,51.16
ELANTAS, EQ, 27-Jul-2026,9266,9344,9648,9290,9510,9555,9488.22,720,68.32,234,424,58.89
ELCIDIN, EQ, 27-Jul-2026,109500,105505,112000,105505,109500,110725,109779.55,11,12.08,11,8,72.73
ELDEHSG, EQ, 27-Jul-2026,778.3,818,818.4,762.1,769.95,774.1,781.57,1155,9.03,96,925,80.09
ELECON, EQ, 27-Jul-2026,421.65,424,436.85,418.35,423,423.7,425.43,1284270,5463.7,33590,711765,55.42
ELECTCAST, EQ, 27-Jul-2026,72.1,72.28,73.64,72,72.05,72.14,72.61,637363,462.8,6516,322563,50.61
ELECTHERM, EQ, 27-Jul-2026,1008.2,1039,1047,1000,1015,1030.2,1023.63,15666,160.36,1388,6938,44.29
ELGIEQUIP, EQ, 27-Jul-2026,577.3,578.25,584.3,575.1,575.1,578.85,579.33,95386,552.6,8298,49905,52.32
ELGIRUBCO, EQ, 27-Jul-2026,54.58,56.5,56.9,55.2,56.8,56.62,56.22,22265,12.52,443,11136,50.02
ELGNZ, SM, 27-Jul-2026,104.75,107.4,109,101,102.2,103.3,104.01,17000,17.68,14,11000,64.71
ELIN, EQ, 27-Jul-2026,101.13,101.5,103.57,100.42,101.49,101.41,101.43,122496,124.25,1413,61672,50.35
ELIQUID, EQ, 27-Jul-2026,1040.9,1041.04,1041.06,1041.04,1041.05,1041.05,1041.05,19851,206.66,15,14351,72.29
ELITECON, EQ, 27-Jul-2026,15.51,15.64,16.2,15.53,16,15.98,15.96,1784679,284.78,4600,699537,39.2
ELLEN, EQ, 27-Jul-2026,281.2,287,287,279.2,281.85,282.45,282.79,240990,681.5,5397,125711,52.16
ELM250, EQ, 27-Jul-2026,16.38,16.46,16.88,16.45,16.88,16.69,16.6,39273,6.52,193,23676,60.29
ELPROINTL, EQ, 27-Jul-2026,176.52,175.43,178.5,174.5,178.5,177.89,176.32,189067,333.35,1069,123666,65.41
EMAMILTD, EQ, 27-Jul-2026,407.9,409.8,419.6,406.55,413.1,414.1,412.26,548841,2262.66,15986,314941,57.38
EMAMIPAP, BE, 27-Jul-2026,118.18,118.15,120,112.28,112.28,112.28,112.79,71198,80.31,406, -, -
EMAMIREAL, BE, 27-Jul-2026,79.92,78,82.25,78,78.62,79.84,78.98,2426,1.92,42, -, -
EMBASSY, RR, 27-Jul-2026,437.98,439,445.38,437.06,438,437.95,439.34,765622,3363.65,30265,710355,92.78
EMBDL, EQ, 27-Jul-2026,61.21,62,63.1,61.39,62,62.17,62.53,1122374,701.8,6780,565208,50.36
EMCURE, EQ, 27-Jul-2026,1881,1898,1938.6,1882.1,1916,1924.8,1923.48,253294,4872.07,23200,161321,63.69
EMIL, EQ, 27-Jul-2026,129.64,130.95,132.52,125.18,125.8,125.67,127.31,2168808,2761.04,14001,1447887,66.76
EMKAY, EQ, 27-Jul-2026,239.5,239.5,255.75,234.8,239.8,238.05,245.4,108351,265.89,3763,36380,33.58
EMKAYTOOLS, SM, 27-Jul-2026,91.35,92.2,95,90.55,91.05,91.05,92.2,2250,2.07,10,1650,73.33
EMMBI, BE, 27-Jul-2026,87.53,87.96,90,86.05,87.45,87.45,87.67,5609,4.92,47, -, -
EMMIL, SM, 27-Jul-2026,121.75,123,123,118,120,119.95,120.22,8500,10.22,29,7000,82.35
EMMVEE, EQ, 27-Jul-2026,331,336,341.4,331.7,333.65,333.6,336.11,2340536,7866.67,27939,1030684,44.04
EMPOWER, BE, 27-Jul-2026,2.38,2.39,2.42,2.37,2.41,2.4,2.4,2679426,64.21,1601, -, -
EMSLIMITED, EQ, 27-Jul-2026,403.3,406.7,411.95,398.35,402,401.75,404.73,218786,885.5,6259,80340,36.72
EMUDHRA, EQ, 27-Jul-2026,455.75,458.75,464.8,452.3,463.5,463.15,458.97,72386,332.23,3196,36788,50.82
EMULTIMQ, EQ, 27-Jul-2026,40.76,41.7,41.7,40.8,41,40.92,40.95,16747,6.86,201,15378,91.83
ENCOMPAS, SM, 27-Jul-2026,217.1,224.3,238,223.45,232,230,229.3,66800,153.17,63,48800,73.05
ENDURANCE, EQ, 27-Jul-2026,2634,2626.7,2740.1,2616,2725,2732.8,2708.87,60908,1649.92,11502,33064,54.29
ENERGY, EQ, 27-Jul-2026,39.06,39.08,39.45,38.93,39.01,39.02,39.02,137410,53.62,979,114012,82.97
ENERGYDEV, EQ, 27-Jul-2026,17.45,17.45,17.7,17.05,17.1,17.14,17.25,9005,1.55,272,6888,76.49
ENEXT50, EQ, 27-Jul-2026,71.72,71.77,72.45,71.77,72.45,72.45,72.32,14057,10.17,9,13968,99.37
ENFUSE, SM, 27-Jul-2026,165,171,171,171,171,171,171,600,1.03,1,600,100
ENGINERSIN, EQ, 27-Jul-2026,225.21,226.06,229.95,225.1,226.67,226.42,226.72,837874,1899.63,15197,399987,47.74
ENIFTY, EQ, 27-Jul-2026,23.99,24.58,24.58,24.06,24.22,24.18,24.16,1605,0.39,56,1463,91.15
ENIL, EQ, 27-Jul-2026,105.63,106.1,107.72,105.61,106.95,106.06,106.66,8037,8.57,203,3546,44.12
ENRIN, EQ, 27-Jul-2026,3240.2,3260.1,3275,3192,3275,3264.6,3239.57,327391,10606.07,36446,143502,43.83
ENSER, SM, 27-Jul-2026,13.65,14.7,14.7,14.45,14.45,14.45,14.58,10000,1.46,2,10000,100
ENTERO, EQ, 27-Jul-2026,1229.6,1244,1277.9,1217,1277.9,1273.4,1254.42,165836,2080.28,10728,113255,68.29
ENVIRO, SM, 27-Jul-2026,77.25,77.95,78.4,77.1,77.1,77.1,77.61,6000,4.66,6,4000,66.67
EPACK, EQ, 27-Jul-2026,234.57,236.69,237.99,231.04,232.3,232.1,233.54,209862,490.12,3663,90887,43.31
EPACKPEB, EQ, 27-Jul-2026,251.92,256,256.8,250,255.3,255.19,254.23,374100,951.08,7447,129870,34.72
EPIGRAL, EQ, 27-Jul-2026,1162.7,1192.7,1208.9,1111.2,1165,1157,1157.35,649654,7518.75,49004,107601,16.56
EPL, EQ, 27-Jul-2026,233.06,232.8,240.07,231.45,239.38,239.06,237.6,231791,550.74,6643,116383,50.21
EPWINDIA, ST, 27-Jul-2026,260,255.05,257.1,255.05,256,256.7,256.59,8400,21.55,5,8400,100
EQUAL200, EQ, 27-Jul-2026,13.63,13.73,13.78,13.72,13.74,13.74,13.74,2298,0.32,49,1144,49.78
EQUAL50, EQ, 27-Jul-2026,328.36,330.09,331.96,329.94,331.22,331.25,330.29,5947,19.64,22,5604,94.23
EQUAL50ADD, EQ, 27-Jul-2026,339.64,340.83,343.85,340.83,342.99,342.93,342.06,6661,22.78,302,4018,60.32
EQUIPPP, BE, 27-Jul-2026,24.01,23.45,25.1,22.88,25.1,25.03,24.93,231519,57.73,96, -, -
EQUITASBNK, EQ, 27-Jul-2026,78.34,79.61,80.29,78.61,78.75,79,79.37,2138413,1697.28,19397,1078801,50.45
ERIS, EQ, 27-Jul-2026,1400.6,1399,1414,1386.1,1413.2,1403.5,1398.84,38227,534.73,11280,22029,57.63
ESABINDIA, EQ, 27-Jul-2026,5649.5,5699,5703.5,5602,5608,5621.5,5636.64,2031,114.48,963,1100,54.16
ESAFSFB, EQ, 27-Jul-2026,38.69,39.99,40.2,37.5,38.16,38.29,39.04,4228358,1650.77,15823,1429733,33.81
ESCONET, SM, 27-Jul-2026,136.5,138,141,129,132,130.4,134.04,18000,24.13,42,14800,82.22
ESCORTS, EQ, 27-Jul-2026,2905.1,2936.9,2960,2915.4,2959.9,2954.1,2943.89,53545,1576.3,8474,28508,53.24
ESENSEX, EQ, 27-Jul-2026,76.72,77.54,77.54,76.7,77.19,77.19,77.05,14180,10.93,15,14017,98.85
ESFL, SM, 27-Jul-2026,136.55,140,140,129.75,129.75,129.9,132.51,36360,48.18,75,29520,81.19
ESG, EQ, 27-Jul-2026,40.97,41.22,41.48,41.19,41.47,41.46,41.38,11471,4.75,76,9475,82.6
ESILVER, EQ, 27-Jul-2026,219.61,222.48,223.07,221.73,222.9,222.69,222.69,402859,897.12,2392,387376,96.16
ESPRIT, SM, 27-Jul-2026,57,58.25,61,58.25,60,60,59.91,25600,15.34,15,17600,68.75
ESSARSHPNG, EQ, 27-Jul-2026,20.17,20.03,20.6,19.9,20.6,20.43,20.23,160923,32.56,704,106880,66.42
ESSENTIA, BE, 27-Jul-2026,1.11,1.11,1.12,1.08,1.09,1.08,1.1,1192688,13.09,905, -, -
ESTER, EQ, 27-Jul-2026,88.53,88.53,91.8,88.5,91.18,90.89,90.36,101157,91.4,1636,50996,50.41
ETERNAL, EQ, 27-Jul-2026,280,281.5,297,281.45,295.7,295.85,293.23,48012383,140785.85,242086,19215160,40.02
ETHOSLTD, EQ, 27-Jul-2026,2562.8,2562.9,2613.3,2562.9,2583,2578.8,2589.73,10977,284.28,1929,5234,47.68
ETL, SM, 27-Jul-2026,970,1043,1043,980,990.1,990.1,998.28,600,5.99,4,300,50
ETML, SM, 27-Jul-2026,84.9,84.9,86.05,84,84,84,84.74,46800,39.66,25,42000,89.74
EUREKAFORB, EQ, 27-Jul-2026,432.15,439,444,434.5,439.95,439.7,439.62,179826,790.55,13197,115463,64.21
EUROBOND, EQ, 27-Jul-2026,161.61,164.02,165.8,157.62,161,158.99,161.82,7746,12.53,318,5275,68.1
EUROPRATIK, EQ, 27-Jul-2026,301.65,303.35,318.4,303,315,314.6,311.74,225420,702.72,5323,89033,39.5
EUROTEXIND, BE, 27-Jul-2026,12.2,12.26,12.26,12.26,12.26,12.26,12.26,19,0,2, -, -
EVEREADY, EQ, 27-Jul-2026,357,358.15,364,348.5,351,349.75,353.38,95130,336.17,4492,49119,51.63
EVERESTIND, BE, 27-Jul-2026,524.25,543.4,545,521,544.95,540.65,534.73,21906,117.14,446, -, -
EVIETF, EQ, 27-Jul-2026,31.74,32.28,32.28,31.51,31.51,32.06,31.97,122624,39.21,611,69854,56.97
EVINDIA, EQ, 27-Jul-2026,31.9,31.1,32.55,31.1,32,32.02,31.97,208198,66.55,1891,131399,63.11
EXCELINDUS, EQ, 27-Jul-2026,932.15,940.9,997.95,927,984.55,982.15,974.14,26284,256.04,2261,14115,53.7
EXCELLENT, ST, 27-Jul-2026,208,215,218,209.25,209.25,209.25,214.94,16000,34.39,10,12800,80
EXCELSOFT, EQ, 27-Jul-2026,74.38,74.7,79.63,74.7,77,77.47,77.87,804813,626.74,6046,285163,35.43
EXICOM, EQ, 27-Jul-2026,160.3,163.4,166.19,162.5,165.2,165.2,164.65,970983,1598.76,9737,288150,29.68
EXIDEIND, EQ, 27-Jul-2026,443,443,444.4,423.15,429.35,427,433.71,5848999,25367.44,52378,3387421,57.91
EXIMROUTES, SM, 27-Jul-2026,112,117,119.7,116.2,116.2,116.2,117.53,4800,5.64,6,4000,83.33
EXPLEOSOL, EQ, 27-Jul-2026,801.55,793,824.95,793,814.85,812,804.07,34009,273.46,2811,17723,52.11
EXXARO, EQ, 27-Jul-2026,6.54,6.65,6.89,6.51,6.55,6.58,6.73,472166,31.78,886,234055,49.57
FABTECH, EQ, 27-Jul-2026,149.73,149,152.99,145.1,148.3,148.9,148.69,139208,206.99,3461,60950,43.78
FACT, EQ, 27-Jul-2026,809.3,819.9,825,812.45,819.8,819.55,818.69,75961,621.88,6120,21769,28.66
FAIRCHEMOR, BE, 27-Jul-2026,768.1,768.1,806.5,748.05,806.5,806.5,801.33,141631,1134.93,1597, -, -
FALCONTECH, SM, 27-Jul-2026,11.3,11.3,11.7,11.3,11.7,11.7,11.5,2400,0.28,2,2400,100
FAZE3Q, EQ, 27-Jul-2026,546.95,555.3,562.55,551.5,555,552.9,557.47,5335,29.74,343,3831,71.81
FCL, EQ, 27-Jul-2026,39.59,40,40.65,37.2,40.49,40.22,39.45,20485164,8081.34,38419,5500559,26.85
FCONSUMER, BZ, 27-Jul-2026,0.28,0.27,0.29,0.27,0.27,0.27,0.27,3267712,8.89,880, -, -
FCSSOFT, EQ, 27-Jul-2026,1.55,1.59,1.59,1.51,1.53,1.52,1.53,1434925,21.95,1632,1048131,73.04
FDC, EQ, 27-Jul-2026,412.95,417,419.8,411.6,417.05,417.1,415.74,60671,252.24,4201,34470,56.81
FEDDERSHOL, EQ, 27-Jul-2026,45.64,46.99,48.19,43.5,44.68,44.64,45,3826671,1722.13,10968,437331,11.43
FEDERALBNK, EQ, 27-Jul-2026,354.3,355.05,357.7,354.3,356.9,356.5,355.97,6585012,23440.84,67540,4583960,69.61
FEDFINA, EQ, 27-Jul-2026,150.53,150,153.25,149.7,150.52,150.27,150.71,683171,1029.59,8922,312439,45.73
FEL, BZ, 27-Jul-2026,0.37,0.38,0.38,0.37,0.38,0.37,0.38,123991,0.47,74, -, -
FELDVR, BZ, 27-Jul-2026,2.49,2.56,2.56,2.37,2.37,2.37,2.38,1644,0.04,22, -, -
FELIX, SM, 27-Jul-2026,178.95,181.9,181.9,176.5,177.6,177.6,178.77,15500,27.71,24,11500,74.19
FERMENTA, EQ, 27-Jul-2026,432.05,436.7,448,436.7,439.6,442.05,442.87,122096,540.73,4456,57854,47.38
FIBERWEB, EQ, 27-Jul-2026,30.43,30.43,30.8,29.66,30.68,30.68,30.15,20763,6.26,133,16628,80.08
FICRF3GP, MF, 27-Jul-2026,379,411,411,410,410,410,410.5,2,0.01,2,1,50
FIDEL, SM, 27-Jul-2026,152,152,166,150,164,164,162.29,33000,53.56,27,19000,57.58
FIEMIND, EQ, 27-Jul-2026,2331.9,2338.1,2423.9,2335.1,2348,2356.6,2381.51,67883,1616.64,12596,32367,47.68
FILATEX, EQ, 27-Jul-2026,73.83,74.88,75.88,73.55,74.24,74.64,74.73,3571940,2669.21,18315,1262672,35.35
FILATFASH, BE, 27-Jul-2026,0.18,0.19,0.19,0.18,0.19,0.18,0.18,35066145,63.64,2090, -, -
FINBUD, SM, 27-Jul-2026,125.6,125,126.8,122,126.8,124.75,123.86,14000,17.34,14,10000,71.43
FINCABLES, EQ, 27-Jul-2026,998.9,999.9,1015,992.4,996,998.6,1001.38,209703,2099.92,19053,86018,41.02
FINEORG, EQ, 27-Jul-2026,4828.5,4829,4926,4806,4806,4838.5,4863.44,9918,482.36,3338,5241,52.84
FINIETF, EQ, 27-Jul-2026,32.01,32.81,32.81,32.09,32.76,32.58,32.39,320452,103.8,1225,198527,61.95
FINKURVE, EQ, 27-Jul-2026,62.15,63.9,64.99,60.57,61.2,61.52,61.91,23723,14.69,472,16753,70.62
FINOPB, EQ, 27-Jul-2026,167.06,169.89,171.68,165,165.43,166.46,167.8,745288,1250.57,8254,171778,23.05
FINPIPE, EQ, 27-Jul-2026,163.67,165,166.85,163.5,163.6,163.83,164.87,290897,479.59,11272,144026,49.51
FIRSTCRY, EQ, 27-Jul-2026,208.3,210.5,215,210.1,213.28,213.51,213.32,525785,1121.62,10461,235913,44.87
FISCHER, EQ, 27-Jul-2026,37.94,38.58,38.58,37.54,38,37.7,38.09,1922676,732.27,2527,309379,16.09
FIVESTAR, EQ, 27-Jul-2026,535.2,540,557.95,538.55,543,540.25,545.07,1366135,7446.43,56073,761273,55.72
FLAIR, EQ, 27-Jul-2026,252.5,257,258.6,252.2,255.5,256.75,255.32,90668,231.49,2995,43663,48.16
FLEXIADD, EQ, 27-Jul-2026,9.92,10,10.05,10,10.04,10.02,10.02,47419,4.75,208,41464,87.44
FLEXITUFF, BE, 27-Jul-2026,4.58,4.58,4.74,4.44,4.67,4.62,4.55,54340,2.47,86, -, -
FLFL, BZ, 27-Jul-2026,1.4,1.41,1.41,1.33,1.34,1.34,1.34,35238,0.47,74, -, -
FLUOROCHEM, EQ, 27-Jul-2026,4573.7,4653.2,4653.2,4521.4,4541.8,4563.5,4585.06,122548,5618.9,17300,67932,55.43
FLYSBS, SM, 27-Jul-2026,466.65,473,473,458,458,462.4,461.87,13600,62.81,43,11200,82.35
FMCGADD, EQ, 27-Jul-2026,49.25,49.8,49.84,49.55,49.79,49.81,49.77,6305,3.14,20,3399,53.91
FMCGIETF, EQ, 27-Jul-2026,52.69,52.98,53.4,52.69,53.23,53.18,53.16,704739,374.66,2810,432888,61.43
FMGOETZE, EQ, 27-Jul-2026,478.85,486.05,486.95,478.45,482,483.75,483.29,21821,105.46,721,13902,63.71
FMNL, BE, 27-Jul-2026,9.21,9.21,9.36,9.02,9.19,9.18,9.23,10952,1.01,55, -, -
FOCE, SM, 27-Jul-2026,599,569.05,569.05,569.05,569.05,569.05,569.05,61440,349.62,54,47760,77.73
FOCUS, BE, 27-Jul-2026,72.23,73.7,75.4,69.16,71.99,71.66,70.71,28133,19.89,199, -, -
FOODSIN, EQ, 27-Jul-2026,55.05,55.12,56.5,52.91,53.57,53.63,53.79,136697,73.53,3339,92433,67.62
FORCAS, ST, 27-Jul-2026,172.55,175,181.15,175,181.15,181.1,178.97,56000,100.22,33,56000,100
FORCEMOT, EQ, 27-Jul-2026,17620,17809,17860,17240,17289,17268,17406.19,113614,19775.86,32245,42855,37.72
FORGEAUTO, SM, 27-Jul-2026,84.3,81,85,81,85,85,83,2400,1.99,2,2400,100
FORTIS, EQ, 27-Jul-2026,948.7,958,958.6,939.9,943,942.3,945.03,1227263,11598.02,33284,811302,66.11
FOSECOIND, EQ, 27-Jul-2026,5048,5079,5118,5022,5026,5036.5,5058.7,1230,62.22,298,865,70.33
FRACTAL, EQ, 27-Jul-2026,786.75,791.05,811.05,772.85,810.5,809.3,797.78,638751,5095.84,38255,293695,45.98
FRESHARA, SM, 27-Jul-2026,337.55,339.5,374,339,357,349.95,355.58,182400,648.57,230,109800,60.2
FROG, ST, 27-Jul-2026,211.4,207.2,215.6,207.2,213.5,213.5,214.22,18800,40.27,31,18000,95.74
FRONTSP, EQ, 27-Jul-2026,1328.8,1349.9,1446.4,1336.4,1373,1380.8,1393.3,27004,376.25,4105,11210,41.51
FSL, EQ, 27-Jul-2026,253.58,256,264.13,255.77,262,262.23,261.53,1162441,3040.08,30406,464576,39.97
FUSION, EQ, 27-Jul-2026,216.48,218,228.5,218,220.39,220.7,223.66,554472,1240.15,9293,248049,44.74
FWSTC, SM, 27-Jul-2026,200,205,205,200,200,200,200.21,63000,126.13,36,63000,100
GABRIEL, EQ, 27-Jul-2026,1363.5,1370.1,1449,1369,1442,1437.8,1419.28,662635,9404.65,37761,194854,29.41
GAEL, EQ, 27-Jul-2026,151.64,153.69,158.98,150.2,156.65,157.31,155.78,3107123,4840.16,39111,956545,30.79
GAIL, EQ, 27-Jul-2026,170.02,170.11,174.89,170.11,173.91,174.23,173.21,10641180,18431.73,102454,6941348,65.23
GAJANAND, SM, 27-Jul-2026,8.6,8.15,8.15,8.15,8.15,8.15,8.15,3000,0.24,1,3000,100
GALAPREC, EQ, 27-Jul-2026,1146.3,1151.9,1192,1147.2,1161,1164.2,1170.17,33678,394.09,3817,13254,39.36
GALAXYSURF, EQ, 27-Jul-2026,1945,1952.9,1985.9,1934.2,1968.9,1962.8,1955.58,6391,124.98,1275,3292,51.51
GALLANTT, EQ, 27-Jul-2026,521.2,522.1,547.25,522,547.25,547.25,542.91,176732,959.5,4111,81574,46.16
GANDHAR, EQ, 27-Jul-2026,282.46,279,279,231,246.8,245.47,246.83,20541880,50704.31,184521,4085477,19.89
GANDHITUBE, EQ, 27-Jul-2026,868,877.4,883.95,870.05,875.1,875.85,877.66,4803,42.15,314,3283,68.35
GANECOS, EQ, 27-Jul-2026,1209.4,1212,1243,1195,1217,1212.1,1213.75,132037,1602.6,8930,67656,51.24
GANESHBE, EQ, 27-Jul-2026,111.41,113.18,114.9,110.56,112.1,112.35,112.69,517305,582.96,5493,245472,47.45
GANESHCP, EQ, 27-Jul-2026,171.84,173.7,174.58,168.1,169.9,169.9,171.48,32572,55.85,987,22369,68.68
GANESHHOU, EQ, 27-Jul-2026,799.4,810,852,796.05,823.95,819.85,827.4,89342,739.22,6353,35168,39.36
GANESHIN, ST, 27-Jul-2026,97.5,93.75,101.8,92.65,92.65,92.65,94.7,56800,53.79,56,52800,92.96
GANGABATH, SM, 27-Jul-2026,21.55,21.65,22.3,21.4,21.95,21.95,21.86,18000,3.93,5,9000,50
GANGAFORGE, BE, 27-Jul-2026,1.67,1.59,1.72,1.59,1.71,1.68,1.66,13472825,223.24,888, -, -
GANGESSECU, EQ, 27-Jul-2026,116.24,118.07,118.07,116,116,116.75,116.79,39,0.05,8,39,100
GARFIBRES, EQ, 27-Jul-2026,748.45,751.4,760,747.5,754,753,752.23,23157,174.19,2537,14019,60.54
GARUDA, EQ, 27-Jul-2026,174.69,176.54,178,171.77,171.99,172.34,173.77,239612,416.37,3502,123558,51.57
GATECH, EQ, 27-Jul-2026,0.48,0.48,0.53,0.48,0.49,0.49,0.51,11410406,57.63,1041,2501422,21.92
GATECHDVR, EQ, 27-Jul-2026,0.43,0.45,0.46,0.44,0.44,0.44,0.45,456472,2.04,155,393722,86.25
GATEWAY, EQ, 27-Jul-2026,56.38,57.05,59,56.71,58.46,58.5,58.32,1423107,829.99,9362,748194,52.57
GAUDIUMIVF, BE, 27-Jul-2026,151.9,148.87,148.87,148.87,148.87,148.87,148.87,13165,19.6,218, -, -
GAYAHWS, EQ, 27-Jul-2026,1.88,1.92,1.92,1.85,1.88,1.88,1.88,126331,2.38,256,82374,65.2
GAYAPROJ, BE, 27-Jul-2026,20.73,21.1,21.1,20,20.4,20.21,20.4,299650,61.14,1223, -, -
GCHOTELS, ST, 27-Jul-2026,116,116,116.9,110.2,113.1,113.1,112.19,19800,22.21,30,15000,75.76
GCSL, EQ, 27-Jul-2026,531,534,538.7,528.25,530,531.1,533.24,375553,2002.58,3972,144576,38.5
GEECEE, BE, 27-Jul-2026,334.15,342.7,344,340.2,340.2,340.9,341.79,1005,3.43,17, -, -
GEEKAYWIRE, EQ, 27-Jul-2026,23.79,23.85,24.74,23.51,24.15,23.91,24.04,82660,19.87,1376,35358,42.78
GEMAROMA, EQ, 27-Jul-2026,178.1,181.1,191.5,181.1,191.44,189.37,186.79,179131,334.61,3669,85319,47.63
GENCON, EQ, 27-Jul-2026,40.52,40.5,40.99,40.01,40.01,40.46,40.41,266584,107.73,1629,11109,4.17
GENESYS, EQ, 27-Jul-2026,297.7,305,306.3,297.3,301,300.55,300.86,147856,444.84,4583,66192,44.77
GENSOL, BZ, 27-Jul-2026,18.35,17.44,17.44,17.44,17.44,17.44,17.44,82755,14.43,349, -, -
GENUSPAPER, EQ, 27-Jul-2026,11.92,12.13,12.65,12.12,12.44,12.59,12.46,139558,17.39,644,109914,78.76
GENUSPOWER, EQ, 27-Jul-2026,315.6,317.8,329,314.2,322.5,322,321.27,5483067,17615.32,70784,2645461,48.25
GENXAI, SM, 27-Jul-2026,70.7,71.45,74.8,70.05,74.5,74.65,72.96,43200,31.52,33,26400,61.11
GEOJITFSL, EQ, 27-Jul-2026,76.15,76.19,77.98,75,75.48,75.16,76.26,251893,192.08,2487,135699,53.87
GESHIP, EQ, 27-Jul-2026,1437.9,1439,1440,1386.3,1390,1398.6,1401.51,488878,6851.68,33013,268212,54.86
GFLLIMITED, EQ, 27-Jul-2026,45.95,46.7,47.35,46,47.1,46.95,46.63,44432,20.72,1011,28217,63.51
GGBL, SM, 27-Jul-2026,262.8,263.25,269,263.25,264,263.65,265.68,21600,57.39,69,14100,65.28
GHCL, EQ, 27-Jul-2026,436.2,437,442.3,435.55,437.05,438.6,439.05,249684,1096.24,3835,186477,74.69
GHCLTEXTIL, EQ, 27-Jul-2026,115.82,117,120.9,116,116.2,116.15,118.35,938372,1110.6,12394,541656,57.72
GICHSGFIN, EQ, 27-Jul-2026,146.87,147.25,149.8,146.55,148.49,148.26,147.48,80520,118.75,2137,40666,50.5
GICL, EQ, 27-Jul-2026,16.72,16.8,17,16,16.03,16.23,16.33,125394,20.47,560,76824,61.27
GICRE, EQ, 27-Jul-2026,357.5,358.3,360.6,357.1,358.95,359.2,358.53,314450,1127.41,21141,165003,52.47
GILLANDERS, EQ, 27-Jul-2026,87.98,89.86,89.86,88,88.14,88.14,88.3,287,0.25,10,182,63.41
GILLETTE, EQ, 27-Jul-2026,7828.5,7850,8100,7829,7943,7940.5,7933.35,15054,1194.29,5124,6987,46.41
GILT10BETA, EQ, 27-Jul-2026,26.69,26.82,26.82,26.32,26.32,26.32,26.57,49,0.01,8,27,55.1
GILT5BETA, EQ, 27-Jul-2026,66.67,66.67,66.72,65.48,65.51,65.64,66.36,855,0.57,17,618,72.28
GILT5YBEES, EQ, 27-Jul-2026,65.88,64.56,66.28,64.56,66.05,66.03,66.02,87250,57.6,507,54928,62.95
GINNIFILA, BE, 27-Jul-2026,47.06,47.1,49.3,47.1,49.19,48.98,48.19,40623,19.58,189, -, -
GIPCL, EQ, 27-Jul-2026,157.23,162,163.66,160.29,162.61,162.58,162.31,296739,481.63,4944,160471,54.08
GIRIRAJ, SM, 27-Jul-2026,85.75,89.95,89.95,81.5,81.5,81.5,84.18,7000,5.89,22,5750,82.14
GJL, ST, 27-Jul-2026,160,162,162,154.5,154.55,154.55,155.08,10400,16.13,8,10400,100
GKENERGY, EQ, 27-Jul-2026,136.14,137.48,138.69,135.61,136.7,136.69,137.04,305846,419.12,3953,129597,42.37
GKSL, EQ, 27-Jul-2026,128.2,130.12,130.12,126.71,127.1,127.39,127.41,306451,390.44,1881,270838,88.38
GKWLIMITED, EQ, 27-Jul-2026,1640.7,1640.7,1675,1600,1608,1609.6,1618.83,1299,21.03,131,850,65.43
GLAND, EQ, 27-Jul-2026,2379.8,2381.3,2430.1,2376.1,2430,2427.1,2408.51,300623,7240.55,21028,185091,61.57
GLAXO, EQ, 27-Jul-2026,2514.3,2524,2563.8,2494.1,2550.5,2551.2,2536.5,67921,1722.81,12374,39025,57.46
GLENMARK, EQ, 27-Jul-2026,2192,2218,2220,2183.1,2199,2196,2200.69,593586,13063.01,21803,352868,59.45
GLFL, BE, 27-Jul-2026,5.01,4.99,5.26,4.99,5.26,5.26,4.99,4453,0.22,7, -, -
GLOBAL, EQ, 27-Jul-2026,101.99,101.99,105.32,101.07,104.2,103.99,103.56,69063,71.52,462,57079,82.65
GLOBALE, BE, 27-Jul-2026,10.9,10.5,10.99,10.36,10.99,10.97,10.49,6398,0.67,25, -, -
GLOBALVECT, EQ, 27-Jul-2026,148.95,150.01,173.5,150.01,159.88,159.71,164.9,113359,186.93,2445,36465,32.17
GLOBE, EQ, 27-Jul-2026,2.14,2.12,2.16,2.12,2.15,2.15,2.15,111925,2.41,141,68829,61.5
GLOBECIVIL, EQ, 27-Jul-2026,39.25,40.7,41.5,39.61,40.49,40.15,40.58,48971,19.87,568,26647,54.41
GLOBUSSPR, EQ, 27-Jul-2026,880.45,880.45,897.6,880.45,891.65,889.45,890.2,74494,663.14,4073,38612,51.83
GLOSTERLTD, EQ, 27-Jul-2026,683.65,671.2,683.85,659.35,676,677.75,670.06,1928,12.92,169,1054,54.67
GLOTTIS, BE, 27-Jul-2026,66.73,65.65,67.4,63.4,66.99,66.67,66,76009,50.17,414, -, -
GMBREW, EQ, 27-Jul-2026,904.45,913.95,913.95,897,897,905.6,907.08,14741,133.71,1629,7393,50.15
GMDCLTD, EQ, 27-Jul-2026,562.55,565,568,560.1,562,562.15,563.91,472075,2662.07,14936,163260,34.58
GMMPFAUDLR, EQ, 27-Jul-2026,808.05,816,837.7,812.05,826.1,830.75,825,106321,877.15,6695,58993,55.49
GMRAIRPORT, EQ, 27-Jul-2026,107.12,107.8,108.7,107,107.99,108,107.69,10608220,11423.58,27930,6156199,58.03
GMRP&UI, EQ, 27-Jul-2026,97.59,98.17,98.9,97.52,97.7,97.62,98.01,243530,238.69,2455,123777,50.83
GNA, EQ, 27-Jul-2026,507,515,523.9,507.85,512.2,511.85,514.82,212597,1094.49,7133,91240,42.92
GNFC, EQ, 27-Jul-2026,503.05,506,515,506,514,513.95,511.92,203336,1040.91,9919,114122,56.12
GNRL, EQ, 27-Jul-2026,92.53,92.95,93.75,91.65,92.85,92.09,92.52,53339,49.35,953,13977,26.2
GOACARBON, EQ, 27-Jul-2026,375.65,378.8,381.8,374,374.35,376.35,377.71,13395,50.59,535,7949,59.34
GOCLCORP, EQ, 27-Jul-2026,396.55,397.05,404.2,394.8,395.15,395.95,398.2,59703,237.74,2083,37387,62.62
GOCOLORS, EQ, 27-Jul-2026,324.15,332.45,333,327.55,328.7,329.4,329.61,92615,305.27,2184,25757,27.81
GODAVARIB, EQ, 27-Jul-2026,278.9,279.45,283.85,272.8,274,273.9,277.08,58628,162.45,2202,31062,52.98
GODFRYPHLP, EQ, 27-Jul-2026,2129.6,2144.9,2248.2,2121.2,2215.4,2210.5,2205.3,1459627,32189.09,82645,425237,29.13
GODIGIT, EQ, 27-Jul-2026,256.2,256.35,258.85,247.35,254.9,254.8,253.73,2772521,7034.8,50654,1496379,53.97
GODREJAGRO, EQ, 27-Jul-2026,573.6,579.5,583,573,574.6,574.35,576.2,85033,489.96,6069,51792,60.91
GODREJCP, EQ, 27-Jul-2026,1059.5,1065,1075,1061.1,1075,1073.7,1070.03,318835,3411.62,15063,175169,54.94
GODREJIND, EQ, 27-Jul-2026,1332.2,1332.2,1352.5,1328,1336.4,1332.9,1339.97,57846,775.12,7920,24220,41.87
GODREJPROP, EQ, 27-Jul-2026,2028.7,2050.6,2086.5,2025.1,2075,2078.8,2052.96,732918,15046.52,40739,373867,51.01
GOKEX, EQ, 27-Jul-2026,830.5,831,844,822.15,832,834.25,835.6,168409,1407.22,8582,73594,43.7
GOKUL, EQ, 27-Jul-2026,39.28,39.2,40.49,39.2,40.48,39.61,39.82,131018,52.17,451,20901,15.95
GOKULAGRO, EQ, 27-Jul-2026,209.93,213.94,215.26,209.65,212.04,211.55,212.03,213114,451.86,4809,86759,40.71
GOLD1, EQ, 27-Jul-2026,118.72,119.2,119.93,119.2,119.75,119.7,119.7,1066147,1276.2,6729,679339,63.72
GOLD360, EQ, 27-Jul-2026,139.3,141.2,141.2,139.7,140.1,139.85,140.25,5810,8.15,211,3070,52.84
GOLDADD, EQ, 27-Jul-2026,138.61,139.15,139.7,139.15,139.53,139.37,139.41,146489,204.23,4721,100240,68.43
GOLDAXIS, EQ, 27-Jul-2026,118.7,120.06,120.06,119.14,119.58,119.57,119.51,328210,392.25,2826,208845,63.63
GOLDBEES, EQ, 27-Jul-2026,117.91,118.53,118.91,118.31,118.62,118.62,118.68,19438238,23068.9,76515,10540836,54.23
GOLDBETA, EQ, 27-Jul-2026,120.05,120.05,121.9,120.05,120.75,120.75,120.75,316135,381.72,2395,228376,72.24
GOLDBND, EQ, 27-Jul-2026,142.5,143.2,144.41,142.91,143.03,143.05,143.28,10088,14.45,192,8848,87.71
GOLDCASE, EQ, 27-Jul-2026,22.44,23,23,22.48,22.57,22.56,22.58,7013840,1583.79,10750,3154003,44.97
GOLDENTOBC, BZ, 27-Jul-2026,24.03,22.91,24.99,22.91,24.76,24.77,23.26,7588,1.77,60, -, -
GOLDETF, EQ, 27-Jul-2026,138.89,139.3,140,139.13,139.35,139.4,139.59,2733670,3815.89,5736,1714431,62.72
GOLDIAM, EQ, 27-Jul-2026,349.5,352.15,358.5,352.15,357.25,355.75,355.15,603390,2142.94,11909,205558,34.07
GOLDIETF, EQ, 27-Jul-2026,122.05,123.32,124,122.3,123.05,122.93,123.06,8981818,11053.02,40966,6974049,77.65
GOLDKART, SM, 27-Jul-2026,135,128.25,128.25,128.25,128.25,128.25,128.25,1250,1.6,1,1250,100
GOLDSTAR, SM, 27-Jul-2026,6.85,7.1,7.1,7.1,7.1,7.1,7.1,22500,1.6,2,22500,100
GOLDTECH, BE, 27-Jul-2026,58.72,59.3,59.3,56.5,57.4,57.15,57.27,28885,16.54,136, -, -
GOODLUCK, EQ, 27-Jul-2026,1511.6,1528.8,1547.8,1505.1,1531.5,1527.6,1527.46,74674,1140.62,7734,41967,56.2
GOODYEAR, EQ, 27-Jul-2026,822.85,813,827.45,813,819.8,818.3,818.43,10402,85.13,927,6638,63.81
GOPAL, EQ, 27-Jul-2026,258.25,265,265.05,259.25,261.4,260.15,261.13,161299,421.2,7702,66802,41.42
GOYALALUM, EQ, 27-Jul-2026,6.54,6.54,6.64,6.41,6.5,6.46,6.52,59781,3.9,337,45709,76.46
GOYALSALT, SM, 27-Jul-2026,114,115,115,114.05,114.05,114.05,114.53,1200,1.37,2,1200,100
GPECO, ST, 27-Jul-2026,421.05,427.95,435,427.95,430,430.5,431.95,11000,47.51,44,10600,96.36
GPIL, EQ, 27-Jul-2026,240.15,235.05,238.9,230.55,238.25,237.75,234.49,2618820,6140.96,34958,1178689,45.01
GPPL, EQ, 27-Jul-2026,149.23,150.12,151.86,147.74,148,148.31,149.33,1639150,2447.73,14231,1087943,66.37
GPTHEALTH, EQ, 27-Jul-2026,159.64,159.95,167,159.31,166.5,165.99,163.89,485454,795.62,7718,300008,61.8
GPTINFRA, EQ, 27-Jul-2026,116.41,118.4,123.93,117.31,123,120.9,120.8,354437,428.16,6227,189179,53.37
GRADIENTE, BE, 27-Jul-2026,2.64,2.64,2.77,2.6,2.77,2.77,2.74,157240,4.31,158, -, -
GRANDOAK, EQ, 27-Jul-2026,37.48,37.5,39.35,35.77,39.35,39.17,38.44,5970,2.29,88,2893,48.46
GRANULES, EQ, 27-Jul-2026,833.55,839.95,852.25,824.4,842.85,842.8,838.98,917482,7697.53,30634,424310,46.25
GRAPHISAD, SM, 27-Jul-2026,29,28.6,29,28.5,29,29,28.74,6000,1.72,5,3600,60
GRAPHITE, EQ, 27-Jul-2026,672.75,675.8,675.8,655.5,660.2,662.65,665.66,731066,4866.44,18224,211107,28.88
GRASIM, EQ, 27-Jul-2026,3089.4,3100,3120,3086.1,3120,3112.4,3099.22,266078,8246.35,20701,189279,71.14
GRAUWEIL, EQ, 27-Jul-2026,73.97,75.07,75.89,74.91,74.99,75.32,75.19,61669,46.37,825,32757,53.12
GRAVISSHO, EQ, 27-Jul-2026,30.55,30.8,30.8,29.1,29.2,29.45,29.52,2818,0.83,22,1123,39.85
GRAVITA, EQ, 27-Jul-2026,1775.7,1800,1807,1772.6,1789.5,1788.8,1789.44,135647,2427.32,13986,68180,50.26
GRCL, ST, 27-Jul-2026,596,585,585,585,585,585,585,250,1.46,1,250,100
GREAVESCOT, EQ, 27-Jul-2026,246.32,247.1,251.92,244.2,246.2,245.99,247.35,1108107,2740.89,20579,488090,44.05
GREENLAM, EQ, 27-Jul-2026,256,256,264.95,253.25,253.5,256.3,259.42,183172,475.19,4813,84626,46.2
GREENLEAF, ST, 27-Jul-2026,105,110.15,110.25,109.9,110.25,110.25,110.19,8000,8.82,8,7000,87.5
GREENPANEL, EQ, 27-Jul-2026,194.24,193.31,197.19,191.1,191.3,191.86,192.89,104048,200.7,6144,54876,52.74
GREENPLY, EQ, 27-Jul-2026,298.15,301.1,303.35,291.6,294,294.75,296.23,364020,1078.32,8929,133104,36.57
GREENPOWER, EQ, 27-Jul-2026,10.03,10.12,10.12,9.97,10,9.99,10.03,1353212,135.66,3368,788902,58.3
GRINDWELL, EQ, 27-Jul-2026,2011.6,2017.7,2028,1951,2015,2014.6,1993.13,54759,1091.42,9083,22607,41.28
GRINFRA, EQ, 27-Jul-2026,869.85,878,883.55,872.5,875,877.45,877.56,6380,55.99,748,3651,57.23
GRMOVER, EQ, 27-Jul-2026,90.2,91.6,92.27,89.85,90.01,90.12,90.5,340972,308.58,4244,212962,62.46
GROBTEA, EQ, 27-Jul-2026,899.8,900,900,899.95,900,899.95,899.98,5,0.04,3,3,60
GROWW, EQ, 27-Jul-2026,202.15,203.1,203.99,198.5,199.3,199.38,200.92,25644994,51526.92,128774,11870351,46.29
GROWWCAPM, EQ, 27-Jul-2026,11.19,11.46,11.46,11.11,11.25,11.2,11.19,464006,51.94,841,306654,66.09
GROWWCHEM, EQ, 27-Jul-2026,30.01,30.11,30.5,30.02,30.5,30.36,30.39,70263,21.35,305,34889,49.65
GROWWDEFNC, EQ, 27-Jul-2026,93.47,93.98,94.56,93.1,94,94.3,94.03,150653,141.66,2749,102637,68.13
GROWWEV, EQ, 27-Jul-2026,31.64,32.03,32.07,31.59,31.61,31.94,31.86,431242,137.39,2233,248985,57.74
GROWWGOLD, EQ, 27-Jul-2026,13.93,14.01,14.06,13.99,14.03,14.02,14.03,1210717,169.85,3784,409380,33.81
GROWWHOSPI, EQ, 27-Jul-2026,53.52,53.99,54.24,53.48,53.9,54.12,53.92,342069,184.46,835,273245,79.88
GROWWLIQID, EQ, 27-Jul-2026,110.07,109.52,110.09,109.52,110.08,110.08,110.08,629260,692.7,330,473146,75.19
GROWWLOVOL, EQ, 27-Jul-2026,10.35,10.49,10.52,10.25,10.5,10.5,10.48,12655,1.33,134,8891,70.26
GROWWMC150, EQ, 27-Jul-2026,227.37,229.42,230.87,228.59,228.96,228.96,229.72,498,1.14,33,442,88.76
GROWWMETAL, EQ, 27-Jul-2026,11.84,11.6,12.08,11.6,11.85,11.86,11.91,409907,48.81,2681,257382,62.79
GROWWMOM50, EQ, 27-Jul-2026,10.53,10.7,10.7,10.53,10.64,10.62,10.59,54643,5.79,505,39931,73.08
GROWWN200, EQ, 27-Jul-2026,11.23,11.23,11.39,11.23,11.25,11.32,11.31,79025,8.94,281,69425,87.85
GROWWNET, EQ, 27-Jul-2026,9.64,9.64,9.88,9.56,9.87,9.84,9.81,266755,26.16,579,173565,65.07
GROWWNIFTY, EQ, 27-Jul-2026,9.61,9.36,9.76,9.36,9.7,9.69,9.69,426495,41.31,3972,262074,61.45
GROWWNXT50, EQ, 27-Jul-2026,72.22,72.72,73.12,72.3,73.12,73,72.8,2681,1.95,126,1281,47.78
GROWWPOWER, EQ, 27-Jul-2026,11.67,11.84,11.84,11.64,11.73,11.73,11.7,1056177,123.52,2240,535162,50.67
GROWWPSE, EQ, 27-Jul-2026,100.06,100,100.8,99.65,100.1,99.91,99.91,1521,1.52,56,853,56.08
GROWWPSUBK, EQ, 27-Jul-2026,84.05,84.3,84.94,83.07,83.58,83.98,84.11,6047,5.09,141,2696,44.58
GROWWRAIL, EQ, 27-Jul-2026,28.63,29.1,29.1,28.66,28.9,28.81,28.86,584116,168.57,2349,210027,35.96
GROWWRLTY, EQ, 27-Jul-2026,9.88,9.88,10.2,9.88,10.1,10.12,10.07,322807,32.5,595,277581,85.99
GROWWSC250, EQ, 27-Jul-2026,10.17,10.22,10.35,10.19,10.28,10.24,10.3,305117,31.44,602,274490,89.96
GROWWSLVR, EQ, 27-Jul-2026,21.59,21.83,21.91,21.76,21.86,21.81,21.84,845133,184.57,2362,340986,40.35
GRPLTD, EQ, 27-Jul-2026,2007.5,2066.9,2067.3,1994,2025,2021.1,2023.4,3328,67.34,494,1932,58.05
GRSE, EQ, 27-Jul-2026,2565.8,2579.3,2659,2570,2628,2647.5,2629.33,479760,12614.48,30774,167755,34.97
GRWRHITECH, EQ, 27-Jul-2026,6903,6975,7199,6970,7180,7160,7099.16,76292,5416.09,10790,48087,63.03
GSEC10ABSL, EQ, 27-Jul-2026,113.3,111.6,112.74,111.6,112.74,112.74,112.51,10,0.01,4,10,100
GSEC10IETF, EQ, 27-Jul-2026,262.25,264.87,265.5,262.46,265.45,265.45,265.01,1162,3.08,9,1161,99.91
GSEC10YEAR, EQ, 27-Jul-2026,30.44,30.44,30.6,30.23,30.6,30.6,30.39,13859,4.21,35,9703,70.01
GSEC5IETF, EQ, 27-Jul-2026,66.15,66.67,66.67,65.35,66.2,66.19,65.79,19186,12.62,39,11738,61.18
GSFC, EQ, 27-Jul-2026,154.56,156.25,162.19,156.25,159.8,160.08,159.99,933160,1492.96,17562,463629,49.68
GSLSU, EQ, 27-Jul-2026,28.01,29.41,29.41,28.85,29.41,29.41,29.4,43770,12.87,80,38748,88.53
GSMFOILS, SM, 27-Jul-2026,277.5,279,293.85,265,270.85,271.55,276.78,140500,388.87,242,77500,55.16
GSPCROP, EQ, 27-Jul-2026,530.5,527.6,562,521.1,562,556.6,544.72,345999,1884.74,8396,82333,23.8
GSS, EQ, 27-Jul-2026,12.11,11.8,12.31,11.8,11.86,11.89,11.96,61537,7.36,180,43395,70.52
GSTL, SM, 27-Jul-2026,18.05,17.25,17.4,17.15,17.4,17.4,17.34,10000,1.73,9,10000,100
GTECJAINX, BE, 27-Jul-2026,28.64,28.64,28.65,28.64,28.64,28.64,28.64,2654,0.76,23, -, -
GTL, EQ, 27-Jul-2026,7.17,7.17,7.8,7.17,7.44,7.36,7.55,531793,40.16,1176,365832,68.79
GTLINFRA, EQ, 27-Jul-2026,1.22,1.24,1.25,1.22,1.22,1.22,1.23,25214557,309.73,10889,9471274,37.56
GTPL, EQ, 27-Jul-2026,60.68,61.6,61.94,59.11,59.6,59.86,60.01,46906,28.15,895,36389,77.58
GUFICBIO, EQ, 27-Jul-2026,378.85,384,386.5,377.6,383.35,382.25,383.49,48311,185.27,1785,26644,55.15
GUJALKALI, EQ, 27-Jul-2026,674.8,672.5,701,672.5,693,694.1,690.89,328088,2266.74,11529,103912,31.67
GUJAPOLLO, EQ, 27-Jul-2026,364.35,374,374,356.05,359,359.2,363.51,13651,49.62,2027,4181,30.63
GUJENERGY, EQ, 27-Jul-2026,265.45,266.45,267.75,262.5,265,265.55,265.09,626631,1661.11,36628,377948,60.31
GUJRAFFIA, EQ, 27-Jul-2026,40.56,40.5,40.5,39.01,39.01,39.01,39.81,229,0.09,13,228,99.56
GUJTHEM, EQ, 27-Jul-2026,360.5,360.5,369.9,355.9,363.9,360.75,362.28,33813,122.5,1412,19443,57.5
GULFOILLUB, EQ, 27-Jul-2026,1015.7,1028.4,1059,1020.9,1049.2,1048.2,1047.95,89310,935.92,11316,47353,53.02
GULFPETRO, BE, 27-Jul-2026,43.28,45.44,45.44,45.44,45.44,45.44,45.44,193586,87.97,302, -, -
GULPOLY, EQ, 27-Jul-2026,195.12,196.6,199.4,190.81,199,197.74,195.91,468199,917.26,6111,211076,45.08
GURUNANAK, ST, 27-Jul-2026,38.95,37.2,37.2,37.05,37.05,37.05,37.13,3200,1.19,2,3200,100
GVKPIL, BE, 27-Jul-2026,2.43,2.43,2.45,2.39,2.41,2.39,2.41,804849,19.37,915, -, -
GVPIL, EQ, 27-Jul-2026,800.7,805,815.55,777.6,781,779.85,787.73,134857,1062.31,6207,76736,56.9
GVPTECH, EQ, 27-Jul-2026,6.75,6.85,7.3,6.65,6.98,6.97,7.02,161096,11.3,658,117332,72.83
GVT&D, EQ, 27-Jul-2026,4157.4,4215,4338.4,4135,4213.2,4202.3,4249.08,1316155,55924.48,113540,651304,49.49
GYFTR, EQ, 27-Jul-2026,149.51,151.97,152.27,145,147.8,148.63,147.73,36262,53.57,750,8594,23.7
HAL, EQ, 27-Jul-2026,4573.4,4582,4644.8,4577,4618,4619,4618.8,694103,32059.2,50205,312535,45.03
HALDER, EQ, 27-Jul-2026,234.54,234.54,238.02,231.03,234.99,233.71,235.44,29160,68.65,392,5929,20.33
HALDYNGL, BE, 27-Jul-2026,118.96,120.92,121,118,121,120.45,120.18,3394,4.08,65, -, -
HALEOSLABS, EQ, 27-Jul-2026,1538.4,1548.2,1597.9,1531,1535,1535.6,1543.66,665,10.27,156,347,52.18
HAPPSTMNDS, EQ, 27-Jul-2026,372.55,378,388.95,377.15,388,387.7,385.78,1510349,5826.6,41036,495970,32.84
HAPPY, ST, 27-Jul-2026,62.25,60.25,63.85,60.25,63.85,63.85,61.73,22000,13.58,11,20000,90.91
HAPPYFORGE, EQ, 27-Jul-2026,1615.5,1650,1661,1626.1,1661,1650.7,1643.47,69759,1146.47,7924,31706,45.45
HARDWYN, EQ, 27-Jul-2026,15.82,16.08,16.49,15.48,15.5,15.59,15.84,4082237,646.52,7272,1541659,37.77
HARIOMPIPE, EQ, 27-Jul-2026,391.8,395,398.85,391.8,395,395,394.44,95228,375.62,3516,36458,38.28
HARRMALAYA, EQ, 27-Jul-2026,216.96,219,219,214.1,214.1,214.89,217.08,7481,16.24,306,5888,78.71
HARSHA, EQ, 27-Jul-2026,405.65,411,414.4,402.4,405.9,405.75,407.41,148943,606.81,6356,84292,56.59
HATHWAY, EQ, 27-Jul-2026,10.76,10.9,10.93,10.81,10.9,10.88,10.87,957666,104.06,1676,376987,39.37
HATSUN, EQ, 27-Jul-2026,886.85,900,900,868.1,882.9,874.65,873.47,53203,464.71,4786,37506,70.5
HAVELLS, EQ, 27-Jul-2026,1226.9,1235,1246.9,1230,1238.8,1237.4,1237.23,828132,10245.91,24010,469558,56.7
HAVISHA, EQ, 27-Jul-2026,1.23,1.25,1.25,1.2,1.21,1.21,1.22,22781,0.28,65,16474,72.31
HAWKINCOOK, EQ, 27-Jul-2026,8704,8814.5,8942.5,8790,8800,8894.5,8862.58,2418,214.3,759,1477,61.08
HBESD, EQ, 27-Jul-2026,74.01,77.99,77.99,73.51,75.5,75.33,75.77,1843,1.4,34,945,51.28
HBLENGINE, EQ, 27-Jul-2026,698.6,701.1,715.8,701.05,713,713.75,710.44,657729,4672.78,20438,303246,46.11
HBSL, BE, 27-Jul-2026,49.56,50.96,50.96,47.76,49.3,48.22,48.09,1987,0.96,37, -, -
HCC, EQ, 27-Jul-2026,21.43,21.6,22.03,21.56,21.89,21.73,21.79,16327008,3557.66,18274,5659473,34.66
HCG, EQ, 27-Jul-2026,666.55,661.6,683,661.6,683,676.95,676.19,148812,1006.25,15413,83775,56.3
HCL-INSYS, EQ, 27-Jul-2026,11.34,11.4,11.62,11.31,11.51,11.49,11.44,139383,15.95,739,84070,60.32
HCLTECH, EQ, 27-Jul-2026,1271,1284.6,1303,1277.3,1294.9,1295.9,1295.72,3847049,49846.99,100035,1971387,51.24
HDBFS, EQ, 27-Jul-2026,691.5,695,698.95,684.95,685.8,686.3,690.76,306980,2120.48,26557,188743,61.48
HDFCAMC, EQ, 27-Jul-2026,2505.7,2515.9,2558,2515.9,2553,2552.4,2547.85,554072,14116.94,32831,335874,60.62
HDFCBANK, EQ, 27-Jul-2026,742.8,746.1,747.95,738.1,740.25,739.55,740.88,29678752,219884.22,333807,20696690,69.74
HDFCBSE500, EQ, 27-Jul-2026,37,37.01,37.74,37.01,37.72,37.29,37.28,250311,93.31,231,236598,94.52
HDFCGOLD, EQ, 27-Jul-2026,121.79,123,123,122.03,122.66,122.57,122.55,1946565,2385.49,9653,1022666,52.54
HDFCGROWTH, EQ, 27-Jul-2026,115.89,115.89,118.27,115.89,117.7,117.96,117.55,55525,65.27,376,38207,68.81
HDFCLIFE, EQ, 27-Jul-2026,555.05,555.95,558.25,550.9,552.6,552.85,553.26,1368559,7571.7,29867,702341,51.32
HDFCLIQUID, EQ, 27-Jul-2026,1070.92,1073.55,1073.55,1071.04,1071.06,1071.05,1071.07,15407,165.02,65,9657,62.68
HDFCLOWVOL, EQ, 27-Jul-2026,20.53,20.7,20.79,20.69,20.75,20.73,20.72,16396,3.4,120,13633,83.15
HDFCMID150, EQ, 27-Jul-2026,22.99,23.23,23.27,23.11,23.21,23.24,23.23,281836,65.47,1380,219065,77.73
HDFCMOMENT, EQ, 27-Jul-2026,30.38,30.38,30.85,30.38,30.84,30.69,30.63,105586,32.34,592,50818,48.13
HDFCNEXT50, EQ, 27-Jul-2026,73.33,75.16,75.16,73.71,74.01,74,73.91,320148,236.62,735,290662,90.79
HDFCNIF100, EQ, 27-Jul-2026,25.64,25.13,25.98,25.13,25.89,25.88,25.89,121731,31.51,346,105271,86.48
HDFCNIFBAN, EQ, 27-Jul-2026,58.45,58.87,59,58.59,58.86,58.79,58.78,53737,31.59,502,32061,59.66
HDFCNIFIT, EQ, 27-Jul-2026,30.8,31.57,33,30.96,31.35,31.64,31.49,376771,118.63,1104,192002,50.96
HDFCNIFTY, EQ, 27-Jul-2026,268.19,269.53,270.84,269.26,270.8,270.58,269.97,69302,187.09,1275,60314,87.03
HDFCPSUBK, EQ, 27-Jul-2026,84.63,86.74,86.74,84.2,84.2,84.56,84.7,136202,115.36,331,75861,55.7
HDFCPVTBAN, EQ, 27-Jul-2026,27.86,28,28.08,27.85,27.98,27.92,27.91,333778,93.17,465,244633,73.29
HDFCQUAL, EQ, 27-Jul-2026,57.45,57.1,58.18,57.1,58.03,58.07,58.07,30052,17.45,148,11326,37.69
HDFCSENSEX, EQ, 27-Jul-2026,86.4,87.38,87.45,86.05,87.27,86.95,86.91,52836,45.92,809,38135,72.18
HDFCSILVER, EQ, 27-Jul-2026,210.79,211.66,213.85,211.66,212.83,213.09,213.15,1807284,3852.28,10604,662803,36.67
HDFCSML250, EQ, 27-Jul-2026,177.58,178.06,180.98,178.06,180.5,179.94,179.65,1684024,3025.36,8823,1227117,72.87
HDFCVALUE, EQ, 27-Jul-2026,124.9,123.65,125.73,123.65,125.3,125.65,125.55,9045,11.36,93,5310,58.71
HDIL, BZ, 27-Jul-2026,1.68,1.66,1.7,1.66,1.68,1.66,1.67,65102,1.09,141, -, -
HEADSUP, EQ, 27-Jul-2026,7.11,7.25,7.25,6.75,7.2,7.09,6.97,6420,0.45,139,4237,66
HEALTHADD, EQ, 27-Jul-2026,16.4,16.46,16.68,16.46,16.61,16.62,16.59,43437,7.2,82,35384,81.46
HEALTHAXIS, EQ, 27-Jul-2026,165.1,166.12,167.72,166.12,166.91,167.19,166.96,2047,3.42,103,1730,84.51
HEALTHCARE, EQ, 27-Jul-2026,20.96,20.96,21.87,20.96,21.34,21.33,21.27,27231,5.79,162,13602,49.95
HEALTHIETF, EQ, 27-Jul-2026,166.63,166.77,169.15,166.77,168.8,168.86,168.3,122302,205.83,2432,72363,59.17
HEALTHX, EQ, 27-Jul-2026,312.85,333.7,333.7,304.5,307.05,313.55,312.06,27401,85.51,1009,16168,59.01
HEALTHY, EQ, 27-Jul-2026,16.68,17.09,17.09,16.61,17,16.97,16.89,422037,71.28,1084,194216,46.02
HECPROJECT, EQ, 27-Jul-2026,139.46,140.2,144,135.35,139.62,137.7,139.79,25331,35.41,560,12732,50.26
HEG, EQ, 27-Jul-2026,643.15,650,663.9,635.5,653,652.5,653.89,3378029,22088.6,56961,1364866,40.4
HEIDELBERG, EQ, 27-Jul-2026,156.41,156.79,159,156.79,157.5,158.06,157.77,54269,85.62,1349,37789,69.63
HEMIPROP, EQ, 27-Jul-2026,133.37,134.9,135.5,134.13,135,135.14,135.01,135412,182.82,1601,77778,57.44
HERANBA, EQ, 27-Jul-2026,174.96,176,179.09,173.1,175.5,175.94,176.12,20953,36.9,789,11140,53.17
HERITGFOOD, EQ, 27-Jul-2026,335.3,335.6,338.05,323,326.9,327.2,330.3,647523,2138.79,10728,419897,64.85
HEROMOTOCO, EQ, 27-Jul-2026,5011.1,5050,5125.5,5034.2,5111,5113.8,5095.11,564495,28761.62,50601,328329,58.16
HESTERBIO, EQ, 27-Jul-2026,2367.4,2376,2564.9,2376,2542,2528.4,2516.55,41089,1034.03,5780,15067,36.67
HEXAGON, BE, 27-Jul-2026,65.51,65.47,65.47,63,64,64.18,63.98,345574,221.11,1341, -, -
HEXATRADEX, EQ, 27-Jul-2026,155.04,155.1,170.54,155.1,158.35,157.23,165.72,66117,109.57,1710,32921,49.79
HEXT, EQ, 27-Jul-2026,551.85,551.6,572.6,545.1,563,562.95,565.44,270444,1529.19,12590,118771,43.92
HFCL, EQ, 27-Jul-2026,196.85,200,200.9,191.1,192.06,192.54,194.85,26152896,50959.54,118846,10941681,41.84
HGINFRA, EQ, 27-Jul-2026,536.85,538.3,545.45,538.3,542.85,539.8,540.35,36021,194.64,2918,17897,49.68
HGM, EQ, 27-Jul-2026,46.73,46.9,53.9,45,53.5,52.4,50.45,11777,5.94,114,8896,75.54
HGS, EQ, 27-Jul-2026,422.55,428.8,432.55,420,421.05,422.55,423.74,15933,67.51,1059,9410,59.06
HIGREEN, SM, 27-Jul-2026,137.5,138.75,140,137,137,137,138.46,25600,35.45,32,21600,84.38
HIKAL, EQ, 27-Jul-2026,217.4,218.11,224.5,218.11,222.25,221.98,221.98,197350,438.07,5421,69549,35.24
HILINFRA, EQ, 27-Jul-2026,43.87,44.3,49.5,44.3,46.5,46.37,46.35,192373,89.16,1642,88529,46.02
HILTON, BE, 27-Jul-2026,21.14,21.35,21.69,20.51,20.89,21.05,21.21,67070,14.22,212, -, -
HIMATSEIDE, EQ, 27-Jul-2026,80.52,81.2,81.98,80.53,80.7,81.02,81.36,402565,327.54,2889,212877,52.88
HINDALCO, EQ, 27-Jul-2026,942.8,944.45,951.25,943.05,945,945.25,947.34,2035425,19282.35,63663,1229911,60.43
HINDCOMPOS, EQ, 27-Jul-2026,428.4,428.6,443.55,422,426,423.95,426.91,3220,13.75,346,1797,55.81
HINDCON, EQ, 27-Jul-2026,20.51,19.66,21.5,19.66,20.93,20.77,20.74,10048,2.08,121,8567,85.26
HINDCOPPER, EQ, 27-Jul-2026,483.15,485.95,489.5,481,483,482.4,484.85,1932275,9368.68,36458,886815,45.89
HINDOILEXP, EQ, 27-Jul-2026,162.04,160,161.81,157.61,158,157.98,159.37,257350,410.13,3635,146322,56.86
HINDPETRO, EQ, 27-Jul-2026,381.1,390.2,396.15,386.8,395.35,393.95,391.21,7119104,27850.33,64332,2854585,40.1
HINDUNILVR, EQ, 27-Jul-2026,2145,2155,2181.3,2152.4,2173.6,2174.6,2173.42,698681,15185.27,36147,395930,56.67
HINDWAREAP, EQ, 27-Jul-2026,211.9,216.85,228.9,214,228.9,221.05,218.89,148302,324.62,2447,83608,56.38
HINDZINC, EQ, 27-Jul-2026,531.95,541.05,541.6,528,529,529.65,533.34,4726406,25207.64,59645,2027499,42.9
HIRECT, EQ, 27-Jul-2026,1301.9,1333.3,1359,1316.1,1333,1332.3,1337.17,161969,2165.8,12705,52638,32.5
HISARMETAL, EQ, 27-Jul-2026,147.49,147.49,151,145.5,146.12,146.12,146.4,319,0.47,24,248,77.74
HITECH, EQ, 27-Jul-2026,84.79,85.49,87.25,85.36,86.75,86.74,86.35,289606,250.09,2929,154833,53.46
HITECHCORP, BE, 27-Jul-2026,320.25,318.1,323.5,318.1,319.5,319.35,320.04,3887,12.44,89, -, -
HITECHGEAR, BE, 27-Jul-2026,588.05,588.05,597,576,576,577.8,578.64,2317,13.41,111, -, -
HLEGLAS, EQ, 27-Jul-2026,418.95,424.4,426.55,415.15,418,418.95,419.43,112574,472.17,4603,61364,54.51
HLVLTD, EQ, 27-Jul-2026,7.06,7.07,7.37,7.07,7.35,7.31,7.28,103193,7.51,515,76517,74.15
HMAAGRO, EQ, 27-Jul-2026,21.34,21.5,21.74,21.3,21.6,21.53,21.53,102072,21.98,814,51383,50.34
HMT, BZ, 27-Jul-2026,61.39,59.5,62.3,59.5,60.5,60.77,61.06,9540,5.82,116, -, -
HMVL, EQ, 27-Jul-2026,93.4,91.65,95.5,91.65,95.18,95.25,94.85,67277,63.81,771,46795,69.56
HNDFDS, EQ, 27-Jul-2026,577.2,579.9,595,576,577.5,578.15,585.44,80724,472.59,5433,35780,44.32
HNGSNGBEES, EQ, 27-Jul-2026,484.33,494,496.43,483.01,487.4,488.21,489.65,123811,606.24,5398,80997,65.42
HOACFOODS, ST, 27-Jul-2026,738,739.95,739.95,720,730,722.05,725.03,2250,16.31,6,1875,83.33
HOLMARC, SM, 27-Jul-2026,110,110,110,109,109,109,109.5,1500,1.64,2,1500,100
HOMEFIRST, EQ, 27-Jul-2026,1174,1191.6,1220.1,1175,1188,1182.5,1189.79,149218,1775.38,15916,73542,49.28
HONASA, EQ, 27-Jul-2026,448.6,451.95,460.7,447.2,452,452.75,452.72,1134201,5134.76,29321,702687,61.95
HONAUT, EQ, 27-Jul-2026,37345,37650,38155,37325,37765,37525,37577.78,2166,813.93,1141,1019,47.05
HONDAPOWER, EQ, 27-Jul-2026,2089.2,2120.5,2135.8,2104.4,2126,2124.2,2122.32,2587,54.9,452,1273,49.21
HPAL, EQ, 27-Jul-2026,33.29,33.5,34.56,33.01,33.35,33.39,33.57,47936,16.09,798,25130,52.42
HPIL, EQ, 27-Jul-2026,125.66,124,129,120.55,124.8,121.84,122.62,1866,2.29,74,1473,78.94
HPL, EQ, 27-Jul-2026,333.5,334.95,341.95,334.95,340,339.75,339.35,58133,197.27,1695,30650,52.72
HPTL, SM, 27-Jul-2026,271.85,267,271.85,267,271.85,271.85,269.43,1200,3.23,2,1200,100
HSBCGOLD, EQ, 27-Jul-2026,124.12,126.4,126.4,123.05,125.42,125.42,125.16,755,0.94,28,564,74.7
HSCL, EQ, 27-Jul-2026,789.55,793.2,794,771.05,790.8,790.45,783.81,7101930,55665.44,72747,1845481,25.99
HTMEDIA, EQ, 27-Jul-2026,24.26,24.3,26.1,24.3,24.41,24.56,24.91,177914,44.31,710,115943,65.17
HUBTOWN, EQ, 27-Jul-2026,194.98,198,201.02,195,196.5,196.04,196.72,230322,453.09,3753,126881,55.09
HUDCO, EQ, 27-Jul-2026,195.54,199.9,205,197.1,201.41,202.16,200.99,3848410,7734.97,30407,1256570,32.65
HUHTAMAKI, EQ, 27-Jul-2026,318.68,320.26,330,306.12,313.82,312.61,317.35,3886901,12335.24,45832,812216,20.9
HVAX, SM, 27-Jul-2026,623,633,635,633,635,635,634,300,1.9,2,300,100
HYBRIDFIN, BE, 27-Jul-2026,18.14,18.04,19,18,18.76,18.76,18.22,1986,0.36,27, -, -
HYUNDAI, EQ, 27-Jul-2026,1952.6,1963,1993.7,1959.8,1985.3,1984.6,1979.56,338046,6691.82,17598,157553,46.61
IBLFL, SM, 27-Jul-2026,61,61,61,61,61,61,61,8000,4.88,2,8000,100
IBULLSLTD, BE, 27-Jul-2026,30.53,30.84,31.8,30.5,31,31.16,31.27,4694441,1467.79,5167, -, -
ICDSLTD, EQ, 27-Jul-2026,40.48,41,41,39.1,39.59,39.46,40.17,142,0.06,11,122,85.92
ICELCO, SM, 27-Jul-2026,159.6,159.6,161.1,149,154.15,153.65,153.87,241200,371.13,178,127200,52.74
ICEMAKE, EQ, 27-Jul-2026,865.7,878.05,899,858,862.3,863.25,873.22,43856,382.96,2794,25589,58.35
ICICIAMC, EQ, 27-Jul-2026,3125.6,3129.9,3152,3113.1,3136.9,3143.9,3137.31,178886,5612.21,25314,110330,61.68
ICICIB22, EQ, 27-Jul-2026,115.36,118.24,118.24,115.01,115.56,115.53,115.72,1676239,1939.67,3880,1527345,91.12
ICICIBANK, EQ, 27-Jul-2026,1432.9,1435.7,1449,1428.8,1445.5,1445.7,1439.49,10608300,152705.62,195530,7110516,67.03
ICICIGI, EQ, 27-Jul-2026,1661.8,1667.1,1693.1,1652,1682.2,1681,1677.41,904443,15171.22,61031,428960,47.43
ICICIPRULI, EQ, 27-Jul-2026,500.55,504.25,510.6,501.9,509,509.8,507.77,1911594,9706.52,50076,1198793,62.71
ICIL, EQ, 27-Jul-2026,403.45,406.7,422,398,401.35,401.15,409.18,580542,2375.49,20034,247761,42.68
ICRA, EQ, 27-Jul-2026,4804,4801,4871,4731,4741,4745,4785.01,23027,1101.84,6997,13693,59.46
IDBI, EQ, 27-Jul-2026,84.93,85.6,85.9,84.16,84.32,84.48,84.91,4321340,3669.04,17996,1331035,30.8
IDEA, EQ, 27-Jul-2026,13.13,13.13,13.26,13.02,13.06,13.06,13.13,247499082,32492.78,428129,47315474,19.12
IDEAFORGE, BE, 27-Jul-2026,870.65,870.65,884.9,857,860.55,860.25,863.47,119689,1033.48,6705, -, -
IDEALTECHO, SM, 27-Jul-2026,185,185,185,185,185,185,185,500,0.93,1,500,100
IDENTICAL, SM, 27-Jul-2026,20,20,20,19,19,19,19.37,6000,1.16,3,6000,100
IDFCFIRSTB, EQ, 27-Jul-2026,80.79,86.3,88.76,84.7,84.83,84.88,86.41,177923165,153742.33,319208,61724504,34.69
IDFNIFTYET, EQ, 27-Jul-2026,262.78,262.78,267.17,262.78,264.48,265.13,265.13,177,0.47,50,91,51.41
IEML, SM, 27-Jul-2026,41.95,42.5,43.45,42.5,43.3,43.4,43.11,18000,7.76,33,15000,83.33
IEX, EQ, 27-Jul-2026,124.26,125.21,129.49,124.5,126.99,126.77,126.98,14091109,17892.7,83232,5679723,40.31
IFBAGRO, BE, 27-Jul-2026,994.85,1030,1044.55,991,1044.55,1044.55,1034.92,18606,192.56,535, -, -
IFBIND, EQ, 27-Jul-2026,1304.1,1330,1368.9,1293.2,1329.6,1323.8,1330.22,246955,3285.06,21676,88602,35.88
IFCI, EQ, 27-Jul-2026,70.12,70.9,71.5,70.21,70.4,70.39,70.73,5755522,4071.14,19554,2077280,36.09
IFGLEXPOR, EQ, 27-Jul-2026,197.67,201.2,208.13,200,200.07,200.88,202.95,62167,126.17,3485,23646,38.04
IGARASHI, EQ, 27-Jul-2026,456.1,463.9,463.9,452,452,455.65,456.42,23795,108.6,1545,11421,48
IGCL, EQ, 27-Jul-2026,74.55,74.6,76.45,73.23,75.35,75.17,74.46,228570,170.2,1805,146585,64.13
IGIL, EQ, 27-Jul-2026,338.15,336.1,340.1,328.05,329.35,329.7,332.3,714283,2373.59,34839,399351,55.91
IGL, EQ, 27-Jul-2026,149.33,150.29,152.3,149.7,150.2,150.27,150.56,1779530,2679.3,40628,969563,54.48
IGPL, EQ, 27-Jul-2026,451.55,452.35,478,449.05,474,472.75,469.42,139288,653.85,4668,71798,51.55
IIFL, EQ, 27-Jul-2026,556.55,565,575.4,558.6,571,573.2,570.66,1874996,10699.89,28164,879405,46.9
IIFLCAPS, EQ, 27-Jul-2026,340.2,339.6,340.95,336.7,337.9,337.7,337.61,1132308,3822.75,6663,932647,82.37
IITL, EQ, 27-Jul-2026,132.02,131.01,139,131.01,135.3,132.59,135.67,95106,129.03,967,10346,10.88
IKIO, EQ, 27-Jul-2026,204.82,204.8,212.1,204.8,206.1,207.98,208.39,283051,589.86,5465,76574,27.05
IKS, EQ, 27-Jul-2026,1759.8,1761,1835,1761,1835,1829,1804.08,129614,2338.35,13156,66667,51.44
IL&FSENGG, BZ, 27-Jul-2026,31.56,30.1,32,29.99,30.7,30.7,30.83,56693,17.48,90, -, -
IL&FSTRANS, BZ, 27-Jul-2026,2.02,2.06,2.12,2,2.12,2.12,2.08,28700,0.6,58, -, -
IMAGICAA, EQ, 27-Jul-2026,46.66,46.66,47.88,45.18,45.6,45.72,45.98,440861,202.72,2691,251699,57.09
IMFA, EQ, 27-Jul-2026,1340.1,1360,1380,1342.2,1373.6,1371.8,1366.2,41870,572.03,5175,21891,52.28
IMPAL, EQ, 27-Jul-2026,1076.1,1076.1,1154.2,1072.2,1125,1132.4,1125.65,5400,60.78,794,3522,65.22
IMPEXFERRO, BZ, 27-Jul-2026,2.39,2.28,2.5,2.28,2.5,2.5,2.5,125723,3.14,37, -, -
INA, EQ, 27-Jul-2026,112.57,113.02,115.79,110,112.52,112.04,113.42,396562,449.79,3875,167970,42.36
INCREDIBLE, EQ, 27-Jul-2026,33.39,34.49,35.37,32.56,33.01,33.44,33.81,31816,10.76,153,17010,53.46
INDBANK, EQ, 27-Jul-2026,33.21,33.37,33.48,33.01,33.04,33.1,33.17,20250,6.72,362,8925,44.07
INDGN, EQ, 27-Jul-2026,492.65,491,511.4,491,510.5,508.05,506.16,165173,836.03,9835,85785,51.94
INDHOTEL, EQ, 27-Jul-2026,727.45,730.35,737.95,728.6,737,733.75,733.53,1143931,8391.13,20629,598542,52.32
INDIACEM, EQ, 27-Jul-2026,407,408,409.9,397.1,398.05,398.35,402.56,214124,861.99,10554,92379,43.14
INDIAGLYCO, EQ, 27-Jul-2026,1157.8,1171.95,1199.05,1160.7,1184,1184.45,1183.86,222525,2634.38,14590,113020,50.79
INDIAMART, EQ, 27-Jul-2026,1759.9,1772,1783.8,1755,1764.3,1759.7,1764.78,119934,2116.58,12059,76165,63.51
INDIANB, EQ, 27-Jul-2026,826.1,835,838.6,826.1,829.8,831.25,832.08,936950,7796.15,21342,461936,49.3
INDIANCARD, EQ, 27-Jul-2026,223.97,224.04,228.15,221.7,225,224.6,225.02,1945,4.38,34,1758,90.39
INDIANHUME, EQ, 27-Jul-2026,387.15,394,394.9,385.7,386.85,387,389.05,45948,178.76,1697,17574,38.25
INDIASHLTR, EQ, 27-Jul-2026,723.9,724,738,716.55,729.95,727.95,727.07,122066,887.51,8636,68928,56.47
INDIGO, EQ, 27-Jul-2026,4985,5111,5242.5,5095,5240,5230,5185.67,1731299,89779.37,104301,690307,39.87
INDIGOPNTS, EQ, 27-Jul-2026,1048.9,1059.9,1098.7,1055.3,1074.7,1073.9,1082.91,75768,820.5,8927,37419,49.39
INDIGRID, IV, 27-Jul-2026,179.27,179.98,180.2,176.9,177.4,177.2,177.98,1245183,2216.13,12016,1105157,88.75
INDIQUBE, EQ, 27-Jul-2026,181.31,184.5,184.5,176,176,177.51,180.38,39427,71.12,1100,15932,40.41
INDNIPPON, EQ, 27-Jul-2026,1198,1203,1229.2,1191.6,1202,1198.9,1208.93,22084,266.98,2230,10784,48.83
INDOAMIN, BE, 27-Jul-2026,129.47,130.99,131.85,127.05,129.33,128.11,129.25,39564,51.14,246, -, -
INDOBORAX, EQ, 27-Jul-2026,416.1,423.95,426,392,399.95,406.6,409.96,418213,1714.5,12104,78173,18.69
INDOCO, EQ, 27-Jul-2026,243.42,245,250.99,243.98,248,248.14,248.86,80973,201.51,2270,31977,39.49
INDOFARM, EQ, 27-Jul-2026,152.25,154,158,153.38,156,155.38,156.22,139104,217.3,2540,32565,23.41
INDORAMA, EQ, 27-Jul-2026,48.43,49,50.75,48.91,49.7,49.74,50.03,175679,87.89,1342,103804,59.09
INDOSTAR, EQ, 27-Jul-2026,260.5,261,274.95,261,269.5,268.5,270.06,76295,206.04,2786,35162,46.09
INDOTECH, BE, 27-Jul-2026,3418,3400,3550,3351.1,3510,3503.4,3461.54,29769,1030.47,1495, -, -
INDOTHAI, EQ, 27-Jul-2026,216.3,217,223,216.24,220,220.09,218.53,1498077,3273.79,6349,716620,47.84
INDOUS, EQ, 27-Jul-2026,84.98,88.18,88.7,83.6,84,85,85.95,11099,9.54,473,7290,65.68
INDOWIND, BE, 27-Jul-2026,9.14,9.23,9.25,9.03,9.25,9.22,9.2,64444,5.93,247, -, -
INDPRUD, EQ, 27-Jul-2026,6570,6570,6588.5,6400,6564,6552,6557.38,16,1.05,10,13,81.25
INDRAMEDCO, EQ, 27-Jul-2026,364.6,366.6,371.95,364.6,368.95,368.6,368.07,108019,397.59,2831,53062,49.12
INDSWFTLAB, EQ, 27-Jul-2026,227.49,228,240.7,228,240.4,239.91,237.56,478681,1137.15,6934,263877,55.13
INDTERRAIN, EQ, 27-Jul-2026,29.26,30.84,30.84,28.64,29.69,29.21,29.24,6916,2.02,102,4879,70.55
INDUSINDBK, EQ, 27-Jul-2026,996.05,1003,1015.6,1000.1,1005,1006.65,1007.2,1979222,19934.75,49523,1004700,50.76
INDUSINVIT, IV, 27-Jul-2026,130.76,131.07,131.77,129.57,131,130.63,130.43,164175,214.13,7097,127440,77.62
INDUSTOWER, EQ, 27-Jul-2026,394.6,396,397.25,382.5,385.5,387.4,391.48,3923875,15361.18,50582,1955127,49.83
INFINIUM, SM, 27-Jul-2026,209,213.8,214,206.1,206.1,206.1,211.3,1500,3.17,3,1000,66.67
INFLUX, SM, 27-Jul-2026,290.15,290.3,290.3,280.3,285,285,284.74,31200,88.84,37,22200,71.15
INFOBEAN, EQ, 27-Jul-2026,157.33,159.69,161.8,156.1,158.6,157.14,159.42,220223,351.08,3501,72676,33
INFOLLION, SM, 27-Jul-2026,159.9,160.05,163.05,157,158.8,158.75,159.61,10000,15.96,19,8800,88
INFOMEDIA, EQ, 27-Jul-2026,5.57,5.75,5.75,5.18,5.5,5.45,5.44,38681,2.1,126,20518,53.04
INFRA, EQ, 27-Jul-2026,12.05,12.14,12.16,12.08,12.16,12.13,12.12,22664,2.75,130,12882,56.84
INFRABEES, EQ, 27-Jul-2026,957.26,957.26,974,952.47,965,963.34,962.09,6686,64.33,707,2646,39.58
INFRAIETF, EQ, 27-Jul-2026,94.89,95.43,96.39,95.38,95.5,95.63,95.55,289174,276.31,2212,234991,81.26
INFY, EQ, 27-Jul-2026,1040.9,1065,1082,1057.4,1078.3,1079.2,1075.47,15956349,171605.07,241917,8371338,52.46
INGERRAND, EQ, 27-Jul-2026,4354.3,4374,4442,4323.1,4397,4378.9,4415.24,31797,1403.91,3232,15771,49.6
INM, SM, 27-Jul-2026,175,179.6,181,179.6,180,180,180.46,4200,7.58,6,4200,100
INNOMET, ST, 27-Jul-2026,184.15,180.5,180.5,180.5,180.5,180.5,180.5,7200,13,11,7200,100
INNOVACAP, EQ, 27-Jul-2026,950.45,948,975.9,948,975,970.4,966.34,43736,422.64,4907,26090,59.65
INNOVANA, EQ, 27-Jul-2026,344.35,349.85,352.5,337.95,347.65,347.55,347.4,2360,8.2,234,1499,63.52
INNOVISION, EQ, 27-Jul-2026,285.3,285.65,290,282.4,283.35,283.55,284.31,20237,57.54,982,12394,61.24
INOXGREEN, EQ, 27-Jul-2026,191.87,193,202.58,192.4,198.5,199.05,197.46,5386399,10636.12,40924,1673480,31.07
INOXINDIA, EQ, 27-Jul-2026,2004,2041,2041,1965.1,1999,1985.9,1988.04,121889,2423.2,15074,52217,42.84
INOXWIND, EQ, 27-Jul-2026,76.97,78,78.5,77.21,78.5,78.23,78.06,7107792,5548.65,21217,1898710,26.71
INSECTICID, EQ, 27-Jul-2026,616.1,616.1,645,610,614.95,612.55,621.84,46257,287.65,4974,23724,51.29
INSPIRE, ST, 27-Jul-2026,9.05,8.6,9.5,8.6,9.5,9.5,9.05,4000,0.36,2,4000,100
INSPIRISYS, BE, 27-Jul-2026,97.88,101.7,101.7,97.07,101,99.34,99.78,2644,2.64,34, -, -
INTEGRITY, ST, 27-Jul-2026,160,163,163,163,163,163,163,1200,1.96,1,1200,100
INTELLECT, EQ, 27-Jul-2026,732.2,735.35,748.3,713.25,714,717.7,728.76,545930,3978.5,20023,283616,51.95
INTENTECH, EQ, 27-Jul-2026,90.45,90,92.9,88.5,89.49,89.02,89.95,18288,16.45,362,11864,64.87
INTERARCH, EQ, 27-Jul-2026,1799.3,1800,1850,1800,1829.3,1827.1,1830.36,27618,505.51,3612,11623,42.08
INTERNET, EQ, 27-Jul-2026,12.97,13.08,13.31,13.08,13.24,13.26,13.19,161767,21.34,203,117951,72.91
INTLCONV, EQ, 27-Jul-2026,75.05,76.2,76.98,73.31,75.18,74.93,75.28,42439,31.95,1097,23971,56.48
INVENTURE, EQ, 27-Jul-2026,0.89,0.9,0.94,0.9,0.91,0.91,0.93,1402535,12.99,394,934591,66.64
INVICTA, ST, 27-Jul-2026,63.75,66.7,66.85,66.7,66.75,66.75,66.77,8000,5.34,5,8000,100
INVPRECQ, BE, 27-Jul-2026,979.85,984.75,998.8,931,960,971,962.81,3712,35.74,170, -, -
IOB, EQ, 27-Jul-2026,33.88,34.35,34.53,34.02,34.16,34.12,34.23,2152227,736.67,10638,1018550,47.33
IOC, EQ, 27-Jul-2026,138.47,140.5,142,139.91,142,141.52,140.77,8260417,11628.51,53328,4519199,54.71
IOLCP, EQ, 27-Jul-2026,149.22,150.9,152.9,149.56,151.25,151.46,151.54,1217772,1845.46,11493,484864,39.82
IONEXCHANG, EQ, 27-Jul-2026,425.1,430,434.4,423.9,426.9,427.4,429.39,647993,2782.44,18392,231366,35.71
IPCALAB, EQ, 27-Jul-2026,1762.7,1762.7,1800,1749.6,1789,1777.6,1771.62,119666,2120.03,20101,56917,47.56
IPHL, SM, 27-Jul-2026,55,57,66,57,66,66,63.74,138000,87.97,92,122400,88.7
IPL, EQ, 27-Jul-2026,149.98,150.48,152.67,148.93,150.05,149.88,150.45,110128,165.69,1933,61049,55.43
IPSL, SM, 27-Jul-2026,235,215,244.8,215,244.8,244.8,233.66,2000,4.67,4,500,25
IRB, EQ, 27-Jul-2026,19.61,19.88,19.95,19.6,19.6,19.62,19.69,4354101,857.33,12978,2160879,49.63
IRBINVIT, IV, 27-Jul-2026,63.01,63.3,63.95,63.19,63.49,63.47,63.46,1310922,831.96,7118,1176550,89.75
IRCON, EQ, 27-Jul-2026,126.07,127.59,128.22,126.1,126.43,126.48,126.78,660499,837.38,9080,243203,36.82
IRCTC, EQ, 27-Jul-2026,495.05,498,499.8,493.1,494,494,495.54,517297,2563.43,18717,295977,57.22
IREDA, EQ, 27-Jul-2026,120.48,120.79,121.83,119.56,120.29,120.29,120.52,4198411,5059.93,23887,1447260,34.47
IRFC, EQ, 27-Jul-2026,87.62,88.1,88.53,88,88.06,88.13,88.3,5143354,4541.82,31870,1899961,36.94
IRIS, EQ, 27-Jul-2026,244.5,248.5,254.4,241.55,241.55,244.25,247.14,21765,53.79,699,11386,52.31
IRISDOREME, EQ, 27-Jul-2026,47.83,48,49.8,46.35,48.94,48.29,48.33,1814818,877.04,12429,313742,17.29
IRMENERGY, EQ, 27-Jul-2026,254.55,255.05,265,255,257.95,258.8,259.45,58820,152.61,1945,21495,36.54
ISFT, EQ, 27-Jul-2026,76.24,79.2,79.2,75.05,77,77.07,77.53,12671,9.82,174,9561,75.46
ISGEC, EQ, 27-Jul-2026,855.6,861.4,872,854.65,861.4,859.25,863.62,14481,125.06,1922,7431,51.32
ISHAN, SM, 27-Jul-2026,0.5,0.5,0.5,0.5,0.5,0.5,0.5,144000,0.72,3,144000,100
ISHANCH, EQ, 27-Jul-2026,52.14,51.65,53.68,51.65,52.9,52.64,52.94,3698,1.96,46,2815,76.12
IT, EQ, 27-Jul-2026,31.99,32.31,32.79,32.31,32.78,32.74,32.66,461773,150.83,1136,272810,59.08
ITADD, EQ, 27-Jul-2026,30.53,30.85,31.38,30.85,31.21,31.26,31.3,141234,44.21,163,103908,73.57
ITALIANE, SM, 27-Jul-2026,33,32.2,32.2,31.7,31.85,31.85,31.95,24000,7.67,12,22000,91.67
ITAXIS, EQ, 27-Jul-2026,316.49,319.33,325,318.76,323.02,323.94,323.69,13220,42.79,496,11471,86.77
ITBEES, EQ, 27-Jul-2026,32,32.27,32.8,32.27,32.7,32.7,32.66,19426362,6345.48,18273,14173237,72.96
ITBETA, EQ, 27-Jul-2026,303.03,303.1,311.44,303.1,309.41,309.43,308.27,5006,15.43,48,3957,79.05
ITC, EQ, 27-Jul-2026,283.45,287.75,287.9,285.5,285.95,285.85,286.65,19312804,55360.85,236925,12277445,63.57
ITCHOTELS, EQ, 27-Jul-2026,159.92,161.22,166.45,161,166.15,165.43,164.27,2555776,4198.41,37183,1417495,55.46
ITDC, EQ, 27-Jul-2026,737.4,740.25,759.5,725.2,734.9,735.15,743.84,329942,2454.22,14243,69436,21.04
ITETF, EQ, 27-Jul-2026,30.48,30.97,31.27,30.69,31.17,31.16,31.13,578301,180.03,880,450866,77.96
ITI, EQ, 27-Jul-2026,275.15,277.45,279.85,275.55,276.8,276.1,277.07,142075,393.64,3939,54825,38.59
ITIETF, EQ, 27-Jul-2026,31.97,32.43,32.82,32.34,32.72,32.73,32.68,908636,296.96,1761,581541,64
ITTL, ST, 27-Jul-2026,70.65,69.25,69.25,69.25,69.25,69.25,69.25,105,0.07,1,105,100
IVALUE, EQ, 27-Jul-2026,287.7,293.95,296.85,287.7,289.95,288.9,291.18,395532,1151.71,19189,212265,53.67
IVC, EQ, 27-Jul-2026,8.23,8.2,8.36,8.2,8.32,8.27,8.29,152441,12.63,640,95880,62.9
IVP, BE, 27-Jul-2026,151.02,153.8,157.9,153.8,156.8,154.28,154.99,2136,3.31,45, -, -
IVZINGOLD, EQ, 27-Jul-2026,124.05,124.95,125.25,124.35,125,125,124.9,9767,12.2,144,7261,74.34
IVZINNIFTY, EQ, 27-Jul-2026,2726.94,2745,2754.49,2736.32,2754.3,2752.73,2746.74,426,11.7,59,371,87.09
IWARE, ST, 27-Jul-2026,493.9,495,495,469.25,475,472.75,474.33,18000,85.38,29,15600,86.67
IWP, EQ, 27-Jul-2026,32.36,34.48,34.48,32.54,33,32.88,32.96,2234,0.74,34,1577,70.59
IXIGO, EQ, 27-Jul-2026,184.6,187.5,197.99,185.4,196,195.99,195.25,1133097,2212.35,17569,317043,27.98
IZMO, EQ, 27-Jul-2026,1104.5,1107,1130,1090.1,1110,1104,1108.57,70875,785.7,5584,33542,47.33
J&KBANK, EQ, 27-Jul-2026,172.57,174,178.05,172,177.04,177.51,175.67,3410387,5990.93,29691,1563845,45.86
JAGRAN, EQ, 27-Jul-2026,62.85,63.49,63.69,62.1,62.39,62.31,62.57,178008,111.39,2628,103559,58.18
JAGSNPHARM, EQ, 27-Jul-2026,221.61,221.61,232,217.18,229.9,229.61,227.03,68559,155.65,2193,28594,41.71
JAIBALAJI, BE, 27-Jul-2026,61.24,61.44,62.49,60.61,61.59,61.34,61.57,282117,173.7,645, -, -
JAICORPLTD, EQ, 27-Jul-2026,100.33,101.2,103,101.2,102.75,102.69,102.45,222591,228.05,2690,88468,39.74
JAINIK, SM, 27-Jul-2026,174,173.8,178.65,173.8,178.4,178.4,177.25,9600,17.02,7,9600,100
JAINREC, EQ, 27-Jul-2026,341,342,346.45,336.15,337.45,338.45,341.7,721453,2465.23,17724,218911,30.34
JAIPURKURT, EQ, 27-Jul-2026,27.01,27.6,27.6,26.23,26.55,26.65,26.78,1980,0.53,36,1697,85.71
JALAN, ST, 27-Jul-2026,1.65,1.6,1.6,1.6,1.6,1.6,1.6,51000,0.82,10,51000,100
JAMNAAUTO, EQ, 27-Jul-2026,132.67,133.73,136.26,132.67,135.1,135.06,134.34,1623281,2180.64,14764,812520,50.05
JARO, EQ, 27-Jul-2026,475.7,480.5,480.55,472.4,480,478.55,478.31,101111,483.62,1746,14890,14.73
JASH, EQ, 27-Jul-2026,508,511,519.9,507.15,516.65,516.8,512.86,99741,511.53,8471,53317,53.46
JAYAGROGN, EQ, 27-Jul-2026,222.32,222.32,237,219.11,237,232.68,227.29,13851,31.48,400,10811,78.05
JAYBARMARU, EQ, 27-Jul-2026,161.36,165,169.42,161,169.42,169.42,165.44,430679,712.5,4386,254852,59.17
JAYBEE, SM, 27-Jul-2026,88,87,90.45,86.7,90.4,89.9,88.58,14000,12.4,24,12500,89.29
JAYESH, SM, 27-Jul-2026,129,133.9,140,133.9,140,140,136.3,3000,4.09,3,3000,100
JAYKAY, EQ, 27-Jul-2026,165.16,164.4,170.58,164.4,169.5,167.99,168.42,60169,101.33,1371,33408,55.52
JAYNECOIND, EQ, 27-Jul-2026,86.76,88,88.74,87,87.24,87.58,87.93,3068361,2698.04,19476,1392445,45.38
JAYSREETEA, EQ, 27-Jul-2026,80.68,82.38,82.4,80,80.1,80.53,80.82,19965,16.14,415,12543,62.82
JBMA, EQ, 27-Jul-2026,656.05,659,672,659,665.4,665,666.19,185743,1237.41,7872,67809,36.51
JETFREIGHT, EQ, 27-Jul-2026,22.88,22.63,24.52,22.63,23.43,23.44,23.8,390592,92.98,1367,220642,56.49
JEYYAM, ST, 27-Jul-2026,26.2,26.3,26.75,25.7,26,26,26.14,22000,5.75,10,18000,81.82
JFLLIFE, SM, 27-Jul-2026,11.35,11.9,11.9,10.85,11.45,11.25,11.44,48000,5.49,7,36000,75
JGCHEM, EQ, 27-Jul-2026,505.35,506.45,512,501.05,505.05,507.75,506.86,157788,799.76,5523,77031,48.82
JHS, EQ, 27-Jul-2026,7.49,7.41,7.75,7.34,7.34,7.4,7.44,57649,4.29,130,51178,88.78
JINDALPHOT, EQ, 27-Jul-2026,1076.1,1090.5,1090.5,1045.1,1060.1,1063.4,1065.55,3204,34.14,468,1668,52.06
JINDALPOLY, EQ, 27-Jul-2026,637.35,637.6,646.95,633.3,637.9,635.4,638.28,7824,49.94,740,3794,48.49
JINDALSAW, EQ, 27-Jul-2026,255.35,257.4,259.5,250,250.9,250.85,254.05,690623,1754.51,13895,314069,45.48
JINDALSTEL, EQ, 27-Jul-2026,1035.8,1055,1068.2,1036,1066,1065.7,1061.01,2617855,27775.78,70538,1368212,52.26
JINDRILL, EQ, 27-Jul-2026,605.1,601.3,602.5,589,591.3,594.35,593.93,94034,558.5,3085,31559,33.56
JINDWORLD, EQ, 27-Jul-2026,37.83,38.1,40.4,37.5,39.15,39.43,39.13,55992502,21907.69,123513,3484112,6.22
JIOFIN, EQ, 27-Jul-2026,234.71,237,237.4,235.26,236.24,236.17,236.13,6984152,16491.86,59868,3140188,44.96
JISLDVREQS, EQ, 27-Jul-2026,21.28,21.78,22.1,21.32,21.52,21.92,21.91,18803,4.12,53,18053,96.01
JISLJALEQS, EQ, 27-Jul-2026,30.37,30.5,31.04,30.26,30.4,30.43,30.58,902016,275.86,4546,499303,55.35
JITFINFRA, EQ, 27-Jul-2026,365.4,370,373.95,347.15,348.6,350.35,354.43,36661,129.94,899,21645,59.04
JIWANRAM, SM, 27-Jul-2026,4.9,4.9,4.9,4.9,4.9,4.9,4.9,6000,0.29,1,6000,100
JKCEMENT, EQ, 27-Jul-2026,5649,5699.5,5749,5631,5732,5730,5718.73,39940,2284.06,13985,21203,53.09
JKIL, EQ, 27-Jul-2026,485.65,492.9,496,485.15,487.05,489,489.47,98303,481.16,2198,56685,57.66
JKIPL, BE, 27-Jul-2026,96.69,96.45,98,93.5,96.67,96.88,96.91,13919,13.49,100, -, -
JKLAKSHMI, EQ, 27-Jul-2026,572.5,576.9,578.7,571.5,575.1,574.2,574.5,59113,339.6,5779,29475,49.86
JKPAPER, EQ, 27-Jul-2026,401.45,406.7,419.2,403.7,417.3,414.55,411.89,2094793,8628.22,46117,710124,33.9
JKTYRE, EQ, 27-Jul-2026,390.6,396,402.2,394.3,399.4,399.6,398.9,438325,1748.46,11242,183388,41.84
JLHL, EQ, 27-Jul-2026,323.2,321.1,330,312.9,329,327,319.84,147567,471.98,7613,60142,40.76
JMA, EQ, 27-Jul-2026,88.35,89.5,89.5,86.4,88.88,88.88,88.41,3391,3,63,2904,85.64
JMFINANCIL, EQ, 27-Jul-2026,122.05,123,125.74,122.66,124,124.36,124.53,1505925,1875.33,18458,758452,50.36
JNKINDIA, EQ, 27-Jul-2026,470.9,472,481.7,465.1,470.9,469.4,474.1,173799,823.97,4866,62739,36.1
JOCIL, BE, 27-Jul-2026,147.9,147.9,149,146.42,148,148,148.75,2251,3.35,21, -, -
JPOLYINVST, EQ, 27-Jul-2026,1029.1,1026.4,1057.9,1026.4,1036.1,1043.1,1043.78,4498,46.95,720,1833,40.75
JPPOWER, EQ, 27-Jul-2026,16.95,17.2,17.29,16.95,16.99,17.01,17.11,28221162,4828.91,23243,9206142,32.62
JSFB, EQ, 27-Jul-2026,536.95,544,559.6,532,537,537.25,541.04,428226,2316.88,16980,185745,43.38
JSL, EQ, 27-Jul-2026,714.25,720,726.75,710.1,724.2,724,719.85,338590,2437.35,26581,188457,55.66
JSLL, EQ, 27-Jul-2026,554.8,557.5,581.45,557.5,562.8,565.35,569.41,483511,2753.17,14291,238310,49.29
JSWCEMENT, EQ, 27-Jul-2026,132.12,132.99,136.15,132.99,135,134.41,134.62,1002215,1349.2,19892,432627,43.17
JSWDULUX, EQ, 27-Jul-2026,2943.9,2960,2970,2910.1,2930,2944,2936.23,10518,308.83,2681,3849,36.59
JSWENERGY, EQ, 27-Jul-2026,551.65,552,556.9,547.45,549.6,549.7,550.75,1125093,6196.43,21895,509496,45.28
JSWHL, EQ, 27-Jul-2026,10865,10867,11105,10822,11060,10999,10970.83,2154,236.31,1092,958,44.48
JSWINFRA, EQ, 27-Jul-2026,322.7,322.7,325.65,317.05,321.35,321.8,320.78,3153852,10116.79,53586,2012922,63.82
JSWSTEEL, EQ, 27-Jul-2026,1240.8,1251,1251,1234.3,1248.9,1244.6,1241.49,1128386,14008.76,26104,646140,57.26
JTEKTINDIA, EQ, 27-Jul-2026,131.62,132.99,133.81,132.01,132.5,133.29,133.1,83304,110.88,1388,37905,45.5
JTLIND, EQ, 27-Jul-2026,72.64,73.37,74.2,72.42,73.39,73.18,73.38,1019554,748.15,6849,489336,48
JUBLCPL, EQ, 27-Jul-2026,1851.5,1851.5,1887.9,1842.2,1860,1876.7,1872.81,2702,50.6,465,1587,58.73
JUBLFOOD, EQ, 27-Jul-2026,418.25,420.8,428.4,420.45,428,427.45,425.95,1229160,5235.64,18218,446895,36.36
JUBLINGREA, EQ, 27-Jul-2026,725.55,725.55,755.25,725.3,745,744.1,745.8,445843,3325.11,25743,219505,49.23
JUBLPHARMA, EQ, 27-Jul-2026,965.35,975,988.75,972.5,973.6,979.7,981.13,117876,1156.52,13666,69371,58.85
JUNIORBEES, EQ, 27-Jul-2026,776.3,780,784.48,777.32,783.99,783.45,782.25,338305,2646.38,9860,230424,68.11
JUNIPER, EQ, 27-Jul-2026,193.07,198.4,199,193.81,198.5,198.01,197.22,110129,217.19,4395,72938,66.23
JUSTDIAL, EQ, 27-Jul-2026,728.95,741,741,712.25,716.35,718.7,724.8,356069,2580.8,8858,107102,30.08
JWL, EQ, 27-Jul-2026,246.55,247.05,250.4,246.8,247.4,247.6,248.48,356937,886.9,9308,160415,44.94
JYOTHYLAB, EQ, 27-Jul-2026,198.57,200.19,204.19,197.25,202,201.98,202.41,575317,1164.49,13323,265803,46.2
JYOTICNC, EQ, 27-Jul-2026,795.05,801,812,797.1,805,803.75,805.2,312391,2515.39,10363,153145,49.02
JYOTIGLOBL, SM, 27-Jul-2026,36,36,36,36,36,36,36,2000,0.72,1,2000,100
JYOTISTRUC, EQ, 27-Jul-2026,10.97,11.09,11.14,10.9,10.96,10.94,10.99,2371702,260.69,2351,1162497,49.02
K2INFRA, ST, 27-Jul-2026,58.7,56.15,57.95,55.8,55.95,56.3,56.29,15600,8.78,23,12600,80.77
KABRAEXTRU, EQ, 27-Jul-2026,376.8,392,408,377.25,407,404.8,397.58,577413,2295.67,20717,179895,31.16
KAJARIACER, EQ, 27-Jul-2026,1214.9,1214.9,1252,1212,1218.5,1220,1232.94,206695,2548.42,14412,109662,53.05
KAKATCEM, BE, 27-Jul-2026,121,123.9,123.9,120,120,120.34,120.92,554,0.67,28, -, -
KALAMANDIR, EQ, 27-Jul-2026,88.43,89.25,89.72,86.94,87.98,87.34,88.27,1025959,905.6,8182,666081,64.92
KALANA, SM, 27-Jul-2026,18.15,19.7,19.7,17,17.85,17.6,17.32,68000,11.78,32,48000,70.59
KALPATARU, EQ, 27-Jul-2026,266.35,267,270.35,265.25,266.25,267,267.87,53611,143.61,2352,27401,51.11
KALYANIFRG, EQ, 27-Jul-2026,601.9,600.1,624,598.9,602,604,610.07,2464,15.03,126,1447,58.73
KALYANKJIL, EQ, 27-Jul-2026,573.55,575.1,585.55,562.45,565.4,564.6,571.54,16629166,95042.69,150668,2825753,16.99
KAMAHOLD, EQ, 27-Jul-2026,2527.9,2565.8,2585,2530.2,2538,2543.5,2558.07,1784,45.64,542,707,39.63
KAMATHOTEL, EQ, 27-Jul-2026,169.11,169.13,172.35,168.08,171,169.83,169.8,31689,53.81,1203,18422,58.13
KAMDHENU, BE, 27-Jul-2026,36.14,36.5,37,35.7,37,36.76,36.28,836699,303.54,1348, -, -
KAMOPAINTS, EQ, 27-Jul-2026,4.55,4.55,4.69,4.5,4.67,4.61,4.6,207932,9.56,555,133871,64.38
KANANIIND, EQ, 27-Jul-2026,1.49,1.48,1.55,1.31,1.55,1.51,1.47,170626,2.51,272,82587,48.4
KANCHI, BE, 27-Jul-2026,355.4,359,370.9,359,370.9,370.9,359.08,510,1.83,18, -, -
KANDARP, SM, 27-Jul-2026,91.35,99.9,99.9,91.35,95,96.7,94.92,18000,17.09,14,10000,55.56
KANORICHEM, BE, 27-Jul-2026,161.75,162.4,162.45,155,157.5,159.73,160.27,30418,48.75,384, -, -
KANPRPLA, EQ, 27-Jul-2026,221.25,229,229.9,223,225.06,224.54,225.91,48793,110.23,1456,21932,44.95
KANSAINER, EQ, 27-Jul-2026,193.19,196.68,206.6,194.8,203.95,203.88,202.76,635135,1287.83,12967,268936,42.34
KAPSTON, EQ, 27-Jul-2026,460.7,467,468.55,452.65,464,460.2,459.84,36890,169.63,1532,23641,64.09
KARMAENG, EQ, 27-Jul-2026,38.18,38.18,39.09,37.72,38.3,37.81,38.04,4354,1.66,64,2486,57.1
KARNIKA, SM, 27-Jul-2026,112.95,113.25,113.8,108.05,113.8,111.85,110.46,117000,129.24,98,86000,73.5
KARURVYSYA, EQ, 27-Jul-2026,338.9,341,344.75,335.7,339,339.65,339.87,2727470,9269.9,60308,1521706,55.79
KATARIA, SM, 27-Jul-2026,98.3,99.95,99.95,99.95,99.95,99.95,99.95,600,0.6,1,600,100
KAUSHALYA, BE, 27-Jul-2026,895,910,920,880,909,909.5,916.04,118,1.08,22, -, -
KAVDEFENCE, EQ, 27-Jul-2026,57.06,56.51,58.59,56.51,57.61,57.37,57.63,45791,26.39,858,26648,58.19
KAYA, EQ, 27-Jul-2026,282.63,285,287.99,281.02,284.39,282.22,283.54,24755,70.19,579,18976,76.66
KAYNES, EQ, 27-Jul-2026,3176.2,3211,3224.9,3173,3181,3181.3,3191.72,614724,19620.3,39358,163120,26.54
KAYTEX, SM, 27-Jul-2026,59,59,60,58.25,58.5,58.5,59.13,14400,8.51,11,14400,100
KCEIL, SM, 27-Jul-2026,87.6,89.15,96.1,89.15,93,92.65,92.86,33000,30.64,59,26000,78.79
KCK, SM, 27-Jul-2026,17.7,18,18,17,17.15,17.3,17.45,570000,99.49,117,372500,65.35
KCP, EQ, 27-Jul-2026,162.64,163.7,165.98,161.66,162.4,162.55,163.27,98347,160.57,1743,47675,48.48
KCPSUGIND, EQ, 27-Jul-2026,27.85,28.7,32.84,28.21,32,32.08,31.12,3727198,1159.93,22316,1468250,39.39
KDDL, EQ, 27-Jul-2026,3135.2,3182.2,3219.9,3070,3120,3119,3147.7,11663,367.12,2150,6349,54.44
KDL, SM, 27-Jul-2026,118.15,118.2,118.2,113.15,114,114.3,115.91,16350,18.95,72,12000,73.39
KEC, EQ, 27-Jul-2026,469.9,475.95,476,464.05,464.5,464.6,467.59,947596,4430.82,22012,590537,62.32
KECL, EQ, 27-Jul-2026,124.85,126.9,137.33,126.9,137.33,137.33,135.15,418474,565.55,2529,332438,79.44
KEEPLEARN, EQ, 27-Jul-2026,1.85,1.9,1.98,1.71,1.93,1.9,1.86,149543,2.79,136,44220,29.57
KEI, EQ, 27-Jul-2026,4868,4902,4945,4850,4861,4873,4898.1,136296,6675.91,20881,51334,37.66
KEL, SM, 27-Jul-2026,81.45,80,80,78,78.1,78.1,79.01,12000,9.48,9,12000,100
KELLTONTEC, EQ, 27-Jul-2026,14.09,14.22,14.69,14.02,14.11,14.1,14.23,1690609,240.57,3292,821631,48.6
KEN, SM, 27-Jul-2026,35,36.1,36.1,35.2,35.2,35.2,35.57,3600,1.28,3,3600,100
KENNAMET, EQ, 27-Jul-2026,2782.9,2783.4,2860.5,2783.4,2830.5,2837.3,2832.89,24487,693.69,2816,17809,72.73
KERNEX, EQ, 27-Jul-2026,2205.2,2215,2337,2208,2317,2321.2,2294.71,215636,4948.22,15448,121585,56.38
KESORAMIND, BE, 27-Jul-2026,11.72,11.66,12.1,11.14,11.6,11.45,11.4,637264,72.63,857, -, -
KEYFINSERV, EQ, 27-Jul-2026,253.89,267.89,267.89,255.1,259,259.08,258.32,1589,4.1,52,859,54.06
KFINTECH, EQ, 27-Jul-2026,857.75,872.35,955.3,862,948.1,949.25,928.8,10620157,98640.3,161390,1949521,18.36
KHADIM, BE, 27-Jul-2026,94.13,95.8,98.75,93.1,94.5,93.71,95.87,59802,57.33,1286, -, -
KHAICHEM, EQ, 27-Jul-2026,47.95,49.4,50.9,48.6,48.95,48.86,49.7,166939,82.97,1186,114972,68.87
KHAITANLTD, BE, 27-Jul-2026,128.83,128.8,130.89,128.8,130.89,130.83,130.01,385,0.5,10, -, -
KHANDSE, EQ, 27-Jul-2026,17.83,17.83,17.83,17,17.37,17.2,17.41,5348,0.93,46,5038,94.2
KHFM, SM, 27-Jul-2026,44.7,44.8,47.8,44.7,47.8,47.8,45.5,6200,2.82,3,6200,100
KICL, EQ, 27-Jul-2026,5298,5300,5475,5300,5390,5445.5,5401.66,1682,90.86,331,1181,70.21
KILITCH, BE, 27-Jul-2026,180.01,181.9,189,175,181.99,180.85,179.89,54695,98.39,276, -, -
KIMS, EQ, 27-Jul-2026,797.85,801.95,805.95,790.1,802.4,800.45,797.72,392176,3128.45,20583,194462,49.59
KINGFA, EQ, 27-Jul-2026,5212,5114,5484.5,5101,5101,5128.5,5255.21,18705,982.99,4373,4849,25.92
KIOCL, EQ, 27-Jul-2026,348.75,352,359.2,352,354.1,355.35,356.03,63446,225.89,3046,26088,41.12
KIRANVYPAR, EQ, 27-Jul-2026,200.32,201.32,202,199,201,201,200.5,246,0.49,23,126,51.22
KIRIINDUS, EQ, 27-Jul-2026,405.55,409,414.2,407,410,410.8,410.77,126856,521.09,3379,69237,54.58
KIRLFER, EQ, 27-Jul-2026,470.65,471.2,484.3,468.2,483,480.95,478.53,109886,525.84,5951,69594,63.33
KIRLOSBROS, EQ, 27-Jul-2026,1836.1,1837,1859.5,1790,1834.7,1833.5,1823.2,62726,1143.62,8862,20179,32.17
KIRLOSENG, EQ, 27-Jul-2026,2182.5,2190,2298,2141,2275,2283.1,2247.11,537005,12067.1,51009,263851,49.13
KIRLOSIND, EQ, 27-Jul-2026,3787.7,3851,3855.4,3784.2,3811.3,3807.2,3823.04,2617,100.05,737,1083,41.38
KIRLPNU, EQ, 27-Jul-2026,1497.1,1494.1,1539.8,1461.9,1490,1489.6,1491.31,200249,2986.33,22205,89974,44.93
KISSHT, EQ, 27-Jul-2026,340.15,341.8,351.5,339.1,344,342.25,346.67,1766690,6124.55,32313,848070,48
KITEX, EQ, 27-Jul-2026,147.04,147.04,150.97,146.41,146.7,147.18,148.4,420805,624.48,4633,197055,46.83
KKCL, EQ, 27-Jul-2026,502.3,509.4,513.45,498,498,501.95,506.36,35517,179.84,1679,22670,63.83
KKJEWELS, SM, 27-Jul-2026,104.05,104,107,102.3,107,106.9,105.26,12000,12.63,11,8000,66.67
KLBRENG-B, EQ, 27-Jul-2026,439.5,442.15,444.35,437,440,439.65,439.75,52812,232.24,2300,39123,74.08
KLL, SM, 27-Jul-2026,29.1,28.6,28.6,27.9,28.4,28.15,28.11,16800,4.72,16,12800,76.19
KMEW, EQ, 27-Jul-2026,2430.3,2430.3,2478.9,2400,2445,2427.8,2444.38,39707,970.59,7716,12475,31.42
KMSUGAR, EQ, 27-Jul-2026,27.66,27.81,28.8,27.81,28.26,28.33,28.38,110779,31.43,1187,64787,58.48
KNACK, EQ, 27-Jul-2026,194.88,196.75,205.74,196,197,197.35,201.19,2296861,4621.15,24070,651060,28.35
KNAGRI, EQ, 27-Jul-2026,213.64,219,227,212.43,222.9,221.46,220.01,24096,53.01,665,14742,61.18
KNRCON, EQ, 27-Jul-2026,121.22,122.25,123.01,121.5,122.3,122.58,122.36,343142,419.86,5564,178225,51.94
KODYTECH, SM, 27-Jul-2026,1223,1257,1345.3,1257,1345.3,1345.3,1312.87,24700,324.28,197,20300,82.19
KOHINOOR, EQ, 27-Jul-2026,22.92,22.98,23.39,22.93,23.29,23.21,23.16,81373,18.85,2138,16048,19.72
KOKUYOCMLN, EQ, 27-Jul-2026,83.87,86.7,86.7,83.89,85.9,85.86,85.14,16269,13.85,225,11714,72
KOLTEPATIL, EQ, 27-Jul-2026,391.25,398,398,384.6,388,386.6,389.13,38187,148.6,1798,23737,62.16
KONSTELEC, ST, 27-Jul-2026,64.35,64.35,65.5,61.2,62,62,63.12,9000,5.68,8,9000,100
KOPRAN, BE, 27-Jul-2026,198.74,201.9,204,197.99,200.5,201.21,201.83,51205,103.35,449, -, -
KORE, SM, 27-Jul-2026,167.5,165,177.6,160,177.45,177.2,171.92,5750,9.89,20,5500,95.65
KOTAKBANK, EQ, 27-Jul-2026,384.75,386,388.75,383.55,386,384.65,385.05,16710096,64342.61,208906,12419233,74.32
KOTARISUG, EQ, 27-Jul-2026,24.45,24.15,24.94,24.15,24.9,24.84,24.77,39790,9.86,231,28606,71.89
KOTHARIPET, EQ, 27-Jul-2026,131.82,132.36,138.5,132.36,136.06,136.07,136.29,121244,165.24,2095,52478,43.28
KOTHARIPRO, EQ, 27-Jul-2026,68.08,69.8,69.8,67.65,68.93,68.25,68.33,4791,3.27,106,2715,56.67
KOTIC, EQ, 27-Jul-2026,163,163,176,163,167,164.82,167.76,10204,17.12,476,5977,58.58
KOTYARK, BE, 27-Jul-2026,31.82,31.96,32.35,30.25,32.33,31.97,31.08,111439,34.63,386, -, -
KOVAI, EQ, 27-Jul-2026,5845,5848,5900.5,5760.5,5790,5844,5841.52,3319,193.88,1172,1562,47.06
KPEL, EQ, 27-Jul-2026,302.8,303.95,315.5,301.95,310.5,311.15,308.12,162993,502.21,4458,80029,49.1
KPIGREEN, EQ, 27-Jul-2026,390.2,391.75,398,391.5,392,392.45,393.69,307348,1209.99,9917,141361,45.99
KPIL, EQ, 27-Jul-2026,1299.9,1305.8,1312,1278,1300,1298.4,1292.32,161452,2086.47,16873,79682,49.35
KPITTECH, EQ, 27-Jul-2026,583.2,585.7,594.1,580.7,585,585.2,586.45,5068869,29726.24,55732,1130942,22.31
KPL, EQ, 27-Jul-2026,2781.7,2829.9,2830,2700.9,2705.9,2708,2760.1,19615,541.39,3398,10171,51.85
KPRMILL, EQ, 27-Jul-2026,1061.5,1076,1079.9,1048.2,1058,1056,1058.73,225674,2389.28,19548,107294,47.54
KRBL, EQ, 27-Jul-2026,350.75,351.45,356,349.5,349.65,350.55,351.78,157363,553.58,4762,84877,53.94
KREBSBIO, EQ, 27-Jul-2026,51.9,53.3,56.77,53.3,55.5,55.5,55.5,4036,2.24,69,3134,77.65
KRIDHANINF, BE, 27-Jul-2026,2.44,2.32,2.5,2.32,2.35,2.34,2.34,69254,1.62,60, -, -
KRISHANA, EQ, 27-Jul-2026,162.05,163.75,169.45,160.55,167.25,167.65,166.09,2829905,4700.26,18203,1422070,50.25
KRISHCA, SM, 27-Jul-2026,170,173,173,162,165,164.75,166.51,34000,56.61,53,28000,82.35
KRISHIVAL, EQ, 27-Jul-2026,387.55,395,397.5,385.9,393,390.75,390.52,8398,32.8,351,6122,72.9
KRISHNADEF, EQ, 27-Jul-2026,1316.8,1334.3,1367.9,1290,1290,1295.9,1324.31,105239,1393.69,7901,44287,42.08
KRITI, BE, 27-Jul-2026,64.25,64,66.8,64,64.5,64.64,65.16,9157,5.97,63, -, -
KRITIKA, EQ, 27-Jul-2026,5.47,5.47,5.65,5.4,5.5,5.52,5.52,154171,8.51,362,77680,50.39
KRITINUT, EQ, 27-Jul-2026,75.21,75.7,79.5,75.7,76.6,78.71,77.58,5193,4.03,69,4945,95.22
KRMAYURVED, ST, 27-Jul-2026,255.3,253.5,259.6,253.3,255,255,256.88,44000,113.03,35,38000,86.36
KRN, BE, 27-Jul-2026,1233.9,1255,1265,1231.5,1241.2,1244.6,1249.15,49483,618.12,3606, -, -
KRONOX, EQ, 27-Jul-2026,154.39,159.59,159.59,153.21,156,155.55,155.72,102020,158.86,2130,51186,50.17
KROSS, EQ, 27-Jul-2026,206.13,205,205,189,191.5,190.31,194.13,1456808,2828.1,25307,510346,35.03
KRSNAA, EQ, 27-Jul-2026,544.8,545.35,549.9,539.7,542.35,542.1,543.82,72447,393.98,6454,47138,65.07
KRT, RR, 27-Jul-2026,116.69,116.99,118.39,116.25,118.3,118.04,117.18,350586,410.83,6120,245941,70.15
KRYSTAL, EQ, 27-Jul-2026,601.4,604.45,604.75,600,600.3,600.3,600.88,9369,56.3,185,6879,73.42
KSB, EQ, 27-Jul-2026,866.05,874.95,889,859.15,874,877.4,878.25,141045,1238.72,14336,50904,36.09
KSCL, EQ, 27-Jul-2026,835.5,846,847.4,831,832.8,832.7,836.72,39047,326.71,2838,20500,52.5
KSHINTL, EQ, 27-Jul-2026,888.45,892.8,899.7,881.05,886,885.1,888.93,72826,647.37,6153,33115,45.47
KSHITIJPOL, BE, 27-Jul-2026,2.86,3,3,2.72,3,3,2.87,3450046,98.91,2306, -, -
KSL, EQ, 27-Jul-2026,892.95,895.8,906.8,886.3,897,895.95,895.49,23019,206.13,2247,9101,39.54
KSOLVES, EQ, 27-Jul-2026,280.9,283,286.5,278,278.1,279.5,280.6,35524,99.68,1925,19481,54.84
KSR, EQ, 27-Jul-2026,29.52,30.11,30.69,28.21,28.79,28.51,28.87,21014,6.07,159,17165,81.68
KTKBANK, EQ, 27-Jul-2026,279.7,280,287,280,286.5,285.55,284.61,3550008,10103.5,30100,2017248,56.82
KUANTUM, EQ, 27-Jul-2026,77.36,79.5,83.38,79.5,79.98,80.17,80.99,213786,173.15,2643,94920,44.4
KUSUMGAR, EQ, 27-Jul-2026,601.35,609.05,623.95,573,574.95,575.2,593.84,1108662,6583.64,32942,451576,40.73
KWIL, EQ, 27-Jul-2026,32,32.44,32.48,31.39,31.5,31.5,31.73,5030799,1596.29,15450,2826388,56.18
LAGNAM, EQ, 27-Jul-2026,90.31,90.31,92.01,88.8,91.23,90.38,90.13,25151,22.67,200,23253,92.45
LAKPRE, BZ, 27-Jul-2026,5.05,5.18,5.2,4.82,5,5,5.07,2402,0.12,10, -, -
LAKSHYA, SM, 27-Jul-2026,95.75,97.2,97.2,93.8,93.8,93.8,95.17,5600,5.33,7,4800,85.71
LAL, EQ, 27-Jul-2026,8.38,8.38,8.67,7.99,8.2,8.1,8.26,67053,5.54,209,43624,65.06
LALPATHLAB, EQ, 27-Jul-2026,1759.2,1800.4,1894.9,1793,1820,1827.2,1861.27,2106429,39206.28,131764,543118,25.78
LAMBODHARA, EQ, 27-Jul-2026,112.27,114.99,115,111.63,115,114.21,113.91,2211,2.52,53,1484,67.12
LAMOSAIC, ST, 27-Jul-2026,48.3,48.95,50,46.1,47.75,49.65,48.74,124800,60.83,62,117000,93.75
LANCORHOL, EQ, 27-Jul-2026,25.81,25.51,26.19,25.06,25.51,25.3,25.48,54742,13.95,857,23181,42.35
LANDMARK, EQ, 27-Jul-2026,512.8,534,542,520.05,537.8,538.5,534.16,678636,3625.03,20689,196711,28.99
LANDSMILL, EQ, 27-Jul-2026,0.75,0.75,0.89,0.75,0.83,0.82,0.83,15689177,130.33,2143,6474504,41.27
LAOPALA, EQ, 27-Jul-2026,184.35,185.51,190.11,184.2,185.8,185.87,186.32,88612,165.1,4860,34655,39.11
LASA, EQ, 27-Jul-2026,6.94,6.98,7.18,6.76,6.86,6.82,6.86,22892,1.57,148,19149,83.65
LASERPOWER, EQ, 27-Jul-2026,307.52,315.55,317,298,308.48,306.22,306.35,5223714,16002.84,54003,1399280,26.79
LATENTVIEW, EQ, 27-Jul-2026,296.05,299,321.1,299,314.05,313.85,316.44,5284442,16721.93,74082,995219,18.83
LATTEYS, BE, 27-Jul-2026,20.4,20.4,20.95,19.5,20,20,19.85,52419,10.4,206, -, -
LAURUSLABS, EQ, 27-Jul-2026,1601.2,1624.8,1734.5,1617.1,1711,1713.4,1691.75,7989771,135167.04,185888,2480358,31.04
LAXMICOT, EQ, 27-Jul-2026,14.12,14.5,14.99,14.25,14.4,14.37,14.5,26446,3.83,70,25963,98.17
LAXMIDENTL, EQ, 27-Jul-2026,216.44,218,223,217,217.7,218.05,218.56,145098,317.12,2116,98551,67.92
LAXMIINDIA, BE, 27-Jul-2026,129.12,131.49,131.49,127,128.8,128.52,128.78,62891,80.99,463, -, -
LCCINFOTEC, EQ, 27-Jul-2026,4.38,4.57,4.57,4.17,4.36,4.34,4.33,63940,2.77,151,35836,56.05
LEMERITE, EQ, 27-Jul-2026,20.5,20.87,21.41,20.79,21.4,21.33,21.02,530355,111.5,1125,209328,39.47
LEMONTREE, EQ, 27-Jul-2026,109.36,110.36,112.9,110.36,111.7,111.82,111.84,1685106,1884.66,30239,1002621,59.5
LENSKART, EQ, 27-Jul-2026,555.9,558,574.7,558,572,572,569.06,4051944,23058.07,80024,2412543,59.54
LEXUS, EQ, 27-Jul-2026,15.13,15.28,15.35,14.8,14.8,14.97,14.97,12698,1.9,148,10390,81.82
LFIC, EQ, 27-Jul-2026,143.3,145,149,135.51,143.05,144.89,145.71,1339,1.95,45,1056,78.86
LGBBROSLTD, EQ, 27-Jul-2026,1540.4,1540.4,1575,1536.7,1555.6,1553.8,1557.89,17755,276.6,2227,10506,59.17
LGEINDIA, EQ, 27-Jul-2026,1527.2,1529.9,1539.9,1522,1528,1526.8,1528.78,97519,1490.85,7870,50515,51.8
LGHL, EQ, 27-Jul-2026,203.91,206,212.99,204,204,205.19,206.79,20414,42.21,267,2795,13.69
LIBAS, EQ, 27-Jul-2026,10.04,10.55,10.55,10.02,10.18,10.12,10.16,31100,3.16,117,19030,61.19
LIBERTSHOE, EQ, 27-Jul-2026,258.25,264,272,259.4,268.9,269,268.27,98288,263.68,3972,32654,33.22
LICHSGFIN, EQ, 27-Jul-2026,538.95,542.4,553.5,541.1,552,551.75,548.38,763125,4184.85,18157,377005,49.4
LICI, EQ, 27-Jul-2026,421.3,422.1,427.35,422.1,425,424.35,424.62,1064234,4518.98,17470,437849,41.14
LICMFGOLD, EQ, 27-Jul-2026,128.7,129.4,129.8,128.8,129.05,129.05,129.41,27101,35.07,444,11471,42.33
LICNETFGSC, EQ, 27-Jul-2026,29.36,29.5,29.73,29.36,29.46,29.46,29.46,62005,18.27,114,38807,62.59
LICNETFN50, EQ, 27-Jul-2026,266.3,268.02,269,267.83,268.51,268.51,268.53,302,0.81,27,162,53.64
LICNETFSEN, EQ, 27-Jul-2026,862.07,840.51,866.91,840.51,866.91,866.91,862.01,13,0.11,4,11,84.62
LICNFNHGP, EQ, 27-Jul-2026,273.4,273.44,275.39,273.44,275.38,275.1,274.05,129,0.35,17,96,74.42
LICNMID100, EQ, 27-Jul-2026,62.07,62.07,62.82,62.07,62.62,62.62,62.55,7581,4.74,85,1747,23.04
LIKHITHA, EQ, 27-Jul-2026,226.6,224,236,216.8,227,230.3,229.92,36538,84.01,1365,19524,53.43
LINC, EQ, 27-Jul-2026,102.67,101.56,104.37,101.56,102.71,102.83,103.02,19327,19.91,430,14778,76.46
LINCOLN, EQ, 27-Jul-2026,580,584,592.45,578.1,583.7,582.1,584.83,12914,75.52,1113,7164,55.47
LINDEINDIA, EQ, 27-Jul-2026,6731,6752,6810,6726,6779,6766.5,6765.15,17244,1166.58,4973,8403,48.73
LIQGRWBEES, EQ, 27-Jul-2026,1049.05,1049.18,1049.2,1049.18,1049.18,1049.18,1049.19,33787,354.49,177,23311,68.99
LIQUID, EQ, 27-Jul-2026,999.99,999.99,1000,999.99,1000,999.99,1000,219929,2199.29,134,168533,76.63
LIQUID1, EQ, 27-Jul-2026,1115.2,1115.21,1116.5,1115.2,1115.36,1115.35,1115.36,617354,6885.73,431,522564,84.65
LIQUIDADD, EQ, 27-Jul-2026,1137.35,1137.49,1137.51,1137.49,1137.49,1137.49,1137.5,646698,7356.16,452,500364,77.37
LIQUIDBEES, EQ, 27-Jul-2026,999.99,1000.97,1000.97,999.99,1000,999.99,1000,2867011,28670.02,3961,2373421,82.78
LIQUIDBETA, EQ, 27-Jul-2026,1001.57,1001.72,1001.72,1001.72,1001.72,1001.72,1001.72,2,0.02,1,2,100
LIQUIDBETF, EQ, 27-Jul-2026,1091.81,1091.96,1091.98,1091.96,1091.97,1091.97,1091.97,112886,1232.68,121,74379,65.89
LIQUIDCASE, EQ, 27-Jul-2026,115.17,115.18,115.2,115.18,115.18,115.19,115.19,13555490,15614.41,10837,9572200,70.61
LIQUIDETF, EQ, 27-Jul-2026,1000,999.99,1000.01,999.99,1000,999.99,1000,54978,549.78,202,34270,62.33
LIQUIDIETF, EQ, 27-Jul-2026,999.99,1000,1000.01,999.99,999.99,999.99,1000,274535,2745.34,331,222276,80.96
LIQUIDPLUS, EQ, 27-Jul-2026,1096.02,1094.92,1096.18,1094,1096.16,1096.16,1096.17,734165,8047.68,251,454625,61.92
LIQUIDSBI, EQ, 27-Jul-2026,1000,1000,1000.01,999.99,999.99,999.99,999.99,6202,62.02,34,4333,69.86
LIQUIDSHRI, EQ, 27-Jul-2026,1114.54,1114.7,1114.7,1114.68,1114.68,1114.68,1114.69,1652,18.41,29,1281,77.54
LLOYDS, ST, 27-Jul-2026,70.5,70.5,70.5,67,67,67,67.9,4000,2.72,4,4000,100
LLOYDSENGG, EQ, 27-Jul-2026,88.42,89.05,92,89.05,91.31,91.33,91.24,9220184,8412.92,31777,4363725,47.33
LLOYDSENT, EQ, 27-Jul-2026,78.04,78.69,82,78.56,81.6,81.64,81.16,5630540,4569.51,23374,2441067,43.35
LLOYDSME, EQ, 27-Jul-2026,1940.5,1959.4,2037,1928,2013.9,2014.9,2001.41,1480673,29634.41,48389,782061,52.82
LMW, EQ, 27-Jul-2026,15763,15799,16249,15670,16218,16140,15950.47,4554,726.38,1385,2514,55.2
LODHA, EQ, 27-Jul-2026,1144.1,1155,1207,1150.1,1204.45,1198.7,1187.42,4971286,59030.16,119386,1140247,22.94
LOKESHMACH, BE, 27-Jul-2026,339,339,339,334.35,335,335,334.92,16831,56.37,81, -, -
LORDSCHLO, EQ, 27-Jul-2026,149.05,153,162.46,150.09,160.01,157.86,158.6,135332,214.64,2485,91051,67.28
LOTUSDEV, EQ, 27-Jul-2026,180.39,182.74,188.4,182.15,187.82,187.95,186.05,7601080,14141.66,19494,2989970,39.34
LOTUSEYE, EQ, 27-Jul-2026,119.06,118.5,125.46,118,118.87,118.95,120.96,65528,79.26,1052,38506,58.76
LOVABLE, EQ, 27-Jul-2026,71.96,72.95,73.4,70.6,71.45,71.21,71.41,17873,12.76,363,13554,75.84
LOWVOL, EQ, 27-Jul-2026,205.73,206.62,208.15,206.62,208.11,208.11,207.97,79,0.16,7,79,100
LOWVOL1, EQ, 27-Jul-2026,20.95,20.91,21.32,20.91,21.32,21.25,21.27,796393,169.39,247,662457,83.18
LOWVOLIETF, EQ, 27-Jul-2026,22.08,22.33,22.33,22.18,22.27,22.29,22.25,3774766,839.87,1624,3516150,93.15
LOYALTEX, EQ, 27-Jul-2026,205.05,205,205,193,204,203.94,203.97,104,0.21,10,98,94.23
LPDC, EQ, 27-Jul-2026,6.1,6.1,6.42,6,6.26,6.11,6.09,28889,1.76,105,23246,80.47
LRRPL, SM, 27-Jul-2026,86.05,86,86,86,86,86,86,1500,1.29,1,1500,100
LT, EQ, 27-Jul-2026,3785.6,3820,3837.3,3798.7,3808,3806,3818.44,1454211,55528.11,70922,795426,54.7
LTF, EQ, 27-Jul-2026,302.4,305,312.85,305,312.8,312.25,311.29,5922451,18436.09,42903,2028526,34.25
LTFOODS, EQ, 27-Jul-2026,375.6,377.7,380,375.15,376.25,376.4,377.03,314585,1186.07,23363,173261,55.08
LTGILTBEES, EQ, 27-Jul-2026,29.86,30.35,30.46,29.7,29.98,29.98,29.97,1259216,377.44,658,1098171,87.21
LTGILTCASE, EQ, 27-Jul-2026,30.45,30.54,30.54,30.47,30.54,30.53,30.54,108123,33.02,486,104784,96.91
LTM, EQ, 27-Jul-2026,4091.8,4119.5,4215,4115,4181.3,4190.8,4181.78,468632,19597.18,39314,183821,39.23
LTTS, EQ, 27-Jul-2026,3418.1,3464,3519,3444.1,3500,3498.1,3488.06,106805,3725.42,12174,46459,43.5
LUMAXIND, EQ, 27-Jul-2026,5142,5198,5272.5,5152.5,5197.5,5182,5204.26,6273,326.46,1868,3259,51.95
LUMAXTECH, EQ, 27-Jul-2026,1465.8,1465.8,1524.8,1465.8,1492.4,1493.9,1498.97,106677,1599.06,10908,44883,42.07
LUPIN, EQ, 27-Jul-2026,2370.5,2371,2432.1,2368.1,2410,2410,2411.01,1179096,28428.09,61157,737727,62.57
LUXIND, EQ, 27-Jul-2026,1226.6,1228.9,1255,1227.1,1246,1246.6,1240.9,15993,198.46,1498,8990,56.21
LXCHEM, EQ, 27-Jul-2026,182.28,191,193.98,185.46,193,193.05,190.75,3877963,7397.12,39701,1382674,35.65
LYKALABS, BE, 27-Jul-2026,62.53,63.99,65.4,63.5,64.2,64.41,64.53,8337,5.38,80, -, -
M&M, EQ, 27-Jul-2026,3161.4,3183,3246.8,3179,3240,3238.6,3219.03,2264570,72897.11,103100,1354234,59.8
M&MFIN, EQ, 27-Jul-2026,356.5,361,369,356.6,361,363,363.18,3518187,12777.3,47977,1462778,41.58
MAANALU, EQ, 27-Jul-2026,114.86,113.6,116.88,113.6,114.9,114.21,115.06,26594,30.6,558,16959,63.77
MACOBSTECH, SM, 27-Jul-2026,207.1,207,207,207,207,207,207,25600,52.99,13,24000,93.75
MACPOWER, EQ, 27-Jul-2026,1344.5,1348,1399.6,1307,1330,1318.3,1340.37,9734,130.47,1481,4989,51.25
MADHAV, EQ, 27-Jul-2026,33.79,33.79,35.42,33.7,33.71,33.79,34,8781,2.99,40,7579,86.31
MADHAVBAUG, ST, 27-Jul-2026,202,196,196,191.9,191.9,191.9,194,1600,3.1,4,1600,100
MADHAVIPL, EQ, 27-Jul-2026,7.85,7.89,8.09,7.61,7.75,7.81,7.86,116737,9.17,345,89679,76.82
MADHUCON, BE, 27-Jul-2026,5.31,5.31,5.5,5.15,5.39,5.35,5.31,4989,0.27,41, -, -
MADHUSUDAN, ST, 27-Jul-2026,233,240,243.9,235,235.2,237.65,240.12,56000,134.47,48,44000,78.57
MADRASFERT, EQ, 27-Jul-2026,66.35,65.7,67.29,65.7,66.07,66.55,66.68,38460,25.65,568,22950,59.67
MAFANG, EQ, 27-Jul-2026,196.13,192.54,192.54,192.54,192.54,192.54,192.54,201030,387.06,329,150030,74.63
MAFATIND, EQ, 27-Jul-2026,132.9,134.9,135,133.65,135,134.51,134.38,19820,26.63,507,14421,72.76
MAGADSUGAR, EQ, 27-Jul-2026,493.85,490.95,503.95,485,485,489.05,492.08,6443,31.7,578,3400,52.77
MAGNUM, EQ, 27-Jul-2026,19.42,19.9,20.25,19.01,20.25,19.85,19.73,180562,35.63,353,126910,70.29
MAGSON, SM, 27-Jul-2026,180,182,182,182,182,182,182,1000,1.82,1,1000,100
MAHABANK, EQ, 27-Jul-2026,81.03,81.54,82.29,79.94,80.8,80.63,80.83,13344525,10786.28,61392,6667788,49.97
MAHAPEXLTD, EQ, 27-Jul-2026,43.53,43.07,45,43.07,45,44.49,44.2,7027,3.11,55,2966,42.21
MAHASTEEL, EQ, 27-Jul-2026,757.35,751.35,787.45,742,760,769.2,767.68,9571,73.47,597,5817,60.78
MAHEPC, EQ, 27-Jul-2026,105.38,105.6,110.38,105.6,108.41,108.04,108.35,81080,87.85,1298,45614,56.26
MAHESHWARI, BE, 27-Jul-2026,73.15,73.5,73.5,72.11,73.5,73.5,72.96,6559,4.79,27, -, -
MAHICKRA, SM, 27-Jul-2026,257.95,264.95,265,264.95,265,265,264.98,1500,3.97,2,750,50
MAHKTECH, EQ, 27-Jul-2026,23.16,23.08,23.31,23.08,23.31,23.31,23.29,741183,172.64,5152,660704,89.14
MAHLIFE, EQ, 27-Jul-2026,374.65,380,384.05,373.3,377.9,380.25,378.45,485785,1838.46,14704,278968,57.43
MAHLOG, EQ, 27-Jul-2026,416.35,417,431.9,412.95,417.1,419.1,422.8,920860,3893.36,24256,514956,55.92
MAHSCOOTER, EQ, 27-Jul-2026,12672,12651,13158,12651,13045,12986,12922.38,3651,471.8,1251,1716,47
MAHSEAMLES, EQ, 27-Jul-2026,571.55,574.6,581.4,573.4,579.85,576.85,578.21,30834,178.29,3298,16943,54.95
MAITHANALL, EQ, 27-Jul-2026,959.3,965,983,961.8,968,966.3,968.83,22763,220.54,2001,14111,61.99
MAITREYA, SM, 27-Jul-2026,138,128.6,128.6,119.85,119.85,120,121.46,26800,32.55,47,21600,80.6
MAJESAUT, EQ, 27-Jul-2026,422.8,430,435,426.15,430,429.15,429.8,18307,78.68,982,14232,77.74
MAKEINDIA, EQ, 27-Jul-2026,161.52,161.85,163.15,161.73,162.68,163.08,162.86,24626,40.11,351,19297,78.36
MAL, SM, 27-Jul-2026,32,32.35,32.5,32.35,32.5,32.4,32.43,6400,2.08,4,6400,100
MALLCOM, EQ, 27-Jul-2026,1038.9,1032,1038.9,989.1,989.1,999.4,1009.4,2568,25.92,372,1894,73.75
MALUPAPER, EQ, 27-Jul-2026,35.68,36,37.4,35,35.03,35.2,36.27,114211,41.42,666,35992,31.51
MAMATA, EQ, 27-Jul-2026,395.45,398,398,379.1,381.9,380.75,385.37,56905,219.29,1790,35684,62.71
MANAKALUCO, EQ, 27-Jul-2026,35.23,35.58,36.69,34.97,35.2,35.2,35.5,32269,11.45,569,16247,50.35
MANAKCOAT, EQ, 27-Jul-2026,126.02,126.01,129.27,125.13,125.55,126.11,126.78,574875,728.82,3025,390195,67.87
MANAKSIA, EQ, 27-Jul-2026,55.82,55.82,58.97,55.26,56.09,56.02,56.56,13352,7.55,306,7474,55.98
MANAKSTEEL, EQ, 27-Jul-2026,70.72,73,73.5,69.5,70,69.97,70.57,22889,16.15,221,18719,81.78
MANALIPETC, EQ, 27-Jul-2026,66.77,67.75,68.5,66,67,66.97,67.28,665825,447.95,4984,271548,40.78
MANAPPURAM, EQ, 27-Jul-2026,352.95,356,361.5,354.65,360.1,359.85,357.4,3881990,13874.4,42137,1863626,48.01
MANAV, SM, 27-Jul-2026,29.85,28.4,28.4,28.4,28.4,28.4,28.4,4000,1.14,1,4000,100
MANBA, EQ, 27-Jul-2026,138.21,141,151,138,149.2,146.37,145.78,2948629,4298.38,31045,300908,10.21
MANCREDIT, EQ, 27-Jul-2026,215.03,225,244.88,217.35,221,222.3,234.71,1930672,4531.55,24229,63660,3.3
MANDEEP, SM, 27-Jul-2026,19.95,19.8,19.95,19.8,19.95,19.95,19.88,6000,1.19,3,6000,100
MANGALAM, EQ, 27-Jul-2026,27.22,27.22,27.79,27.07,27.43,27.42,27.24,8630,2.35,98,6465,74.91
MANGLMCEM, EQ, 27-Jul-2026,984.05,985.05,997.2,981,984.65,984.7,988.61,13172,130.22,641,6860,52.08
MANINDS, EQ, 27-Jul-2026,527.35,533.9,543.75,524.05,529.5,526.8,532.68,188808,1005.74,7847,95506,50.58
MANINFRA, EQ, 27-Jul-2026,96.68,97.15,98.93,97.15,98.9,98.38,98.18,303888,298.35,2138,105672,34.77
MANKIND, EQ, 27-Jul-2026,2507.2,2513,2559,2513,2558,2551.6,2545.46,185805,4729.59,16882,94420,50.82
MANOMAY, EQ, 27-Jul-2026,202.68,202.5,208,202.5,207.75,206.46,206.01,203755,419.76,1489,49045,24.07
MANORAMA, EQ, 27-Jul-2026,1585.5,1595.5,1674,1591.7,1657,1658.9,1650.65,286631,4731.27,19169,153242,53.46
MANORG, BE, 27-Jul-2026,523.6,523.1,537,523.1,524,526.25,532.12,1386,7.38,58, -, -
MANUFGBEES, EQ, 27-Jul-2026,159.47,159.91,161.16,159.91,160.3,160.99,160.66,2641,4.24,61,2509,95
MANUGRAPH, BE, 27-Jul-2026,13.51,13.89,13.89,12.84,13.6,13.09,13.11,7659,1,43, -, -
MANYAVAR, EQ, 27-Jul-2026,402.3,412.9,419.9,397.2,407.1,410.3,408.45,685960,2801.78,34245,392798,57.26
MAPMYINDIA, EQ, 27-Jul-2026,1117.1,1135,1167.95,1128,1134.3,1132.1,1149.88,309716,3561.37,20720,78388,25.31
MARALOVER, BE, 27-Jul-2026,56,56.05,58.8,56.05,58.8,58.7,58.05,28139,16.34,231, -, -
MARATHON, EQ, 27-Jul-2026,382.75,386.1,394.5,383.4,390,388.7,389.61,86840,338.34,2601,44887,51.69
MARC, SM, 27-Jul-2026,120.85,119.1,123,114,115,115.55,119.18,28800,34.32,24,16800,58.33
MARCO, SM, 27-Jul-2026,34.5,33.5,33.5,32.9,32.9,32.9,33.27,4500,1.5,3,1500,33.33
MARICO, EQ, 27-Jul-2026,855.6,862,864.6,852,859.3,858.65,857.51,1006199,8628.25,25597,551556,54.82
MARINE, EQ, 27-Jul-2026,254.8,259.9,271.8,256.25,270.3,269.95,264.87,1123801,2976.62,17430,479887,42.7
MARKOLINES, EQ, 27-Jul-2026,175.85,177.85,182.09,176,176.9,178.36,179.86,161933,291.26,1818,39310,24.28
MARKSANS, EQ, 27-Jul-2026,246.3,248,265.5,247.75,264.1,263.4,259.5,2396136,6217.92,37556,964809,40.27
MARSONS, EQ, 27-Jul-2026,109.92,111.75,113.99,110.5,111.69,111.86,112.51,1816057,2043.16,9752,299329,16.48
MARUSHIKA, SM, 27-Jul-2026,94.5,89.15,99,89.15,94,94,96.28,15600,15.02,10,13200,84.62
MARUTI, EQ, 27-Jul-2026,13442,13579,13760,13501,13730,13730,13647.89,333477,45512.56,53523,182035,54.59
MASFIN, EQ, 27-Jul-2026,313.55,316.95,323.8,315.15,317.1,318.3,318.56,89217,284.21,3686,49253,55.21
MASKINVEST, BE, 27-Jul-2026,147.1,147,153,144,151,151,145.6,203,0.3,4, -, -
MASON, SM, 27-Jul-2026,120,128,128,121.6,125,125.25,124.44,21500,26.76,29,18500,86.05
MASPTOP50, EQ, 27-Jul-2026,79.53,78.09,78.09,78.09,78.09,78.09,78.09,54798,42.79,157,54798,100
MASTEK, EQ, 27-Jul-2026,1690.9,1700.2,1750,1700.2,1735,1731.6,1732.74,67476,1169.18,10378,35865,53.15
MASTER, SM, 27-Jul-2026,432,441,441,441,441,441,441,500,2.21,1,500,100
MASTERTR, EQ, 27-Jul-2026,84.71,84.89,85.8,83.25,83.9,84.14,84.7,197521,167.3,1156,60876,30.82
MATRIMONY, EQ, 27-Jul-2026,426.05,421.85,437.95,421.85,425,429.3,427.95,10255,43.89,437,8150,79.47
MAWANASUG, BE, 27-Jul-2026,110.11,110.2,112.5,108,110,109.44,109.74,42294,46.41,249, -, -
MAXESTATES, EQ, 27-Jul-2026,387.15,390,399.9,385.5,396,395.45,395.84,34563,136.81,2141,18562,53.7
MAXHEALTH, EQ, 27-Jul-2026,1080.4,1086.9,1119.8,1085.4,1116.1,1114.6,1105.32,1759824,19451.65,50133,863901,49.09
MAXIND, EQ, 27-Jul-2026,182.11,186.7,189.13,180,185.4,184.96,185.72,562325,1044.34,7658,197498,35.12
MAXVOLT, ST, 27-Jul-2026,344.25,347.4,347.4,327.05,327.45,327.7,334.49,58800,196.68,141,52000,88.44
MAYURUNIQ, EQ, 27-Jul-2026,788.65,792.5,837.85,790,819,817.65,822.79,144191,1186.4,19087,77089,53.46
MAZDA, BE, 27-Jul-2026,216.39,215.31,221.99,214,217.8,216.92,216.69,3958,8.58,99, -, -
MAZDOCK, EQ, 27-Jul-2026,2293.8,2299,2336.2,2299,2324,2330.3,2323.19,496352,11531.21,28158,155677,31.36
MBAPL, EQ, 27-Jul-2026,148.25,150,166.95,147.85,163.25,163.95,159.96,5234794,8373.77,50681,1765575,33.73
MBEL, EQ, 27-Jul-2026,296.3,298.25,304,295.9,296.2,296.95,298.8,100256,299.57,6534,52322,52.19
MBLINFRA, BE, 27-Jul-2026,25.24,25.5,26,24.15,24.9,24.45,24.8,32694,8.11,102, -, -
MCCHRLS-B, EQ, 27-Jul-2026,709.95,798.7,798.7,683,698.55,698.95,704.81,428,3.02,21,394,92.06
MCL, EQ, 27-Jul-2026,53.37,53.37,54.2,53.06,53.9,53.33,53.44,11547,6.17,536,8023,69.48
MCLEODRUSS, BE, 27-Jul-2026,54.07,54.5,55.95,51.45,52.5,52.57,52.99,256448,135.9,602, -, -
MCLOUD, EQ, 27-Jul-2026,26.61,26.85,27.18,26.37,27.05,26.86,26.72,2978257,795.93,8870,938110,31.5
MCON, SM, 27-Jul-2026,44,45.95,46.2,45.95,46.2,46.2,46.11,7000,3.23,7,7000,100
MCX, EQ, 27-Jul-2026,2730,2740.4,2766.9,2733.1,2752.8,2755.1,2749.96,932313,25638.21,61506,457600,49.08
MDL, ST, 27-Jul-2026,69,69,69,69,69,69,69,1000,0.69,1,1000,100
MEDANTA, EQ, 27-Jul-2026,1371,1375,1411,1370.3,1411,1407.2,1395.94,320048,4467.67,21680,154526,48.28
MEDIASSIST, EQ, 27-Jul-2026,340.05,340.05,354.15,339.2,346.55,347.15,347.41,259635,901.99,8516,137411,52.92
MEDICAMEQ, EQ, 27-Jul-2026,241.85,243.6,245.9,240,243,241.15,242.74,10041,24.37,253,7183,71.54
MEDICO, EQ, 27-Jul-2026,37.99,38,42,38,41.65,40.75,39.51,417055,164.76,849,115957,27.8
MEDIORG, SM, 27-Jul-2026,24.7,25.5,25.5,25.5,25.5,25.5,25.5,2000,0.51,1,2000,100
MEDISTEP, SM, 27-Jul-2026,19.75,18.5,18.5,18.5,18.5,18.5,18.5,3000,0.56,1,3000,100
MEDPLUS, EQ, 27-Jul-2026,720.55,720.95,724,710,720,716.9,715.92,290079,2076.72,14458,189013,65.16
MEESHO, EQ, 27-Jul-2026,185.24,187.5,188.88,179.95,182.4,182.1,184.75,7308444,13502.15,75664,2679307,36.66
MEGAFLEX, SM, 27-Jul-2026,100,100,100,100,100,100,100,1000,1,1,1000,100
MEGASTAR, EQ, 27-Jul-2026,340.8,335.15,344.45,335.05,335.05,338.4,341.15,1758,6,184,842,47.9
MEGATHERM, SM, 27-Jul-2026,212,221,221,214.1,214.6,214.3,215.49,5200,11.21,12,3600,69.23
MEIL, EQ, 27-Jul-2026,284.65,291.95,313.95,291,301.75,300.95,304.45,157554,479.68,4265,98599,62.58
MENNPIS, EQ, 27-Jul-2026,73.97,75.9,75.9,73.11,74.39,73.87,74.25,49137,36.49,1363,24585,50.03
MENONBE, BE, 27-Jul-2026,213.77,214.98,224,207,217,217.46,213.76,100801,215.47,785, -, -
MEP, BZ, 27-Jul-2026,0.55,0.54,0.56,0.54,0.54,0.54,0.54,84136,0.45,79, -, -
MERCANTILE, EQ, 27-Jul-2026,24.52,25.01,25.69,23.7,24.5,24.69,24.83,4890,1.21,97,1881,38.47
MERCURYEV, EQ, 27-Jul-2026,35.11,35.6,36.86,34.4,36.25,35.92,35.8,224878,80.51,836,175203,77.91
METAL, EQ, 27-Jul-2026,12.53,12.84,12.84,12.52,12.59,12.59,12.59,6529387,821.74,5898,5309383,81.32
METALIETF, EQ, 27-Jul-2026,12.5,12.51,12.74,12.49,12.58,12.54,12.55,8121000,1019.3,10590,5277932,64.99
METROBRAND, EQ, 27-Jul-2026,1021.9,1023.8,1039.9,1023.8,1035,1031.7,1031.87,12365,127.59,2187,7000,56.61
METROGLOBL, EQ, 27-Jul-2026,129.79,129.79,132,128.2,130,130.92,130.6,771,1.01,50,616,79.9
METROPOLIS, EQ, 27-Jul-2026,570.25,574.95,594,574.95,582,577.35,581.51,357337,2077.93,18566,211317,59.14
MFML, EQ, 27-Jul-2026,18.75,19,19.74,18.16,18.85,18.84,18.72,2710,0.51,66,2113,77.97
MFSL, EQ, 27-Jul-2026,1515.5,1522.8,1532.6,1500.9,1506.3,1511.1,1514.5,556988,8435.59,38973,307972,55.29
MGEL, BE, 27-Jul-2026,16.2,16.12,16.8,16.05,16.64,16.43,16.42,152886,25.1,257, -, -
MGL, EQ, 27-Jul-2026,1077,1080.2,1107,1080.2,1092.1,1098,1101.28,98882,1088.97,12957,52673,53.27
MGSL, SM, 27-Jul-2026,66.85,67.5,73,67.5,68.5,68.55,70.59,32400,22.87,27,27600,85.19
MHHL, SM, 27-Jul-2026,33.8,33.85,33.85,33.85,33.85,33.85,33.85,3000,1.02,2,3000,100
MHLXMIRU, EQ, 27-Jul-2026,139.58,139.99,140.99,138.09,140.9,140.65,140.11,10977,15.38,239,7736,70.47
MHRIL, EQ, 27-Jul-2026,218.85,218.85,225.31,218.85,223,223.83,223.26,307825,687.24,4738,209933,68.2
MICEL, BE, 27-Jul-2026,36.17,36.7,37.4,36.2,36.68,36.41,36.75,165599,60.85,1089, -, -
MICROPRO, SM, 27-Jul-2026,20,20.5,20.5,19.95,19.95,19.95,20.23,3200,0.65,2,3200,100
MID150, EQ, 27-Jul-2026,23.08,23.08,23.35,22.93,23.35,23.27,23.28,22485,5.23,238,18452,82.06
MID150BEES, EQ, 27-Jul-2026,234.83,235.9,237.75,234.84,237.69,237.47,237.21,563943,1337.74,7762,368671,65.37
MID150CASE, EQ, 27-Jul-2026,11.42,11.42,11.59,11.42,11.55,11.53,11.53,795445,91.68,4577,538520,67.7
MIDCAP, EQ, 27-Jul-2026,18.06,18.06,18.55,17.55,18.5,18.35,18.32,442380,81.03,833,287222,64.93
MIDCAPADD, EQ, 27-Jul-2026,22.78,22.94,22.99,22.91,22.94,22.94,22.93,9507,2.18,32,8878,93.38
MIDCAPBETA, EQ, 27-Jul-2026,227.86,225.58,232.38,225.58,232,232,231.6,2126,4.92,49,1162,54.66
MIDCAPETF, EQ, 27-Jul-2026,23.19,23.07,23.5,22.8,23.43,23.41,23.42,3452483,808.6,6106,2339149,67.75
MIDCAPIETF, EQ, 27-Jul-2026,23.52,23.6,23.8,23.56,23.77,23.78,23.76,1168042,277.52,2638,727408,62.28
MIDHANI, EQ, 27-Jul-2026,392.7,395.35,398.9,394,398,397.1,396.39,296453,1175.1,9328,131093,44.22
MIDQ50ADD, EQ, 27-Jul-2026,24.65,24.79,24.93,24.77,24.8,24.79,24.81,48426,12.01,97,19372,40
MIDSELIETF, EQ, 27-Jul-2026,19.14,19,19.51,18.87,19.51,19.45,19.42,292665,56.83,864,195123,66.67
MIDSMALL, EQ, 27-Jul-2026,50.07,50.56,50.83,50.36,50.68,50.75,50.71,319857,162.19,771,254653,79.61
MIDWESTLTD, EQ, 27-Jul-2026,1234.2,1255,1257.9,1232.4,1243.4,1240.1,1244.73,5111,63.62,744,2543,49.76
MIEL, SM, 27-Jul-2026,12,12.4,12.4,12.4,12.4,12.4,12.4,2000,0.25,1,2000,100
MINDACORP, EQ, 27-Jul-2026,676.45,680,704.6,680,694,692.55,696.28,363763,2532.8,18976,157066,43.18
MINDSPACE, RR, 27-Jul-2026,484.59,486.97,495.8,485,494.4,494.07,492.37,81184,399.73,6111,58465,72.02
MINDTECK, EQ, 27-Jul-2026,195.04,195.98,200.65,192.21,193,194.68,196.91,42494,83.67,749,16654,39.19
MIRZAINT, EQ, 27-Jul-2026,35.06,35.1,35.9,35,35.04,35.14,35.36,172855,61.13,1543,62195,35.98
MITCON, BE, 27-Jul-2026,72.02,75.45,75.62,69,74.98,73.15,71.99,4901,3.53,36, -, -
MITTAL, EQ, 27-Jul-2026,0.91,0.91,0.93,0.91,0.92,0.91,0.92,232131,2.13,210,221015,95.21
MKPL, EQ, 27-Jul-2026,4.13,4.17,4.3,4.11,4.19,4.18,4.21,60498,2.55,395,33069,54.66
MMEL, ST, 27-Jul-2026,30.75,29.25,29.25,29.25,29.25,29.25,29.25,2000,0.59,1,2000,100
MMFL, EQ, 27-Jul-2026,551.85,559.9,565,556.2,563,559.5,560.87,85615,480.19,3744,49622,57.96
MMP, EQ, 27-Jul-2026,281.7,284.25,287.8,281.95,287,285.05,284.5,23515,66.9,592,12962,55.12
MMTC, EQ, 27-Jul-2026,61.52,61.84,62.69,61.39,61.75,61.66,61.83,1108364,685.31,6353,489808,44.19
MMWL, BE, 27-Jul-2026,13.99,14.27,14.27,13.7,13.72,13.72,13.99,17923,2.51,30, -, -
MNC, EQ, 27-Jul-2026,33.37,33.37,33.75,33.23,33.75,33.65,33.54,95001,31.86,328,66427,69.92
MOALPHA50, EQ, 27-Jul-2026,52.9,53.25,53.56,53.1,53.4,53.48,53.32,4589,2.45,47,3156,68.77
MOBANK10, EQ, 27-Jul-2026,16.88,16.96,17.2,16.86,16.89,16.88,16.94,40918,6.93,117,10777,26.34
MOBIKWIK, EQ, 27-Jul-2026,201.02,202.45,207.8,202.45,205,205.56,205.78,546989,1125.61,7682,160310,29.31
MOBILISE, ST, 27-Jul-2026,114,109.1,119.65,109.1,119.65,116.6,116.59,6400,7.46,4,6400,100
MOCAPITAL, EQ, 27-Jul-2026,52.81,52.82,53.49,52.81,53.49,53.14,53.14,854671,454.21,2723,460721,53.91
MODEFENCE, EQ, 27-Jul-2026,102.55,102.99,103.65,102.55,103.22,103.31,103.01,932426,960.5,6193,469211,50.32
MODINATUR, BE, 27-Jul-2026,410.1,419.9,424.7,390.05,416.35,411.65,409.52,4711,19.29,72, -, -
MODIRUBBER, EQ, 27-Jul-2026,125.86,128.38,129.47,124,126,126,126.05,8306,10.47,33,7997,96.28
MODIS, EQ, 27-Jul-2026,392.1,397.05,404.45,385,394.95,388.45,392.8,23204,91.14,794,9974,42.98
MODISONLTD, BE, 27-Jul-2026,276.3,277,277,263,274,272.25,267.26,99096,264.84,1002, -, -
MODTHREAD, EQ, 27-Jul-2026,47.66,48.16,50,47.66,47.66,49.27,48.31,1125,0.54,20,754,67.02
MOENERGY, EQ, 27-Jul-2026,39.06,39.06,39.58,38.81,38.98,38.95,38.97,97054,37.82,935,74399,76.66
MOGOLD, EQ, 27-Jul-2026,141.15,141.95,142.25,141.5,142,141.85,141.87,29570,41.95,414,19084,64.54
MOGSEC, EQ, 27-Jul-2026,64.97,65.19,65.97,64.9,65.73,65.73,65.44,2058,1.35,66,1898,92.23
MOHEALTH, EQ, 27-Jul-2026,50.24,50.24,53,50.02,50.85,51.54,50.99,38313,19.54,571,28315,73.9
MOHITIND, EQ, 27-Jul-2026,23,23,23.35,22.61,23.35,22.94,22.98,2072,0.48,22,2056,99.23
MOIL, EQ, 27-Jul-2026,268.85,270.9,271.8,267.85,268.95,268.4,269.63,186256,502.19,6242,89807,48.22
MOINFRA, EQ, 27-Jul-2026,60.46,60.85,60.9,60.49,60.76,60.57,60.62,1853,1.12,46,1617,87.26
MOIPO, EQ, 27-Jul-2026,45.59,45.59,46.1,45.59,46.1,46.09,45.97,400,0.18,21,373,93.25
MOKSH, EQ, 27-Jul-2026,10.72,10.61,10.99,10.2,10.3,10.29,10.42,355221,37,520,296375,83.43
MOL, EQ, 27-Jul-2026,54.46,55.01,56.2,54.5,55.1,55.61,55.22,970285,535.76,6037,388078,40
MOLDTECH, EQ, 27-Jul-2026,134.68,150,150,137.55,142.11,142.39,142.9,316159,451.78,5332,113018,35.75
MOLDTKPAC, EQ, 27-Jul-2026,727.45,732.7,744.95,680.5,688,692.35,708.23,822742,5826.92,31496,129938,15.79
MOLOWVOL, EQ, 27-Jul-2026,36.82,37.06,37.1,36.91,36.97,36.99,36.92,75470,27.86,28,69712,92.37
MOM100, EQ, 27-Jul-2026,66.54,68.2,68.2,66.51,67.34,67.27,67.31,278744,187.63,2440,179474,64.39
MOM30IETF, EQ, 27-Jul-2026,30.59,30.93,30.94,30.76,30.89,30.89,30.85,343749,106.05,1666,202264,58.84
MOM50, EQ, 27-Jul-2026,248.99,248.99,252.98,248.81,251.01,251.12,250.93,3387,8.5,143,1781,52.58
MOMENTUM, EQ, 27-Jul-2026,30.38,30.38,30.79,30.38,30.79,30.67,30.65,41144,12.61,206,23081,56.1
MOMENTUM30, EQ, 27-Jul-2026,30.17,30.24,30.4,30.22,30.39,30.38,30.33,158504,48.08,77,147086,92.8
MOMENTUM50, EQ, 27-Jul-2026,51.9,52.44,52.6,52.11,52.6,52.44,52.31,258131,135.02,1307,172571,66.85
MOMGF, EQ, 27-Jul-2026,158.72,159.79,160.67,159.19,159.99,159.99,160.11,1843,2.95,30,1468,79.65
MOMIDMTM, EQ, 27-Jul-2026,62.64,62.83,63.5,62.64,62.85,63.14,62.97,21067,13.27,226,18193,86.36
MOMMIDCAP, EQ, 27-Jul-2026,12.34,12.45,12.53,12.45,12.52,12.51,12.52,1369182,171.36,204,1290289,94.24
MOMNC, EQ, 27-Jul-2026,32.27,32.47,32.67,32.44,32.67,32.67,32.52,4174,1.36,15,2436,58.36
MOMOMENTUM, EQ, 27-Jul-2026,60.95,61.07,62,60.95,61.84,61.48,61.43,29914,18.38,424,19045,63.67
MON100, EQ, 27-Jul-2026,328.15,322.11,322.11,322.11,322.11,322.11,322.11,202173,651.22,1152,156993,77.65
MON50EQUAL, EQ, 27-Jul-2026,33.04,33.26,33.3,33.11,33.25,33.24,33.21,2136,0.71,51,908,42.51
MONARCH, EQ, 27-Jul-2026,357.75,361,403.8,360,393,397.6,391.13,5152604,20153.2,77241,847183,16.44
MONEXT50, EQ, 27-Jul-2026,72.07,72.26,72.58,72.07,72.58,72.56,72.48,20734,15.03,39,20697,99.82
MONEYBOXX, EQ, 27-Jul-2026,59.97,61.9,61.9,56.51,59.9,59.01,58.73,15866,9.32,643,8646,54.49
MONIFTY100, EQ, 27-Jul-2026,25,25.41,25.41,25,25.2,25.27,25.22,25592,6.45,68,21261,83.08
MONIFTY500, EQ, 27-Jul-2026,23.51,23.96,23.96,23.54,23.65,23.62,23.65,266755,63.09,1334,190378,71.37
MONOLITH, SM, 27-Jul-2026,774.75,800,829,800,827,820.75,816.67,147250,1202.55,448,95750,65.03
MONQ50, EQ, 27-Jul-2026,142.45,142.17,142.17,142,142.17,142.17,142.17,78667,111.84,1652,77510,98.53
MONTECARLO, EQ, 27-Jul-2026,537.1,539.65,552,539.65,546,546.85,546.57,31887,174.29,1962,20513,64.33
MOPSE, EQ, 27-Jul-2026,101,101.17,101.75,101.17,101.64,101.64,101.47,298,0.3,10,171,57.38
MOQUALITY, EQ, 27-Jul-2026,199.23,197.01,202.31,197.01,201.57,201.57,202.01,1241,2.51,24,1159,93.39
MORARJEE, BZ, 27-Jul-2026,12.4,12.4,12.4,11.78,11.79,11.83,11.82,14436,1.71,47, -, -
MOREALTY, EQ, 27-Jul-2026,88.28,88.5,90.52,88.29,90.35,90.38,89.82,1495012,1342.84,2215,901891,60.33
MOREPENLAB, EQ, 27-Jul-2026,53.8,54.3,56.9,54.1,56.6,56.66,56.12,9188433,5156.1,27209,2676128,29.12
MOS, ST, 27-Jul-2026,11.85,11.85,12.1,11.6,11.95,11.85,11.94,92000,10.98,22,84000,91.3
MOSCHIP, EQ, 27-Jul-2026,231.79,210.4,218.14,206.38,208.31,208.3,211.06,10880186,22964.01,107984,3020187,27.76
MOSERVICE, EQ, 27-Jul-2026,30.57,30.86,31.01,30.82,31.01,31.01,30.84,732,0.23,14,721,98.5
MOSILVER, EQ, 27-Jul-2026,217.55,217.11,220.9,217.11,219.7,219.69,220.08,42288,93.07,1341,14960,35.38
MOSMALL250, EQ, 27-Jul-2026,17.66,17.85,17.98,17.73,17.98,17.93,17.92,2536841,454.52,2519,1619995,63.86
MOTHERSON, EQ, 27-Jul-2026,145.55,146.99,149.5,146.3,149.29,148.97,148.38,13920800,20655.56,52614,7289624,52.36
MOTILALOFS, EQ, 27-Jul-2026,871.95,872.05,882.55,862.85,869,869.3,869.64,1491913,12974.28,41897,465967,31.23
MOTISONS, EQ, 27-Jul-2026,14.17,14.25,15.08,13.84,13.99,13.96,14.45,55312451,7992.37,56645,10117867,18.29
MOTOGENFIN, BE, 27-Jul-2026,27.44,27.5,27.5,26.82,27.4,27.39,27.11,726,0.2,19, -, -
MOTOUR, EQ, 27-Jul-2026,77.3,77.29,78.97,77.29,78.86,78.81,78.5,18426,14.46,181,15645,84.91
MOVALUE, EQ, 27-Jul-2026,112.7,113.27,113.7,113.1,113.52,113.54,113.4,37211,42.2,831,24395,65.56
MOXSH, ST, 27-Jul-2026,111,106,106,106,106,106,106,1600,1.7,1,1600,100
MPEL, ST, 27-Jul-2026,35.7,35.2,36.5,34.25,36.5,36.5,35.24,16000,5.64,7,14400,90
MPHASIS, EQ, 27-Jul-2026,2288.1,2332.1,2368.5,2316.4,2325.1,2332.7,2337.84,726071,16974.39,37277,306903,42.27
MPSLTD, EQ, 27-Jul-2026,2769.7,2762.5,2768.9,2616,2685,2687.1,2679.54,138352,3707.2,11436,45048,32.56
MRF, EQ, 27-Jul-2026,130755,131890,132500,131005,132500,132020,131693.86,3983,5245.37,2830,2109,52.95
MRIL, ST, 27-Jul-2026,69.6,69.6,69.6,69.6,69.6,69.6,69.6,1600,1.11,1,1600,100
MRPL, EQ, 27-Jul-2026,169.75,173.5,174.21,161.5,162.4,162.29,164.78,11048279,18205.4,58494,3285071,29.73
MSCI360, EQ, 27-Jul-2026,9.99,10.04,10.09,10.03,10.09,10.09,10.06,200,0.02,10,199,99.5
MSCIADD, EQ, 27-Jul-2026,29.06,29.34,29.5,29.33,29.5,29.5,29.34,7046,2.07,6,4082,57.93
MSCIINDIA, EQ, 27-Jul-2026,29.41,29.73,29.86,29.65,29.83,29.73,29.72,7520,2.23,100,5608,74.57
MSPL, EQ, 27-Jul-2026,35.37,36.19,36.9,36,36.05,36.14,36.14,273518,98.86,3055,171094,62.55
MSTCLTD, EQ, 27-Jul-2026,607.2,615,616.95,601.05,602.4,602.7,606.9,119248,723.72,5049,50722,42.53
MSUMI, EQ, 27-Jul-2026,40.11,40.06,42,40.02,41.7,41.74,41.24,12207219,5034.28,31618,6617942,54.21
MTARTECH, BE, 27-Jul-2026,5805,5741.5,5798,5520,5745,5754.5,5618.36,153251,8610.19,22525, -, -
MTEDUCARE, BE, 27-Jul-2026,1.93,2,2.01,2,2,2,2,29309,0.59,54, -, -
MTNL, EQ, 27-Jul-2026,27.11,27.11,27.57,27.1,27.25,27.17,27.27,402941,109.89,2078,192004,47.65
MUFIN, EQ, 27-Jul-2026,124.32,125.25,128,125,125.36,125.61,126.09,802885,1012.32,4252,257864,32.12
MUFTI, EQ, 27-Jul-2026,82.92,84.28,86,83.4,85,84.25,84.13,38027,31.99,960,16234,42.69
MUKANDLTD, EQ, 27-Jul-2026,138.4,139.5,142.64,139.5,140.1,140.57,141.25,74299,104.95,1490,48028,64.64
MUKKA, EQ, 27-Jul-2026,22.94,23.01,23.49,21.5,22.69,22.62,22.66,415221,94.1,1784,204762,49.31
MUKTAARTS, BE, 27-Jul-2026,55.89,53.31,58.68,53.31,58.5,58.5,58.03,7210,4.18,55, -, -
MULTICAP, EQ, 27-Jul-2026,16.38,16.74,16.79,16.46,16.56,16.56,16.55,129207,21.39,547,96885,74.98
MUNISH, ST, 27-Jul-2026,74,77,77.7,77,77.7,77.7,77.56,22800,17.68,16,19200,84.21
MUNJALAU, EQ, 27-Jul-2026,99.77,100.6,106.1,100.6,104.47,104.9,104.36,1121215,1170.14,9910,209633,18.7
MUNJALSHOW, EQ, 27-Jul-2026,135.82,135.82,138.5,135.82,137.3,136.93,137.1,33075,45.35,784,16513,49.93
MURUDCERA, EQ, 27-Jul-2026,30.4,30.4,31,30.4,30.7,30.66,30.71,6283,1.93,64,4783,76.13
MUTHOOTCAP, EQ, 27-Jul-2026,213.77,216,221.41,212.16,217.6,215.09,216.4,32932,71.26,684,20964,63.66
MUTHOOTFIN, EQ, 27-Jul-2026,2986.7,3020.2,3061.6,3015,3025,3025.9,3035.34,517845,15718.34,32079,279315,53.94
MUTHOOTMF, EQ, 27-Jul-2026,250.11,250.11,262.77,249.92,256.01,255.03,256.89,550120,1413.19,10043,259141,47.11
MVGJL, EQ, 27-Jul-2026,155.76,157.8,170,156.61,168.1,167.13,164.62,178153,293.28,4125,63661,35.73
MVKAGRO, SM, 27-Jul-2026,387.7,390,390,377,378.15,377.85,381.48,8400,32.04,28,5700,67.86
MWL, EQ, 27-Jul-2026,36,36.4,36.55,35.6,35.8,35.9,36.01,122360,44.07,457,49245,40.25
MYMUDRA, SM, 27-Jul-2026,76.5,76.5,80,75,80,79.55,78.49,22800,17.9,13,21600,94.74
NACLIND, EQ, 27-Jul-2026,196.8,201,201,190.4,192,193.1,193.54,801321,1550.91,12161,201850,25.19
NAGAFERT, BZ, 27-Jul-2026,2.75,2.62,2.62,2.62,2.62,2.62,2.62,207865,5.45,331, -, -
NAGREEKCAP, EQ, 27-Jul-2026,22.67,22.65,23.5,22,23.4,22.73,22.53,8853,1.99,66,6682,75.48
NAGREEKEXP, EQ, 27-Jul-2026,23.14,22.4,23.92,22.4,22.94,22.83,22.92,9044,2.07,48,5912,65.37
NAHARCAP, EQ, 27-Jul-2026,245.33,245.5,250,244.01,244.11,244.53,247.71,464,1.15,41,396,85.34
NAHARINDUS, EQ, 27-Jul-2026,116.64,117.15,118.93,116.01,116.59,116.5,116.94,3146,3.68,67,2574,81.82
NAHARPOLY, EQ, 27-Jul-2026,273.8,273.8,283,272,279.95,279.55,279.25,27752,77.5,788,20967,75.55
NAHARSPING, BE, 27-Jul-2026,275.55,283.9,283.9,277.6,280.2,279.65,279.57,7379,20.63,65, -, -
NAM-INDIA, EQ, 27-Jul-2026,1112.5,1123.6,1159.9,1119.2,1150.6,1153.9,1148.4,1164795,13376.51,48330,589422,50.6
NAMAN, SM, 27-Jul-2026,47.8,47.5,47.5,47.5,47.5,47.5,47.5,800,0.38,1,800,100
NAMOEWASTE, ST, 27-Jul-2026,278.1,283.65,283.65,283.65,283.65,283.65,283.65,19200,54.46,22,18400,95.83
NARMADA, EQ, 27-Jul-2026,34.92,36,36,31.56,33.63,32.98,32.96,8722979,2874.83,25006,997271,11.43
NATCAPSUQ, EQ, 27-Jul-2026,148.86,147.05,149.49,144.05,147.89,147.84,146.09,10409,15.21,116,8652,83.12
NATCOPHARM, EQ, 27-Jul-2026,921.45,923.15,938.6,920.5,926.6,927.1,930.2,230818,2147.07,17218,124386,53.89
NATHBIOGEN, EQ, 27-Jul-2026,161.13,162,165.9,162,165.45,164.88,164.18,11662,19.15,426,8230,70.57
NATIONALUM, EQ, 27-Jul-2026,343.9,345.1,346.05,338.35,339.1,339.35,342.42,3868006,13244.94,41824,1767444,45.69
NATIONSTD, EQ, 27-Jul-2026,320.2,304.2,304.2,304.2,304.2,304.2,304.2,2350,7.15,141,2350,100
NAUKRI, EQ, 27-Jul-2026,1165.5,1171.45,1203,1171.45,1190,1194.3,1192.52,2342436,27933.93,70774,1287287,54.96
NAVA, EQ, 27-Jul-2026,554.8,559.05,578.55,558,563,564.65,566.72,385815,2186.5,21558,199088,51.6
NAVINFLUOR, EQ, 27-Jul-2026,7520,7600,7749,7578,7735,7711,7678.65,145527,11174.52,18337,83044,57.06
NAVKARCORP, EQ, 27-Jul-2026,102.15,103.3,105.6,102.6,103.9,104.17,104.37,554802,579.06,4639,284778,51.33
NAVKARURB, BE, 27-Jul-2026,1.08,1.09,1.11,1.03,1.07,1.06,1.05,499923,5.24,248, -, -
NAVNETEDUL, EQ, 27-Jul-2026,143.97,145.1,145.99,143.01,144.4,144.54,144.47,97402,140.72,1968,53055,54.47
NAZARA, EQ, 27-Jul-2026,302.3,303.85,308,302,303,303.4,305.14,2329997,7109.7,8964,949112,40.73
NBCC, EQ, 27-Jul-2026,93.84,94.5,95.95,94.5,94.89,94.9,95.18,6593505,6275.43,28933,1988563,30.16
NBIFIN, EQ, 27-Jul-2026,2216.5,2254.9,2254.9,2181.9,2252,2222.4,2210.77,282,6.23,107,175,62.06
NCC, EQ, 27-Jul-2026,137.09,141,142.71,138.11,142.01,142.14,141.47,1809015,2559.2,27655,828200,45.78
NCLIND, EQ, 27-Jul-2026,184.67,185.65,187,183.21,187,185.59,185.16,13681,25.33,565,6984,51.05
NDGL, EQ, 27-Jul-2026,2774.5,2790,2850,2710.1,2720,2736,2771.63,23,0.64,11,13,56.52
NDL, EQ, 27-Jul-2026,2.31,2.3,2.36,2.3,2.33,2.32,2.33,601922,14.05,805,365017,60.64
NDLVENTURE, EQ, 27-Jul-2026,125.06,125.16,127,120.1,121.79,121.16,123.08,18769,23.1,402,15303,81.53
NDRAUTO, EQ, 27-Jul-2026,812.75,813,830.95,813,829,824.9,825.36,10841,89.48,1109,5888,54.31
NDTV, EQ, 27-Jul-2026,76.66,77,78.47,77,77.35,77.42,77.48,66049,51.18,1201,28641,43.36
NECCLTD, BE, 27-Jul-2026,15.25,15.06,15.5,15.06,15.12,15.15,15.33,18339,2.81,87, -, -
NECLIFE, BE, 27-Jul-2026,10.3,10.35,10.57,10.35,10.4,10.41,10.47,56490,5.91,243, -, -
NEELAM, SM, 27-Jul-2026,9.7,10.05,10.05,9.45,9.45,9.45,9.75,12000,1.17,2,6000,50
NELCAST, EQ, 27-Jul-2026,134.47,136,137.78,113.5,116.59,116.64,118.57,2814717,3337.47,34542,358482,12.74
NELCO, EQ, 27-Jul-2026,932.8,948.7,974.35,926.1,931.5,933.75,947.85,313008,2966.86,12104,83346,26.63
NEOCHEM, ST, 27-Jul-2026,85.2,89.2,89.45,89.2,89.45,89.45,89.35,10800,9.65,9,9600,88.89
NEOGEN, EQ, 27-Jul-2026,2062.8,2135,2159.7,2042.3,2065.1,2064.1,2081.44,149380,3109.25,22611,45208,30.26
NEPHROCARE, ST, 27-Jul-2026,62.95,63.2,64.95,60,63,63,61.29,29600,18.14,56,28000,94.59
NEPHROPLUS, EQ, 27-Jul-2026,673.1,675,684.45,669,684,681.65,679.71,105459,716.82,7623,57179,54.22
NEPTUNE, SM, 27-Jul-2026,180,180,180,180,180,180,180,500,0.9,1,500,100
NESCO, EQ, 27-Jul-2026,1055.9,1058,1067.5,1001.6,1009.6,1008.3,1031.74,243109,2508.25,19097,100476,41.33
NESTLEIND, EQ, 27-Jul-2026,1443.5,1451,1461.5,1435.3,1448,1446.1,1443.55,2030304,29308.49,55967,1244467,61.29
NETF, EQ, 27-Jul-2026,258.92,252.44,261,252.44,260.99,260.41,260.14,1663,4.33,138,794,47.75
NETWEB, EQ, 27-Jul-2026,4156,4181.8,4385,4129.4,4381,4362.2,4280.53,992864,42499.83,74540,222495,22.41
NETWORK18, EQ, 27-Jul-2026,28.62,28.9,29.1,28.62,28.9,28.85,28.82,2570517,740.74,6726,1346708,52.39
NEUEON, BE, 27-Jul-2026,16.44,15.7,16.36,15.62,15.62,15.62,15.77,48248,7.61,105, -, -
NEULANDLAB, EQ, 27-Jul-2026,18546,18600,19145,18471,19000,18994,18926.89,27760,5254.1,11676,11547,41.6
NEWGEN, EQ, 27-Jul-2026,505.7,511.8,523.95,504.2,506.85,506.3,513.11,1031928,5294.95,24038,331554,32.13
NEWJAISA, ST, 27-Jul-2026,15.2,15.95,15.95,15.4,15.4,15.4,15.62,28500,4.45,18,27000,94.74
NEXT30ADD, EQ, 27-Jul-2026,42.05,42.26,42.35,42.09,42.28,42.3,42.25,3648,1.54,60,2777,76.12
NEXT50, EQ, 27-Jul-2026,740.35,744.05,747.97,742.1,747.83,747.3,746.52,10771,80.41,1087,7141,66.3
NEXT50ADD, EQ, 27-Jul-2026,72.24,72.5,73.03,72.5,73.01,72.74,72.7,8515,6.19,47,4543,53.35
NEXT50BETA, EQ, 27-Jul-2026,77.75,77.84,78.32,77.76,78.16,78.16,78.07,168206,131.32,685,122574,72.87
NEXT50ETF, EQ, 27-Jul-2026,72.28,73.73,73.73,72.55,73.1,72.9,72.83,7760,5.65,71,6889,88.78
NEXT50IETF, EQ, 27-Jul-2026,75.75,77.64,77.64,75.86,76.46,76.41,76.33,515005,393.1,4889,348058,67.58
NEXTMEDIA, EQ, 27-Jul-2026,3.98,3.98,4.03,3.81,4,3.96,3.9,3707,0.14,64,2800,75.53
NFL, EQ, 27-Jul-2026,70.31,71.3,71.8,70.69,71.02,71.04,71.29,449042,320.11,3154,183371,40.84
NFPSAMPOOR, SM, 27-Jul-2026,24.15,24.3,24.85,22.95,23.8,23.8,23.77,58000,13.79,25,36000,62.07
NGIL, BE, 27-Jul-2026,38.05,38.05,39.9,36.25,39.9,39.04,38.42,10044,3.86,63, -, -
NGLFINE, EQ, 27-Jul-2026,3205.5,3210,3349,3177.5,3200,3226.5,3281.89,7529,247.09,1537,4013,53.3
NH, EQ, 27-Jul-2026,1961.5,1970.7,2064,1965.1,2058.5,2054,2036.97,398068,8108.53,32327,209001,52.5
NHIT, IV, 27-Jul-2026,168,171,171,171,171,171,171,825000,1410.75,3,825000,100
NHPC, EQ, 27-Jul-2026,79.39,79.5,80.04,78.91,79.59,79.72,79.54,6965651,5540.2,28015,1978427,28.4
NIACL, EQ, 27-Jul-2026,173.2,166.81,169,163.89,165.25,165.57,166.11,2134634,3545.87,26609,576603,27.01
NIBE, EQ, 27-Jul-2026,1504.3,1506,1560,1481.5,1483,1494.2,1504.3,38476,578.79,3202,22869,59.44
NIBL, EQ, 27-Jul-2026,36.98,36.99,37.8,36.49,36.95,36.91,37.1,75798,28.12,13317,34531,45.56
NIDAN, SM, 27-Jul-2026,12.5,13.4,13.4,13.15,13.15,13.15,13.34,4000,0.53,4,4000,100
NIF100BEES, EQ, 27-Jul-2026,263.57,264.34,266.5,264.34,266.48,266.49,265.88,28728,76.38,584,17483,60.86
NIF100IETF, EQ, 27-Jul-2026,27.66,28.21,28.21,27.05,27.97,27.95,27.88,90927,25.35,2406,34389,37.82
NIFTY1, EQ, 27-Jul-2026,264.09,264.09,266.78,264.09,265.94,266.42,265.94,63870,169.85,1833,35491,55.57
NIFTY100EW, EQ, 27-Jul-2026,34.75,34.75,35.61,34.75,35.06,35.01,34.91,303393,105.92,182,299144,98.6
NIFTYADD, EQ, 27-Jul-2026,250.86,248.35,253.13,248.35,252.49,252.93,252.36,7267,18.34,154,6034,83.03
NIFTYAXIS, EQ, 27-Jul-2026,263.28,268.55,268.55,263.92,265.2,265.44,265.23,9305,24.68,216,5435,58.41
NIFTYBEES, EQ, 27-Jul-2026,271.21,272.28,273.9,272.02,273.9,273.59,272.97,4597158,12549.07,40406,2417709,52.59
NIFTYBETA, EQ, 27-Jul-2026,263.98,263.98,267.03,263.98,267.02,266.36,266.32,203133,540.98,705,194709,95.85
NIFTYBETF, EQ, 27-Jul-2026,244.94,245.3,247.35,245.18,246.45,246.98,246.38,1303,3.21,98,1141,87.57
NIFTYCASE, EQ, 27-Jul-2026,9.54,9.77,9.77,9.52,9.65,9.64,9.63,617863,59.5,1554,553913,89.65
NIFTYETF, EQ, 27-Jul-2026,258.5,259.16,261.38,259.15,261.36,261.26,260.89,254173,663.12,1559,196647,77.37
NIFTYIETF, EQ, 27-Jul-2026,269.76,270.32,277,270.32,272.2,272.15,271.55,488025,1325.22,16734,305258,62.55
NIFTYQLITY, EQ, 27-Jul-2026,21.16,21,21.41,21,21.34,21.34,21.34,129814,27.71,223,80745,62.2
NIITLTD, EQ, 27-Jul-2026,94.62,96,96.79,94.6,95,95.08,95.62,279744,267.49,3430,83596,29.88
NIITMTS, EQ, 27-Jul-2026,230.18,234.11,238.23,232.65,234,233.57,234.96,106665,250.62,3952,46301,43.41
NIKITA, SM, 27-Jul-2026,75.05,72.35,75.5,72.35,75.25,75.25,74.71,154800,115.65,29,134400,86.82
NILAINFRA, EQ, 27-Jul-2026,7.32,7.35,7.78,7.32,7.4,7.39,7.44,131656,9.79,501,77358,58.76
NILASPACES, EQ, 27-Jul-2026,11.89,12.18,12.23,11.73,12.02,12.12,12.03,266485,32.06,764,133583,50.13
NILE, EQ, 27-Jul-2026,1802.6,1860,1942.5,1824.1,1898,1897.2,1888.14,4403,83.13,836,2449,55.62
NILKAMAL, EQ, 27-Jul-2026,1676.1,1716.9,1801,1667.1,1785,1775.2,1728.62,115784,2001.47,12889,39216,33.87
NIMBSPROJ, BE, 27-Jul-2026,190,191,193.5,190,193.5,190,190.22,1096,2.08,10, -, -
NINSYS, BE, 27-Jul-2026,866.6,845.3,870.35,836.6,838,845.2,847.41,1498,12.69,105, -, -
NIPPOBATRY, EQ, 27-Jul-2026,326.3,328,338,328,333.5,333.4,330.85,1501,4.97,66,1383,92.14
NIRAJ, BE, 27-Jul-2026,28.58,28.16,29.39,28.16,28.98,28.97,28.81,4469,1.29,22, -, -
NIRLON, EQ, 27-Jul-2026,620.6,633.05,633.05,610.55,620,620.05,621.64,2136,13.28,197,1443,67.56
NIRMAN, SM, 27-Jul-2026,38.3,38.5,42.1,38.3,42,42.1,41.96,99000,41.54,145,56700,57.27
NITCO, EQ, 27-Jul-2026,104.11,106,109,104.2,107.99,107.59,106.73,350909,374.54,4375,175453,50
NITINSPIN, EQ, 27-Jul-2026,535.2,537,545.9,535.9,544,539.85,540,37676,203.45,1741,20973,55.67
NITIRAJ, EQ, 27-Jul-2026,220.22,225.7,225.7,211,218.98,218.95,217.72,7201,15.68,140,4554,63.24
NITTAGELA, EQ, 27-Jul-2026,1909,1943,1959.8,1900,1909,1904.9,1921.62,4547,87.38,779,2275,50.03
NIVABUPA, EQ, 27-Jul-2026,86.64,87.18,87.76,86.5,86.5,86.92,87.08,408564,355.79,6958,217165,53.15
NKIND, EQ, 27-Jul-2026,59.72,61.9,61.9,59.51,59.51,59.51,60.99,108,0.07,6,105,97.22
NLCINDIA, EQ, 27-Jul-2026,292.8,295,299.75,292.8,297.25,298.45,296.6,2030451,6022.29,36430,1151951,56.73
NMDC, EQ, 27-Jul-2026,83.56,84,84.41,83.31,83.57,83.52,83.82,11291198,9464.14,31870,6340410,56.15
NMSTEEL, SM, 27-Jul-2026,22.25,24.9,25,24,24.5,24.5,24.56,9600,2.36,6,8000,83.33
NOCIL, EQ, 27-Jul-2026,160.11,163.47,164.38,162.04,163.01,163.03,163.05,158657,258.69,2210,85279,53.75
NOIDATOLL, BE, 27-Jul-2026,4.32,4.5,4.53,4.22,4.44,4.44,4.43,187219,8.29,268, -, -
NORBTEAEXP, EQ, 27-Jul-2026,67.37,67,70.65,67,68,68.06,67.68,1649,1.12,29,1170,70.95
NORTHARC, EQ, 27-Jul-2026,299.4,304.4,310,296,298,300.1,303.67,1178018,3577.24,16890,736448,62.52
NOVAAGRI, BE, 27-Jul-2026,22.81,23.4,23.4,22.86,23.08,23.17,23.11,18660,4.31,137, -, -
NOVARTIND, EQ, 27-Jul-2026,1641.2,1689.8,1689.8,1616.6,1629,1631,1649.14,17325,285.71,2614,9051,52.24
NPBET, EQ, 27-Jul-2026,282.47,282.47,284.74,282.45,284.27,284.31,283.25,112,0.32,23,84,75
NPST, EQ, 27-Jul-2026,1519.2,1533.9,1584,1510.2,1562,1557.1,1567.33,85342,1337.59,3206,44198,51.79
NRAIL, EQ, 27-Jul-2026,508.95,520,534.4,472.5,485.05,478.6,504.8,30020,151.54,1906,12340,41.11
NRBBEARING, EQ, 27-Jul-2026,397.65,399.3,428,399.3,426.05,419.25,412.4,359437,1482.32,6030,181840,50.59
NRL, BE, 27-Jul-2026,105,105,105,103.1,103.1,103.1,104.07,64455,67.08,110, -, -
NRVANDANA, ST, 27-Jul-2026,68.1,68,68.9,68,68.85,68.85,68.03,213000,144.91,21,213000,100
NSIL, EQ, 27-Jul-2026,5452.5,5470,5527,5410,5410,5445,5468.48,1249,68.3,323,891,71.34
NSLNISP, EQ, 27-Jul-2026,41.41,41.6,42.74,41.6,42.1,42.15,42.3,2439423,1031.92,12454,1156107,47.39
NTPC, EQ, 27-Jul-2026,347.2,353,353,347.8,349.95,350.8,350.52,12350753,43291.6,86134,7673049,62.13
NTPCGREEN, EQ, 27-Jul-2026,96.32,96.56,96.96,93.05,93.5,93.69,94.45,7973373,7531,53173,3493619,43.82
NUCLEUS, EQ, 27-Jul-2026,724.55,738.1,740,730,730,731.5,734.56,15565,114.33,1275,9740,62.58
NURECA, EQ, 27-Jul-2026,301.64,306.16,317.9,300.61,315.9,315.7,309.65,41738,129.24,1242,29374,70.38
NUVAMA, EQ, 27-Jul-2026,1980.1,1979.5,2008.7,1902,1920,1916.6,1970.46,475623,9371.95,25574,180303,37.91
NUVOCO, EQ, 27-Jul-2026,356.05,359.95,360.45,349.7,352.25,351.15,353.89,372984,1319.96,9380,163687,43.89
NV20, EQ, 27-Jul-2026,13.86,13.91,14.17,13.76,13.96,13.95,13.94,46773,6.52,241,32103,68.64
NV20BEES, EQ, 27-Jul-2026,138.91,137.51,140.3,136.05,138.94,139.09,139.23,9268,12.9,233,4978,53.71
NV20IETF, EQ, 27-Jul-2026,13.55,13.49,13.74,13.4,13.68,13.62,13.6,405194,55.11,2358,252152,62.23
NXST, RR, 27-Jul-2026,166.28,166.28,168.3,166,167.13,167.5,167.52,216340,362.41,4559,190316,87.97
NYKAA, EQ, 27-Jul-2026,322.8,325,327.85,323.65,325.4,326.75,325.84,3589386,11695.55,34877,1969542,54.87
OAL, EQ, 27-Jul-2026,373,366,394.9,366,393.95,392.45,386.58,104430,403.71,4191,55639,53.28
OBCL, EQ, 27-Jul-2026,52.39,53.05,53.49,52.65,53.35,53.35,52.66,5694,3,29,5673,99.63
OBEROIRLTY, EQ, 27-Jul-2026,1821.2,1852.2,1854.1,1823.3,1827.3,1832.6,1836.94,300191,5514.34,18435,128508,42.81
OBSCP, SM, 27-Jul-2026,585.05,584,600,577,596,591.9,587.62,28800,169.23,69,18400,63.89
OCCLLTD, BE, 27-Jul-2026,144.96,145.99,152.2,145.99,152.2,152.2,151.31,151676,229.49,783, -, -
ODIGMA, BE, 27-Jul-2026,22.64,22.65,23.64,22.52,23.24,23.06,22.93,13595,3.12,236, -, -
OFSS, EQ, 27-Jul-2026,10652,10760,11189,10665,11098,11089,11050.3,460067,50838.77,66048,105874,23.01
OIL, EQ, 27-Jul-2026,449.75,445,446.1,438.1,438.85,442,442.2,3806947,16834.25,38921,1652480,43.41
OILCOUNTUB, BE, 27-Jul-2026,58.7,59.28,59.28,56.5,56.5,56.65,57.93,50450,29.23,127, -, -
OILIETF, EQ, 27-Jul-2026,11.24,11.27,11.39,11.22,11.27,11.27,11.27,1526748,172.04,2308,1116613,73.14
OLAELEC, EQ, 27-Jul-2026,37.08,37.5,37.68,37.04,37.4,37.27,37.35,25117046,9381.19,46404,5100967,20.31
OLECTRA, EQ, 27-Jul-2026,1336.3,1342.5,1355,1325,1334,1328.1,1335.43,221480,2957.71,15903,85249,38.49
OLIL, ST, 27-Jul-2026,420,419.5,419.9,418,418,418,418.66,3200,13.4,5,3200,100
OMAXAUTO, BE, 27-Jul-2026,226.42,215.1,215.1,215.1,215.1,215.1,215.1,25831,55.56,260, -, -
OMAXE, EQ, 27-Jul-2026,87.66,87.52,91.8,87.52,90.9,89.95,89.8,426419,382.92,4420,167233,39.22
OMFREIGHT, BE, 27-Jul-2026,92.98,92.98,93,90,91.9,91.9,90.85,5769,5.24,97, -, -
OMFURN, ST, 27-Jul-2026,53.95,55.95,56.6,55.25,56.6,56.6,56.11,38400,21.55,16,34800,90.63
OMINFRAL, EQ, 27-Jul-2026,87.1,87.25,88.59,86.19,86.7,87.04,87.55,50494,44.21,1091,21081,41.75
OMNI, EQ, 27-Jul-2026,612,622,630.4,614.1,619.9,619.65,621.99,193825,1205.57,9781,67398,34.77
OMPOWER, EQ, 27-Jul-2026,169.2,170,171.25,167.41,168.97,169.87,169.31,78237,132.46,1002,59169,75.63
ONDOOR, SM, 27-Jul-2026,243.5,243.8,266.95,240,250,253.6,251.64,24000,60.39,62,18000,75
ONELIFECAP, BE, 27-Jul-2026,36.33,37.9,37.9,36.1,37.9,37.89,36.49,145427,53.07,99, -, -
ONEPOINT, EQ, 27-Jul-2026,53.98,54.3,56.01,54.3,55.3,55.44,55.31,645094,356.77,2797,438901,68.04
ONESOURCE, EQ, 27-Jul-2026,1653.9,1695.7,1727.6,1636,1687,1688.9,1694.14,717187,12150.15,48085,333651,46.52
ONGC, EQ, 27-Jul-2026,248.76,248,248.17,238.14,238.39,238.56,241.08,19910285,47999.61,163346,10213655,51.3
ONIDA, BE, 27-Jul-2026,38.18,38.18,38.89,37.51,38.45,38.26,38.1,131912,50.26,636, -, -
ONMOBILE, BE, 27-Jul-2026,60.74,60.7,63,60.7,61.8,62.05,62.06,84699,52.57,418, -, -
ONWARDTEC, EQ, 27-Jul-2026,290.65,294,305,291.1,292.1,292.75,297.38,178828,531.8,5309,83728,46.82
ONYX, ST, 27-Jul-2026,37.05,38.9,38.9,38.9,38.9,38.9,38.9,6000,2.33,3,6000,100
OPTIEMUS, EQ, 27-Jul-2026,599.95,606,614.85,600,610,610.45,608.88,90875,553.32,5244,40874,44.98
OPTIVALUE, SM, 27-Jul-2026,99.15,104,118.95,104,118.95,118.95,114.87,1073600,1233.25,301,966400,90.01
ORBTEXP, BE, 27-Jul-2026,243.05,243,247,235.5,244,244.07,242.23,7061,17.1,134, -, -
ORCHASP, EQ, 27-Jul-2026,1.58,1.62,1.64,1.57,1.61,1.6,1.6,163464,2.62,254,89054,54.48
ORCHPHARMA, EQ, 27-Jul-2026,988.6,995,1006.1,979.95,990,987.95,990.32,45685,452.43,6527,19258,42.15
ORIANA, SM, 27-Jul-2026,1398.25,1422.35,1441,1411,1439.5,1438.25,1430.1,32250,461.21,336,24525,76.05
ORICONENT, EQ, 27-Jul-2026,55.03,55.03,55.87,53.9,54.5,54.35,54.42,23561,12.82,460,17734,75.27
ORIENTALTL, EQ, 27-Jul-2026,5.31,5.34,5.45,5.27,5.34,5.32,5.34,21731,1.16,193,17515,80.6
ORIENTBELL, EQ, 27-Jul-2026,319.5,321.6,332,320.2,326,327.2,326.61,20779,67.87,890,12672,60.98
ORIENTCEM, EQ, 27-Jul-2026,133.8,133.8,136.5,133.33,136.5,136.11,135.59,588926,798.55,3286,361795,61.43
ORIENTCER, EQ, 27-Jul-2026,40.77,40.32,41.67,40.11,40.31,40.32,40.75,49940,20.35,1319,26897,53.86
ORIENTELEC, EQ, 27-Jul-2026,170.74,170,175.73,169.51,173.25,172.98,172.92,584946,1011.5,9501,196446,33.58
ORIENTHOT, EQ, 27-Jul-2026,134.84,134.62,138.38,133.34,136.55,137.35,136.51,368592,503.17,5429,173321,47.02
ORIENTLTD, EQ, 27-Jul-2026,89.29,98.49,102.3,92.5,97.3,98.44,98.29,682320,670.62,7743,129445,18.97
ORIENTPPR, EQ, 27-Jul-2026,17.58,17.76,18.8,17.76,18.24,18.21,18.34,472111,86.6,1469,227167,48.12
ORIENTTECH, EQ, 27-Jul-2026,258.78,266.47,289.95,266.47,279,279.17,279.91,7708727,21577.46,100809,283832,3.68
ORISSAMINE, EQ, 27-Jul-2026,3747,3730,3784.7,3702,3702,3713.3,3729.56,4123,153.77,834,2267,54.98
ORKLAINDIA, EQ, 27-Jul-2026,556.75,556.75,572.2,556.05,565.85,568.9,566.46,38630,218.82,5803,19867,51.43
ORTEL, BZ, 27-Jul-2026,1.8,1.8,1.84,1.71,1.83,1.72,1.79,6306,0.11,28, -, -
ORTINGLOBE, BE, 27-Jul-2026,14.81,14.11,15.23,14.11,14.5,14.51,14.67,6735,0.99,215, -, -
OSELDEVICE, SM, 27-Jul-2026,430.8,428.05,434.85,418.2,420.95,419.75,424.4,17200,73,67,11400,66.28
OSIAHYPER, BE, 27-Jul-2026,2.99,2.99,3.01,2.89,3,2.96,2.94,324614,9.54,365, -, -
OSWALAGRO, EQ, 27-Jul-2026,37.42,38,39.5,37.1,39.31,38.77,39.04,51731,20.2,273,44342,85.72
OSWALGREEN, EQ, 27-Jul-2026,20.71,21.03,21.27,20.86,21.19,21.17,21.11,56565,11.94,512,38492,68.05
OSWALPUMPS, EQ, 27-Jul-2026,359.15,360,360,348,349.05,349.2,352.18,460219,1620.79,10884,240954,52.36
OSWALSEEDS, EQ, 27-Jul-2026,10.03,10.15,10.21,10.02,10.06,10.1,10.14,56180,5.7,135,53530,95.28
OWAIS, ST, 27-Jul-2026,99.3,99,100.5,98.5,99.5,99.5,99.26,5700,5.66,32,5700,100
PACEDIGITK, EQ, 27-Jul-2026,195.25,197,202,196.5,198.3,197.8,198.64,602021,1195.88,6761,307816,51.13
PAGEIND, EQ, 27-Jul-2026,40275,40300,40565,39790,40010,39970,40068.98,11464,4593.51,5129,4994,43.56
PAISALO, EQ, 27-Jul-2026,70.17,70.5,71.18,69.01,70.3,70.44,70.23,11574048,8128.18,26942,5322875,45.99
PAKKA, EQ, 27-Jul-2026,71.49,71.5,73.64,70,71.45,71.1,72,98784,71.12,1434,55966,56.65
PALASHSECU, EQ, 27-Jul-2026,88.31,91.4,91.4,89,89,89.11,89.13,1245,1.11,98,1174,94.3
PALREDTEC, BE, 27-Jul-2026,45.51,44.6,47.78,43.24,47.7,45.24,45.07,7898,3.56,76, -, -
PANACEABIO, EQ, 27-Jul-2026,441.2,442.6,447.25,431.05,434.6,433.1,438.38,125044,548.17,6426,47923,38.32
PANACHE, BE, 27-Jul-2026,418.4,417.95,428.85,408,426.45,426.45,418.45,7878,32.97,84, -, -
PANAMAPET, EQ, 27-Jul-2026,498.25,499.05,503.5,482.75,490,487.1,490.38,234411,1149.51,10445,120743,51.51
PANSARI, EQ, 27-Jul-2026,355.2,359.3,360,336.25,339,340.25,345.94,14342,49.62,518,10503,73.23
PAR, EQ, 27-Jul-2026,93.79,96,96.8,94.01,94.21,94.35,94.83,6057,5.74,139,4487,74.08
PARACABLES, EQ, 27-Jul-2026,61.64,62.25,63.6,62.15,63.46,62.9,63.01,626892,394.99,4286,301378,48.07
PARADEEP, EQ, 27-Jul-2026,136.07,137.5,139,134,134.2,134.64,135.52,2556199,3464.23,24113,1142970,44.71
PARAGMILK, EQ, 27-Jul-2026,214.2,218.49,221.38,215.4,217,217.41,218.45,276144,603.23,6347,128523,46.54
PARAGON, SM, 27-Jul-2026,47.3,47.9,49,47.5,49,49,48.13,3600,1.73,3,3600,100
PARAMATRIX, SM, 27-Jul-2026,58,58.05,58.05,58.05,58.05,58.05,58.05,1200,0.7,1,1200,100
PARAMOUNT, ST, 27-Jul-2026,35.5,36,37.25,36,37.25,37.25,36.18,8400,3.04,4,8400,100
PARAS, EQ, 27-Jul-2026,1195.2,1201.2,1227.2,1185.4,1218,1221.3,1207.18,577142,6967.17,22016,161089,27.91
PARASPETRO, EQ, 27-Jul-2026,1.99,2.02,2.18,1.97,2.18,2.18,2.08,418011,8.69,458,342904,82.03
PARIN, SM, 27-Jul-2026,728.8,725,740,710,740,734.4,718.64,7750,55.69,14,4500,58.06
PARKHOSPS, EQ, 27-Jul-2026,280.25,284.7,284.7,278.3,279.9,279.7,280.65,362975,1018.68,7425,218275,60.13
PARKHOTELS, EQ, 27-Jul-2026,122.39,124.8,126.73,121.8,122.03,122.32,122.99,104829,128.93,2541,61329,58.5
PARSVNATH, BE, 27-Jul-2026,1.95,1.92,1.92,1.92,1.92,1.92,1.92,90716,1.74,111, -, -
PARTH, SM, 27-Jul-2026,470.7,467.95,484,467.95,478,478,476.61,17200,81.98,28,11200,65.12
PARTYCRUS, SM, 27-Jul-2026,90,89,90,87,90,89.95,88.7,10000,8.87,8,8000,80
PASHUPATI, EQ, 27-Jul-2026,87.09,87.7,87.88,85.51,87,86.8,86.97,65453,56.92,3172,28030,42.82
PASUPTAC, BE, 27-Jul-2026,57.91,60.28,60.28,57.16,57.33,57.22,58.02,21340,12.38,154, -, -
PATANJALI, EQ, 27-Jul-2026,340.95,343.45,348,341.1,345.85,346.85,345.55,6854453,23685.75,48955,2945479,42.97
PATELENG, EQ, 27-Jul-2026,28.02,28.42,28.62,27.91,27.99,27.98,28.1,2998015,842.35,7417,1806279,60.25
PATELRMART, EQ, 27-Jul-2026,223.44,223.44,226.87,220.01,223.6,222.21,223.11,62137,138.63,2120,18079,29.1
PATILAUTOM, ST, 27-Jul-2026,184.2,183,184.75,180.8,180.8,182.05,181.89,16200,29.47,24,15000,92.59
PATINTLOG, BE, 27-Jul-2026,13.82,13.99,14.45,13.76,14.11,14.14,14.1,20637,2.91,108, -, -
PAUSHAKLTD, EQ, 27-Jul-2026,562.45,565.25,575,562,567,572.15,569.87,10693,60.94,834,7378,69
PAVNAIND, EQ, 27-Jul-2026,16.09,16.46,16.46,15.75,16.23,16.22,16.19,26945,4.36,164,22418,83.2
PAYTM, EQ, 27-Jul-2026,1283.2,1288,1298,1270.1,1292.5,1289.4,1284.16,2199063,28239.47,64455,998693,45.41
PCBL, EQ, 27-Jul-2026,317.9,319.85,327.45,319.85,326.55,326.15,324.84,666364,2164.64,13931,259548,38.95
PCCL, SM, 27-Jul-2026,269.1,269.6,269.6,268.35,269.55,269,269.16,2800,7.54,7,1200,42.86
PCJEWELLER, EQ, 27-Jul-2026,9.28,9.49,9.5,9.33,9.37,9.35,9.39,139047251,13056.68,53315,32342703,23.26
PDMJEPAPER, EQ, 27-Jul-2026,91.72,94.9,99.24,93.98,95.7,95.75,96.46,718707,693.26,8280,246728,34.33
PDSL, EQ, 27-Jul-2026,352,352.15,359.95,352.15,355.9,357.5,356.78,63849,227.8,2742,24088,37.73
PEARLPOLY, BE, 27-Jul-2026,17.2,17.1,17.89,16.5,17,17,16.97,7420,1.26,33, -, -
PELATRO, SM, 27-Jul-2026,263,263,263,260,260,260,261.29,1500,3.92,5,1500,100
PENIND, EQ, 27-Jul-2026,162.84,164.35,169,163.61,164.55,165.16,166.62,215484,359.03,3513,95646,44.39
PENINLAND, BE, 27-Jul-2026,16.09,15.77,16.09,15.77,16.09,16.09,15.89,66875,10.63,87, -, -
PENTAGON, SM, 27-Jul-2026,53.95,51.35,51.35,51.35,51.35,51.35,51.35,2000,1.03,2,2000,100
PERFECT, SZ, 27-Jul-2026,2.75,2.75,2.75,2.75,2.75,2.75,2.75,6000,0.17,1,6000,100
PERSISTENT, EQ, 27-Jul-2026,5200.5,5249,5339.5,5237,5273.5,5268.2,5282.86,557415,29447.43,50657,199838,35.85
PETRONET, EQ, 27-Jul-2026,274.7,275.1,276.45,272,272.95,272.9,274.15,1308556,3587.45,28296,780424,59.64
PFC, EQ, 27-Jul-2026,411.9,412.2,420.7,411,419.8,420.1,417.24,4447916,18558.61,40263,2531047,56.9
PFIZER, EQ, 27-Jul-2026,4623.6,4623.6,4713,4602.1,4711,4692.6,4669.17,36458,1702.29,8378,21385,58.66
PFOCUS, EQ, 27-Jul-2026,289.29,292.4,295,286,287.7,287.75,291.02,623243,1813.75,11795,328650,52.73
PFS, EQ, 27-Jul-2026,29.28,29.28,29.8,29,29.4,29.24,29.42,326119,95.95,1861,195988,60.1
PGEL, EQ, 27-Jul-2026,572.45,580,586.8,577,578,579.7,580.28,769994,4468.1,15317,207630,26.97
PGHH, EQ, 27-Jul-2026,8974.5,9010,9031,8955.5,9000,8993.5,8996.76,6458,581.01,1782,4264,66.03
PGHL, EQ, 27-Jul-2026,6714,6745,6915,6730,6788,6784,6814.75,5453,371.61,1780,2660,48.78
PGIL, EQ, 27-Jul-2026,1974.5,1980,2036.7,1946.1,2012,2016.6,2002.13,69227,1386.01,9940,32847,47.45
PGINVIT, IV, 27-Jul-2026,100.26,100.73,101.48,100.45,101.45,101.33,101.02,2348336,2372.23,7814,2044170,87.05
PHANTOMFX, SM, 27-Jul-2026,171.35,172,197.9,172,184,187.25,184.09,21300,39.21,64,14700,69.01
PHARMABEES, EQ, 27-Jul-2026,26.28,26.28,26.85,26.28,26.75,26.72,26.63,5154164,1372.71,10444,2680726,52.01
PHOENIXLTD, EQ, 27-Jul-2026,2010.7,2011.4,2053.5,2011.4,2024.1,2036.6,2034.73,402381,8187.35,28429,196739,48.89
PHOGLOBAL, SM, 27-Jul-2026,15.9,16.3,16.5,16.3,16.5,16.5,16.47,22000,3.62,8,20000,90.91
PICCADIL, EQ, 27-Jul-2026,737.2,745.9,768.9,742.55,754,757.05,756.63,256342,1939.56,14538,123126,48.03
PIDILITIND, EQ, 27-Jul-2026,1570.9,1588.9,1622.4,1579.7,1614,1611.3,1611.49,1161586,18718.89,46473,647571,55.75
PIGL, EQ, 27-Jul-2026,105.29,106.5,110,105.23,108.97,109.07,108.59,68901,74.82,3545,27224,39.51
PIIND, EQ, 27-Jul-2026,2731.2,2751,2765.9,2735.6,2742,2742.6,2750.64,72244,1987.17,9212,33335,46.14
PILANIINVS, EQ, 27-Jul-2026,4311.4,4322,4362,4301,4347.5,4345.2,4338.03,455,19.74,123,273,60
PILITA, BE, 27-Jul-2026,8.88,8.88,9.09,8.62,8.62,8.73,8.82,134970,11.9,149, -, -
PINELABS, EQ, 27-Jul-2026,145.67,147.11,150.41,147.11,148.93,148.94,149.13,5482549,8176.16,32019,2403597,43.84
PIONEEREMB, EQ, 27-Jul-2026,22.05,22.49,23.38,21.81,23.19,23.04,22.78,10875,2.48,60,8628,79.34
PIONRINV, EQ, 27-Jul-2026,94.14,97.99,97.99,91.11,92,93.26,93.45,1140,1.07,67,868,76.14
PIRAMALFIN, EQ, 27-Jul-2026,2085.4,2095.9,2110,2032.2,2039,2044.8,2068.95,343746,7111.92,18320,221055,64.31
PITTIENG, EQ, 27-Jul-2026,920.65,923.2,935,921.8,929.5,930.7,928.35,18937,175.8,1681,5992,31.64
PIXTRANS, EQ, 27-Jul-2026,1766.1,1797.9,1800,1768.1,1792,1796.7,1784.38,7305,130.35,1518,3918,53.63
PKTEA, EQ, 27-Jul-2026,677.15,684.9,700,678,698,698,692.35,72,0.5,18,68,94.44
PLASTIBLEN, EQ, 27-Jul-2026,188.85,190.9,194.79,188.81,191,191.08,191.6,70294,134.68,1614,37970,54.02
PLATIND, EQ, 27-Jul-2026,227.82,227.87,244,227.87,239.6,240.24,239.13,180514,431.66,4734,98487,54.56
PLAZACABLE, BE, 27-Jul-2026,42.9,42.69,42.9,42.01,42.79,42.8,42.36,10795,4.57,120, -, -
PML, EQ, 27-Jul-2026,485.6,489,489,465.3,481.7,476.05,473.98,912,4.32,69,852,93.42
PNB, EQ, 27-Jul-2026,110.38,111.25,112.23,110.76,111.53,111.62,111.48,12850732,14326.02,49165,6156107,47.9
PNBGILTS, EQ, 27-Jul-2026,85.51,85.59,86.69,85.25,85.36,85.44,85.83,163759,140.56,1746,79567,48.59
PNBHOUSING, EQ, 27-Jul-2026,1058,1068,1085.5,1051.6,1075.9,1078.5,1070.29,937828,10037.46,34741,470444,50.16
PNC, EQ, 27-Jul-2026,19.35,19.74,19.99,19.36,19.6,19.6,19.67,1317,0.26,56,930,70.62
PNCINFRA, EQ, 27-Jul-2026,238.21,238.83,244.98,237,241,241.85,241.43,405716,979.51,15662,161135,39.72
PNGJL, EQ, 27-Jul-2026,647,654.7,700,652.1,685,689.05,678.48,2989095,20280.49,86401,766558,25.65
PNGSREVA, EQ, 27-Jul-2026,405.95,408.6,425.9,403.55,415.8,414.1,416.5,90394,376.49,3079,39232,43.4
POCL, EQ, 27-Jul-2026,526.2,534,539.7,520.2,523.8,522.8,528.19,361002,1906.78,9645,179327,49.67
PODDARMENT, EQ, 27-Jul-2026,263.98,265.62,269.98,249.71,253,252.74,257.95,12740,32.86,539,7400,58.08
POKARNA, EQ, 27-Jul-2026,926.5,926,961,926,930,933.3,942.14,44988,423.85,5877,20483,45.53
POLICYBZR, EQ, 27-Jul-2026,1537.2,1540,1558.9,1536.4,1554,1553.2,1549.73,638636,9897.14,29979,333737,52.26
POLYCAB, EQ, 27-Jul-2026,8907.5,8956,9050,8956,9026,9010,9016.8,232047,20923.21,34253,113873,49.07
POLYMED, EQ, 27-Jul-2026,1664,1775,1775,1664,1672.2,1680.7,1693.09,148378,2512.17,19814,37665,25.38
POLYPLEX, EQ, 27-Jul-2026,1128.95,1137.4,1174,1131.85,1170,1161.9,1162.29,117512,1365.83,7342,71067,60.48
POLYSIL, SM, 27-Jul-2026,112,112.1,116.95,110.5,110.5,112.5,114.62,10000,11.46,14,7500,75
PONNIERODE, EQ, 27-Jul-2026,316,314.9,317.95,310.1,310.9,311.5,312.49,29277,91.49,706,23370,79.82
POONAWALLA, EQ, 27-Jul-2026,459.7,457,472,456.2,471,465.1,462.35,664006,3070.02,13568,303140,45.65
POSITRON, SM, 27-Jul-2026,177,176.8,183,172.8,180,180,178.19,6300,11.23,20,4800,76.19
POWERGRID, EQ, 27-Jul-2026,288.2,288.3,290.55,286.55,287.95,288.85,288.81,12143388,35070.89,52783,9007264,74.17
POWERICA, EQ, 27-Jul-2026,568.25,575.8,580.45,560.05,562.35,565.7,567.75,172709,980.55,6226,91989,53.26
POWERINDIA, EQ, 27-Jul-2026,31070,31400,31755,30900,31610,31550,31405.16,125914,39543.5,37277,57634,45.77
POWERMECH, EQ, 27-Jul-2026,2593.6,2629,2721.9,2572.6,2680,2692.9,2663.04,133658,3559.36,17778,66045,49.41
PPAP, BE, 27-Jul-2026,290.38,285.1,295,280.01,288,287.43,289.67,13383,38.77,285, -, -
PPL, BE, 27-Jul-2026,271.35,272,279.95,263,266.2,268.6,270.22,22966,62.06,379, -, -
PPLPHARMA, EQ, 27-Jul-2026,181.27,180.75,192.64,180.75,192,192.05,189.9,15154930,28779,107479,6249608,41.24
PPSL, SM, 27-Jul-2026,2.7,2.85,3.2,2.85,3.2,3.2,3.15,594000,18.71,108,477000,80.3
PRABHA, EQ, 27-Jul-2026,139.86,142.14,145.5,139.01,143,142.02,142.05,19298,27.41,384,13136,68.07
PRADPME, BE, 27-Jul-2026,506.45,511,522.5,502.25,507,510.25,512.74,3496,17.93,63, -, -
PRAENG, EQ, 27-Jul-2026,22.42,23.14,23.14,21.94,22.05,22.11,22.49,60742,13.66,350,44081,72.57
PRAJIND, EQ, 27-Jul-2026,323.5,320,322,314.35,316.5,316,317.65,715781,2273.68,18918,363356,50.76
PRAKASH, EQ, 27-Jul-2026,123.77,125,125.95,123.46,125.95,125.47,124.63,230451,287.2,2380,122323,53.08
PRAKASHSTL, EQ, 27-Jul-2026,4.01,4.04,4.35,3.95,4.06,4.06,4.08,140092,5.72,268,72625,51.84
PRAMARA, SM, 27-Jul-2026,127.8,129.4,131,127.75,128.7,128.7,128.77,29500,37.99,42,17500,59.32
PRATHAM, SM, 27-Jul-2026,117.3,113.35,115.9,113.35,114,114.15,114.23,4800,5.48,11,2400,50
PRAVEG, EQ, 27-Jul-2026,285.08,290,313,286.5,300.95,301.07,304.87,306929,935.74,8231,116054,37.81
PRAXIS, BE, 27-Jul-2026,6.93,7.09,7.11,6.81,7,7.03,7.06,20173,1.43,58, -, -
PRECAM, EQ, 27-Jul-2026,138.65,139.88,145.9,139.06,139.3,139.85,142.58,244587,348.73,3999,53496,21.87
PRECISION, SM, 27-Jul-2026,7.95,8.3,8.3,7.6,8,8,7.82,10000,0.78,5,8000,80
PRECOT, EQ, 27-Jul-2026,823.75,831.35,860,810,859.9,844.5,827.51,4729,39.13,340,3297,69.72
PRECWIRE, EQ, 27-Jul-2026,372.5,372.5,377.25,370.55,373.45,373.95,374.11,87364,326.84,6334,41158,47.11
PREMCO, EQ, 27-Jul-2026,363.9,386.05,386.05,367,368.15,368.15,375.41,174,0.65,14,167,95.98
PREMEXPLN, EQ, 27-Jul-2026,662.1,662.95,673.4,662.5,668,669.1,667.48,127897,853.69,3221,58933,46.08
PREMIER, BE, 27-Jul-2026,2.84,2.84,2.95,2.84,2.94,2.94,2.89,1471,0.04,18, -, -
PREMIERENE, EQ, 27-Jul-2026,1019.3,1028.9,1042.7,1017.7,1038.7,1039.9,1031.1,547770,5648.05,16769,181278,33.09
PREMIERPOL, EQ, 27-Jul-2026,79.3,79.3,80,74,74.8,74.48,76.09,328951,250.3,4179,176059,53.52
PREMIUM, SM, 27-Jul-2026,40,38.6,38.6,38.5,38.5,38.5,38.53,9000,3.47,3,9000,100
PRESSTONIC, SM, 27-Jul-2026,25.45,25.45,26.9,25.1,25.3,25.35,25.43,18400,4.68,22,12800,69.57
PRESTIGE, EQ, 27-Jul-2026,1592.8,1619,1649.8,1604.7,1641.3,1644.6,1637.4,652716,10687.56,26000,380186,58.25
PRICOLLTD, EQ, 27-Jul-2026,628.7,638,671.4,633.2,666,665.35,657.9,1352331,8897.05,51718,551621,40.79
PRIMECAB, ST, 27-Jul-2026,175,183.75,183.75,180,183.75,183.75,182.34,19200,35.01,11,19200,100
PRIMESECU, EQ, 27-Jul-2026,274.45,273.05,293.95,273.05,274.05,274.5,275.47,5127,14.12,546,1859,36.26
PRIMO, EQ, 27-Jul-2026,22.34,22.06,23,22.06,22.26,22.49,22.57,87137,19.66,1390,40849,46.88
PRINCEPIPE, EQ, 27-Jul-2026,261.2,263.6,267.3,261.25,264,265.65,264.21,116284,307.24,3615,58952,50.7
PRITI, BE, 27-Jul-2026,37.73,37.07,38.8,37,37.79,37.11,37.08,3154,1.17,53, -, -
PRITIKAUTO, BE, 27-Jul-2026,18.01,18.42,18.44,17.5,18,17.96,17.98,54346,9.77,305, -, -
PRIVISCL, EQ, 27-Jul-2026,3595.2,3613.4,3655,3585,3628,3623.6,3616.49,41625,1505.36,6692,26184,62.9
PRIZOR, ST, 27-Jul-2026,845,861,861.85,860,860,860,861.24,9600,82.68,17,9600,100
PRLIND, SM, 27-Jul-2026,45.3,45,45.3,44.7,44.75,44.75,45.13,12000,5.42,8,10000,83.33
PROLIFE, SM, 27-Jul-2026,75,71.25,71.25,71.25,71.25,71.25,71.25,500,0.36,1,500,100
PROSTARM, EQ, 27-Jul-2026,123.67,125.67,125.86,122.23,123.9,123.41,123.75,101957,126.17,1876,50032,49.07
PROTEAN, EQ, 27-Jul-2026,593.9,600,632.95,596,621.8,625.75,619.19,911326,5642.8,24404,385472,42.3
PROV, SM, 27-Jul-2026,1710,1750,1750,1700,1720,1720,1714.29,560,9.6,5,560,100
PROZONER, EQ, 27-Jul-2026,43.8,43.65,44.8,43.15,44.35,44.11,43.94,92301,40.56,842,48138,52.15
PRSMJOHNSN, EQ, 27-Jul-2026,108.02,108.91,109.69,108.2,108.38,108.55,108.8,50253,54.68,1305,24275,48.31
PRUDENT, EQ, 27-Jul-2026,2858.9,2920.9,3036,2833.3,2851,2870,2944.52,133291,3924.78,20666,60345,45.27
PRUDMOULI, BE, 27-Jul-2026,12.92,12.92,13.56,12.92,13,13,13.22,414,0.05,11, -, -
PSB, EQ, 27-Jul-2026,23.77,23.91,24.7,23.32,23.88,23.89,24.28,1506830,365.9,3938,540039,35.84
PSFL, SM, 27-Jul-2026,31,30.6,31.05,30.55,31,31,30.91,18000,5.56,6,10000,55.56
PSPPROJECT, EQ, 27-Jul-2026,1031.2,1039,1065.4,1029.3,1057,1055.9,1047.89,79166,829.57,4465,35146,44.4
PSRAJ, ST, 27-Jul-2026,86.3,90.6,90.6,85,90.5,90.5,89.32,22500,20.1,7,17500,77.78
PSUBANK, EQ, 27-Jul-2026,83.49,85.57,85.57,83.6,84,83.93,83.96,116885,98.14,496,46580,39.85
PSUBANKADD, EQ, 27-Jul-2026,84.48,84.6,85.28,84.25,84.45,84.79,84.79,42707,36.21,441,20413,47.8
PSUBNKBEES, EQ, 27-Jul-2026,93.42,94.95,94.95,92.2,93.55,93.52,93.71,1152191,1079.73,5184,547748,47.54
PSUBNKIETF, EQ, 27-Jul-2026,84.71,84.9,85.5,84.69,84.9,84.96,85.1,110680,94.19,863,53331,48.18
PTC, EQ, 27-Jul-2026,164.4,165.48,167.8,165.05,166.2,166.33,166.35,430444,716.06,5987,242568,56.35
PTCIL, EQ, 27-Jul-2026,17732,17832,18250,17732,17852,17923,18020.02,14951,2694.17,5287,5467,36.57
PTL, EQ, 27-Jul-2026,39.26,39.26,40.35,39.06,39.6,39.42,39.46,29842,11.78,827,18250,61.16
PUNJABCHEM, EQ, 27-Jul-2026,1121.6,1131,1171,1123.7,1160,1156.1,1150.95,6941,79.89,735,3994,57.54
PURPLEUTED, ST, 27-Jul-2026,341.35,357,357,329,335,332.5,336.85,15500,52.21,52,15000,96.77
PURVA, EQ, 27-Jul-2026,213.35,215.5,219.9,214.74,219.29,219.45,217.87,113195,246.62,2481,54241,47.92
PURVFLEXI, SM, 27-Jul-2026,44.1,42.1,46.25,42.1,46.25,45.75,44.58,14400,6.42,18,10400,72.22
PUSHPA, SM, 27-Jul-2026,111,111,112,105,107,107.55,108.23,12000,12.99,12,8000,66.67
PVP, EQ, 27-Jul-2026,27.31,27.72,30.34,27.1,27.29,27.4,28.39,1123455,318.98,5644,303538,27.02
PVRINOX, EQ, 27-Jul-2026,1063.95,1072.3,1136.9,1071,1120.15,1123.2,1118.48,1608571,17991.55,95192,626497,38.95
PVSL, EQ, 27-Jul-2026,106.01,106.9,109,106.08,108.8,108.25,107.81,33294,35.89,737,21532,64.67
PVTBANIETF, EQ, 27-Jul-2026,27.56,28.24,28.24,27.28,27.7,27.66,27.65,1566539,433.11,1828,961192,61.36
PVTBANK, EQ, 27-Jul-2026,27.41,27.44,27.53,27.31,27.31,27.31,27.37,3633,0.99,44,2231,61.41
PVTBANKADD, EQ, 27-Jul-2026,27.74,27.88,27.94,27.7,27.88,27.81,27.79,39736,11.04,226,28370,71.4
PVTBKGROWW, EQ, 27-Jul-2026,27.35,27.9,27.95,27.11,27.39,27.55,27.51,28408,7.81,1354,8375,29.48
PWL, EQ, 27-Jul-2026,128.05,129.85,129.85,122.06,123.65,123.09,124.45,10401923,12945.47,60716,4155882,39.95
PYRAMID, EQ, 27-Jul-2026,164.21,165.09,197.05,165.01,197.05,195.96,192.04,4561988,8760.66,31234,749381,16.43
QFIL, SM, 27-Jul-2026,61.5,61.5,62.8,61.5,62.8,62.8,62.15,2000,1.24,2,2000,100
QGOLDHALF, EQ, 27-Jul-2026,118.07,118.2,119.38,118.2,118.91,118.91,118.91,196523,233.69,942,86484,44.01
QLINE, SM, 27-Jul-2026,505.75,511,511,492.1,498.05,500.3,499.56,102000,509.55,211,64800,63.53
QMSMEDI, EQ, 27-Jul-2026,110.6,110.85,114,110.7,111.85,112.13,112.34,10371,11.65,772,5011,48.32
QNIFTY, EQ, 27-Jul-2026,261.6,268.14,268.14,263.2,264.2,264.2,263.65,7185,18.94,89,5577,77.62
QPOWER, BE, 27-Jul-2026,1105.4,1120,1140,1096,1100,1105.6,1111.22,63072,700.87,2093, -, -
QUADFUTURE, EQ, 27-Jul-2026,361.05,365.5,369.7,352.5,360,362.7,364.79,226958,827.91,7161,105757,46.6
QUAL30IETF, EQ, 27-Jul-2026,20.94,21.36,21.36,20.93,21.05,21.1,21.16,198857,42.07,350,137767,69.28
QUALITY30, EQ, 27-Jul-2026,20.46,20.65,20.85,20.65,20.7,20.78,20.77,75740,15.73,50,55309,73.02
QUESS, EQ, 27-Jul-2026,295.4,298.35,300,293,298,295.75,296.11,123913,366.91,4371,53232,42.96
QUESTLAB, SM, 27-Jul-2026,92.95,91.05,93.9,91.05,93,92.95,92.65,15600,14.45,11,12000,76.92
QUICKHEAL, BE, 27-Jul-2026,152.72,153,160,153,155.75,155.72,156.35,40517,63.35,679, -, -
QUICKTOUCH, SM, 27-Jul-2026,22,22,22,20.9,21.05,21.1,21.28,12000,2.55,16,9000,75
QUINT, EQ, 27-Jul-2026,38.64,38.64,39.99,36,37,37.35,37.88,1083,0.41,24,540,49.86
QUINTEGRA, BE, 27-Jul-2026,1.39,1.45,1.45,1.33,1.44,1.44,1.36,22631,0.31,22, -, -
QVCEL, SM, 27-Jul-2026,23.55,22.7,23.55,22.7,23.55,23.55,23.13,3200,0.74,2,3200,100
RACE, EQ, 27-Jul-2026,109.25,111.99,111.99,108,109.3,109.03,110.62,9795,10.84,39,9294,94.89
RACLGEAR, EQ, 27-Jul-2026,1315.5,1315.5,1386,1312,1338.6,1332.2,1333.69,34422,459.08,2725,12559,36.49
RADAAN, EQ, 27-Jul-2026,2.88,2.88,2.88,2.78,2.79,2.79,2.83,23468,0.66,83,14532,61.92
RADHIKAJWE, EQ, 27-Jul-2026,63.63,64,68.68,64,67.9,68.03,67.23,1931509,1298.54,16007,363454,18.82
RADIANTCMS, EQ, 27-Jul-2026,36.93,36.5,37.43,36.4,36.62,36.64,36.71,76166,27.96,974,50576,66.4
RADICO, EQ, 27-Jul-2026,4091.3,4120,4201,4117.7,4161,4149.5,4155.59,515365,21416.45,33667,284624,55.23
RADIOCITY, EQ, 27-Jul-2026,6.4,6.5,6.82,6.3,6.6,6.58,6.58,106089,6.98,212,92313,87.01
RAILTEL, EQ, 27-Jul-2026,284.75,288.4,291,287.4,288.1,288.55,288.86,291361,841.62,9653,101090,34.7
RAIN, EQ, 27-Jul-2026,225.23,226.45,228,221.17,223.75,223.74,224.18,3339585,7486.78,28336,1348602,40.38
RAINBOW, EQ, 27-Jul-2026,1457.8,1468.2,1487,1464.4,1483.2,1483.5,1480.36,44019,651.64,7090,24712,56.14
RAJESHEXPO, BZ, 27-Jul-2026,88.93,85.07,89.99,85.07,88.49,88.46,88.38,66769,59.01,1015, -, -
RAJINDLTD, SM, 27-Jul-2026,70.45,72.45,72.45,71.85,71.85,71.85,72.1,4500,3.24,3,1500,33.33
RAJMET, EQ, 27-Jul-2026,3.36,3.36,3.43,3.31,3.35,3.33,3.36,162977,5.47,563,120144,73.72
RAJOOENG, BE, 27-Jul-2026,54.35,54.97,56,54,54.2,54.18,55.02,148000,81.44,762, -, -
RAJPALAYAM, EQ, 27-Jul-2026,807.75,802.05,820,802.05,810,810.75,812.66,982,7.98,46,672,68.43
RAJPUTANA, SM, 27-Jul-2026,199.45,192,199,192,199,199,194.33,1500,2.92,3,1500,100
RAJRATAN, EQ, 27-Jul-2026,488.3,497,519.65,495,503.65,504.5,509.22,459053,2337.58,20747,182550,39.77
RAJRILTD, BE, 27-Jul-2026,20.84,21.25,21.25,20.43,20.89,20.67,20.47,23098,4.73,173, -, -
RAJSREESUG, EQ, 27-Jul-2026,29.97,30.6,31.39,29.97,30.4,30.83,30.71,12214,3.75,155,6741,55.19
RAJTV, EQ, 27-Jul-2026,11.67,11.89,11.98,11.66,11.76,11.81,11.79,26518,3.13,163,19509,73.57
RAJVIR, BZ, 27-Jul-2026,6.23,5.93,5.95,5.93,5.93,5.93,5.93,3919,0.23,5, -, -
RALLIS, EQ, 27-Jul-2026,218.72,220,227.07,220,220.95,221.59,223.83,1235821,2766.16,22450,569903,46.12
RAMANEWS, EQ, 27-Jul-2026,28.57,28.74,29.1,28.1,28.99,28.52,28.52,12069,3.44,94,8826,73.13
RAMAPHO, EQ, 27-Jul-2026,131.1,134,134.9,129.11,131.85,130.9,131.88,55794,73.58,687,42055,75.38
RAMASTEEL, BE, 27-Jul-2026,4.26,4.29,4.31,4.21,4.23,4.24,4.25,1689124,71.74,3377, -, -
RAMBHAJO, EQ, 27-Jul-2026,194.07,193.56,201.5,193.56,196.1,197.89,197.37,296930,586.05,5141,113819,38.33
RAMCOCEM, EQ, 27-Jul-2026,914.8,907,926,907,915.05,919.75,919.01,58579,538.35,9751,32589,55.63
RAMCOIND, EQ, 27-Jul-2026,329.15,329.5,345.35,327.1,334.15,336.85,337.53,261964,884.2,7184,83061,31.71
RAMCOSYS, EQ, 27-Jul-2026,710.95,668.9,696.3,639.9,639.9,639.9,657.33,1208773,7945.64,21213,355799,29.43
RAMKY, EQ, 27-Jul-2026,371.1,372.6,381.6,372.6,374.1,375.2,377.66,40579,153.25,1266,21739,53.57
RAMRAT, EQ, 27-Jul-2026,414.1,414.15,429.9,414.15,428,425.3,422.22,105248,444.37,2844,68678,65.25
RANASUG, EQ, 27-Jul-2026,11.78,11.88,12.05,11.73,11.85,11.84,11.88,69252,8.23,352,44088,63.66
RANEHOLDIN, EQ, 27-Jul-2026,1738.4,1738,1767.8,1731,1767.8,1762.7,1755.15,8218,144.24,953,4690,57.07
RAPPID, SM, 27-Jul-2026,337.85,337.85,337.85,319.25,334.9,330.2,327.64,10200,33.42,17,6600,64.71
RATEGAIN, EQ, 27-Jul-2026,900.4,899,929,895,905,905.8,911.18,189729,1728.78,14588,100436,52.94
RATNAMANI, EQ, 27-Jul-2026,2394.5,2400.8,2435.7,2395.1,2423,2404.3,2406.73,17021,409.65,6182,9684,56.89
RATNAVEER, EQ, 27-Jul-2026,178.61,182,204,182,204,199.61,198.02,53640552,106218.03,320678,3947114,7.36
RAYMOND, EQ, 27-Jul-2026,588.4,598,603.05,585.25,596,595,593.22,781629,4636.75,18337,368576,47.15
RAYMONDLSL, EQ, 27-Jul-2026,714.95,717,717,701.05,706.5,705.6,708.97,92348,654.72,4423,56387,61.06
RAYMONDREL, EQ, 27-Jul-2026,654.55,661.1,673.8,656.3,662.45,665.9,665.84,275017,1831.19,8502,118316,43.02
RBA, EQ, 27-Jul-2026,65.16,65.6,70.5,65.6,67.71,67.57,68.45,10453213,7155.29,36350,4478912,42.85
RBLBANK, EQ, 27-Jul-2026,352.9,352.9,364.1,352.9,363.05,362.85,360.81,6318621,22798.2,61323,3487986,55.2
RBMINFRA, SM, 27-Jul-2026,300.25,300.25,300.6,288,289.4,290.9,294.69,27200,80.16,100,19800,72.79
RBS, SM, 27-Jul-2026,74.25,76,81.65,74.3,75.6,75.6,79.24,89600,71,51,73600,82.14
RBZJEWEL, EQ, 27-Jul-2026,140.91,142.1,148.99,142.1,144.55,145.61,145.43,83688,121.71,2452,31329,37.44
RCDL, SM, 27-Jul-2026,24,24,24,24,24,24,24,3000,0.72,1,3000,100
RCF, EQ, 27-Jul-2026,124.22,124.91,127,124.91,126.45,126.27,126.16,511013,644.71,6089,154905,30.31
RCOM, BE, 27-Jul-2026,0.82,0.82,0.86,0.82,0.83,0.83,0.83,2332156,19.41,2166, -, -
READYMIX, SM, 27-Jul-2026,104.95,96,106,96,105,105,104.13,8000,8.33,8,6000,75
RECLTD, EQ, 27-Jul-2026,361.6,357.5,368.85,356.9,368.8,368.15,365.35,9400642,34344.8,92411,5219657,55.52
REDINGTON, EQ, 27-Jul-2026,259.05,261,279.85,260.2,277.9,278.15,275.92,8059901,22238.68,94048,1614165,20.03
REDTAPE, EQ, 27-Jul-2026,126.77,126.99,130.28,126.52,128.3,127.28,127.83,178327,227.96,2998,83540,46.85
REFEX, EQ, 27-Jul-2026,316,319.9,334.2,317.7,332,331.55,328.03,777695,2551.09,12639,374657,48.18
REFRACTORY, SM, 27-Jul-2026,26.9,26.15,26.25,25.6,25.6,25.9,26.06,11000,2.87,10,11000,100
REGAAL, BE, 27-Jul-2026,75.65,75.98,78.4,75.97,77.9,77.58,76.86,57102,43.89,274, -, -
REGENCERAM, EQ, 27-Jul-2026,33.94,34,35.4,33.06,33.09,33.6,33.95,8301,2.82,58,7959,95.88
RELAXO, EQ, 27-Jul-2026,402.95,403.95,409.55,396.7,401.8,401.4,404.76,363059,1469.51,11537,79994,22.03
RELCHEMQ, EQ, 27-Jul-2026,127.29,127.29,128.77,123.27,128.64,128.07,125.2,7670,9.6,138,6882,89.73
RELIABLE, EQ, 27-Jul-2026,143.88,148,148,137.29,141,139.22,140.38,6897,9.68,376,4348,63.04
RELIANCE, EQ, 27-Jul-2026,1278,1288.2,1288.7,1278,1281,1280,1281.07,7163132,91765.06,130094,4761835,66.48
RELIGARE, EQ, 27-Jul-2026,258.05,259.25,259.25,252.6,255.15,255.45,255.4,1314228,3356.52,16106,624747,47.54
RELINFRA, BE, 27-Jul-2026,63.19,60.04,63.19,60.04,60.04,60.04,60.58,2206582,1336.7,4807, -, -
RELTD, EQ, 27-Jul-2026,171.45,173.4,179.35,173.01,174.02,174.03,175,195941,342.9,4609,78603,40.12
REMSONSIND, EQ, 27-Jul-2026,78.31,79.7,80.81,79,79.5,79.63,79.78,25643,20.46,736,14769,57.59
REMUS, SM, 27-Jul-2026,719.6,719,726,719,720,721,723.12,2200,15.91,13,2100,95.45
RENUKA, EQ, 27-Jul-2026,22.23,22.26,22.49,21.81,21.88,21.86,22.02,2679724,590.1,6935,1364125,50.91
REPCOHOME, EQ, 27-Jul-2026,388.4,388.45,397.2,388.45,390.25,391.05,392.41,49776,195.33,1900,29039,58.34
REPL, BE, 27-Jul-2026,65.43,66.74,66.74,63.01,65.39,63.59,64.09,3301,2.12,36, -, -
REPRO, EQ, 27-Jul-2026,371.9,371.3,378.95,370,371.3,372.8,373.94,7224,27.01,323,5475,75.79
RESPONIND, EQ, 27-Jul-2026,176.02,177,179.49,174.2,175,175.47,176.78,117789,208.23,2331,50058,42.5
RETAIL, EQ, 27-Jul-2026,16.65,16.57,17.95,16.57,17.58,17.51,17.4,6597,1.15,64,5718,86.68
RGL, EQ, 27-Jul-2026,118.11,117,119.85,117,118.36,118.04,118.06,185414,218.91,978,144778,78.08
RHETAN, EQ, 27-Jul-2026,28.35,28.5,30.21,28.42,29.09,29.05,29.26,14137548,4137.16,22380,867383,6.14
RHFL, BZ, 27-Jul-2026,1.96,1.98,2,1.95,1.97,1.96,1.97,301361,5.94,694, -, -
RHIM, EQ, 27-Jul-2026,398.95,405,411.95,399,403,401.05,404.63,491685,1989.5,13490,239767,48.76
RHL, EQ, 27-Jul-2026,167.34,165.61,170.01,165.6,168.1,168.64,168.67,2573,4.34,127,1511,58.73
RICOAUTO, EQ, 27-Jul-2026,139.07,140.5,146.6,139.3,145.6,145.59,143.95,4112427,5919.92,30095,1602246,38.96
RIIL, EQ, 27-Jul-2026,729.55,737.5,742.45,732,735.75,736.2,737.61,40985,302.31,2001,15958,38.94
RIIT, IV, 27-Jul-2026,115.64,115.65,117,115.65,116.5,116.82,116.76,57095,66.67,5073,42097,73.73
RILINFRA, SM, 27-Jul-2026,39.5,39.85,39.9,38.55,38.85,39.35,39.28,7600,2.99,46,5900,77.63
RIR, EQ, 27-Jul-2026,157.51,157.57,161.99,156.7,157.63,157.21,158.4,41734,66.11,1355,25678,61.53
RISHABH, EQ, 27-Jul-2026,622.3,624,642,619.55,629.5,624.7,625.3,71724,448.49,4117,23197,32.34
RITCO, EQ, 27-Jul-2026,297.2,299.9,303.9,291.2,295,295.1,295.75,465386,1376.37,7051,259823,55.83
RITES, EQ, 27-Jul-2026,213.7,215.45,218.25,214.5,217,217.15,216.5,407264,881.71,10962,167196,41.05
RKDL, EQ, 27-Jul-2026,19.91,19.65,19.91,19.4,19.46,19.48,19.54,11245,2.2,111,9697,86.23
RKEC, EQ, 27-Jul-2026,26.73,27.29,28.7,26.5,26.67,26.96,27.52,35907,9.88,236,24318,67.72
RKFORGE, EQ, 27-Jul-2026,580.7,595,635.55,595,625.3,625.45,620.84,12147443,75416.09,199518,2810375,23.14
RKSWAMY, EQ, 27-Jul-2026,101.37,103.9,107.7,102.32,107.21,106.71,105.2,84741,89.15,1743,62337,73.56
RMC, EQ, 27-Jul-2026,268.05,272.1,279.4,262.3,263.5,265.65,271.14,33262,90.19,1388,19836,59.64
RMDRIP, EQ, 27-Jul-2026,18.11,18.15,18.99,18.05,18.51,18.65,18.6,2603869,484.28,3985,1150160,44.17
RML, EQ, 27-Jul-2026,1130.4,1139.5,1186.6,1125,1145,1149,1163.04,23632,274.85,3437,11512,48.71
RNBDENIMS, EQ, 27-Jul-2026,9.27,9.32,9.45,9.22,9.38,9.32,9.34,221590,20.69,906,112861,50.93
RNFI, SM, 27-Jul-2026,268.75,268,271.7,266.1,268,268,268.29,54600,146.49,23,51000,93.41
RNPL, SM, 27-Jul-2026,78,74.2,74.6,74.2,74.6,74.6,74.47,3600,2.68,3,3600,100
ROHLTD, EQ, 27-Jul-2026,310.95,315.75,323.9,311,320.5,322.35,318.65,27913,88.95,712,16947,60.71
ROLEXRINGS, EQ, 27-Jul-2026,139.64,139.73,141.78,135.5,138.5,137.92,137.07,2182897,2992.04,13115,1238760,56.75
ROLLT, BE, 27-Jul-2026,2.17,2.11,2.27,2.11,2.27,2.22,2.21,108683,2.4,105, -, -
ROML, EQ, 27-Jul-2026,44.51,45.1,45.1,44.07,45,44.98,44.68,1122,0.5,30,934,83.24
ROSSARI, EQ, 27-Jul-2026,489.8,491.8,528.4,491.8,521.85,519.95,514.18,230496,1185.17,9502,100500,43.6
ROSSELLIND, EQ, 27-Jul-2026,58.94,58.01,60.83,58.01,58.89,58.89,59.33,16220,9.62,899,8241,50.81
ROSSTECH, EQ, 27-Jul-2026,983.3,984,1005,960.55,976,975.65,974.63,98539,960.39,6143,47972,48.68
ROTO, EQ, 27-Jul-2026,68.08,68.42,69,67.11,67.11,67.29,67.55,235371,159,1947,112798,47.92
ROUTE, EQ, 27-Jul-2026,568.55,570,571.65,535.35,537.95,540.6,544.75,1114587,6071.69,23676,326150,29.26
ROXHITECH, SM, 27-Jul-2026,38.75,41.85,45.9,40.8,45.5,45.55,44.15,121600,53.68,63,80000,65.79
ROYALARC, SM, 27-Jul-2026,148,148,148,148,148,148,148,1200,1.78,1,1200,100
RPEL, EQ, 27-Jul-2026,1303.2,1319,1324.5,1284.5,1291,1292.7,1300.33,44411,577.49,4351,26143,58.87
RPGLIFE, EQ, 27-Jul-2026,2937,2920.5,2984.9,2900,2925,2928.1,2935.03,16187,475.09,2321,6714,41.48
RPOWER, EQ, 27-Jul-2026,24.06,24.06,24.18,23.51,23.77,23.76,23.89,18164482,4339.08,31812,6190995,34.08
RPPINFRA, EQ, 27-Jul-2026,61.5,62.26,64.53,61.5,61.5,62.15,62.45,19583,12.23,408,13335,68.09
RPPL, EQ, 27-Jul-2026,21.47,21.46,22.05,20.8,22,21.69,21.26,60125,12.78,581,27728,46.12
RPSGVENT, EQ, 27-Jul-2026,893.95,893.95,909.95,893.95,896.2,898.7,898.35,10079,90.54,404,8160,80.96
RPTECH, EQ, 27-Jul-2026,779.85,787.95,809,770,809,801.45,790.91,450228,3560.92,18715,241194,53.57
RRIL, EQ, 27-Jul-2026,16.63,17.2,17.2,16.3,16.4,16.45,16.6,16410,2.72,99,9655,58.84
RRKABEL, EQ, 27-Jul-2026,2493.6,2529,2584,2453,2570,2525.3,2517.5,1757341,44241.1,111433,536680,30.54
RSDFIN, EQ, 27-Jul-2026,82.81,73.2,82.79,73.2,82,82,78.85,45,0.04,5,35,77.78
RSL, EQ, 27-Jul-2026,132.72,134.99,137.05,132.2,132.3,134.33,134.75,520856,701.84,2831,262339,50.37
RSSOFTWARE, BE, 27-Jul-2026,31.26,31.26,32.29,30.5,32.28,32.09,31.76,11983,3.81,153, -, -
RSWM, BE, 27-Jul-2026,211.71,211.71,218.4,211.71,213,213.67,215.23,47082,101.33,286, -, -
RSYSTEMS, EQ, 27-Jul-2026,245.51,249,259.75,248.01,252.01,252.85,254.54,416728,1060.73,19077,174397,41.85
RTL, SM, 27-Jul-2026,78,80,80,80,80,80,80,6000,4.8,3,4000,66.67
RTNINDIA, EQ, 27-Jul-2026,31.6,32.01,32.46,31.1,32.1,32.03,32.12,748701,240.49,4021,232937,31.11
RTNPOWER, EQ, 27-Jul-2026,8.63,8.81,8.84,8.55,8.66,8.63,8.65,15468021,1338.73,13300,4378323,28.31
RUBFILA, EQ, 27-Jul-2026,73.08,73.08,73.75,70.01,72.08,72.34,72.01,26296,18.94,312,18184,69.15
RUBICON, EQ, 27-Jul-2026,1520.2,1545,1578,1520.2,1570,1556,1544.59,221234,3417.16,17869,106397,48.09
RUBYMILLS, BE, 27-Jul-2026,407.35,405,414.8,388.1,405,397.55,403.41,13332,53.78,243, -, -
RUCHINFRA, EQ, 27-Jul-2026,5.99,6.13,6.13,5.41,5.92,5.95,5.8,150702,8.75,298,83593,55.47
RUCHIRA, EQ, 27-Jul-2026,106.47,108.05,112.39,108.05,111.15,110.42,110.54,91315,100.94,1282,42443,46.48
RUDRA, EQ, 27-Jul-2026,16.22,16.88,18.99,16.56,17.7,17.68,17.94,179860,32.27,787,92895,51.65
RULKA, SM, 27-Jul-2026,100,101.1,115,101.1,112.9,111.05,111.68,11700,13.07,37,7800,66.67
RUPA, EQ, 27-Jul-2026,163.19,163.51,166.28,163.51,163.9,164,164.56,31691,52.15,1217,15134,47.75
RUSHIL, EQ, 27-Jul-2026,17.76,17.76,18.34,17.4,17.45,17.64,17.87,739683,132.22,2324,336827,45.54
RUSTOMJEE, EQ, 27-Jul-2026,399.75,405.75,414.5,401.55,414.5,409.6,408.01,15906,64.9,1017,10454,65.72
RVHL, EQ, 27-Jul-2026,45.87,46,46.5,45.13,45.2,45.53,45.75,11867,5.43,104,7458,62.85
RVNL, EQ, 27-Jul-2026,224.53,226.03,227.6,223.56,223.8,223.95,225.52,3968892,8950.74,31373,1079420,27.2
RVTH, EQ, 27-Jul-2026,685.05,692.05,712,680.05,711.95,709.5,690.87,588,4.06,24,431,73.3
S&SPOWER, EQ, 27-Jul-2026,347.3,359.4,359.4,331.75,333,336.8,341.53,1473,5.03,40,1134,76.99
SAAKSHI, ST, 27-Jul-2026,299.9,286.25,294.95,286.25,294.95,290.6,289.17,9000,26.03,10,6600,73.33
SAATVIKGL, EQ, 27-Jul-2026,440.55,441.5,448.4,440.55,444.15,442.95,443.53,36176,160.45,2023,18994,52.5
SABAR, SM, 27-Jul-2026,5.45,5.65,5.65,5.6,5.65,5.65,5.63,15000,0.85,3,10000,66.67
SABEVENTS, EQ, 27-Jul-2026,7.67,7.29,7.29,7.29,7.29,7.29,7.29,3088,0.23,16,3088,100
SACHEEROME, SM, 27-Jul-2026,422.95,423.1,438.95,414.1,424.95,424.95,424.19,23100,97.99,59,16800,72.73
SADBHAV, EQ, 27-Jul-2026,7.9,7.9,8.59,7.9,8.4,8.31,8.31,372056,30.91,877,210277,56.52
SADBHIN, BE, 27-Jul-2026,2.26,2.26,2.35,2.23,2.34,2.32,2.29,106993,2.45,146, -, -
SADHAV, SM, 27-Jul-2026,116,118,118.05,114.45,118.05,118.05,117.08,17400,20.37,23,15000,86.21
SADHNANIQ, BE, 27-Jul-2026,2.74,2.69,2.69,2.69,2.69,2.69,2.69,340970,9.17,236, -, -
SAFARI, EQ, 27-Jul-2026,1538.9,1541,1600.6,1541,1588.1,1594.2,1581.2,14865,235.05,2364,8693,58.48
SAFEENTP, SM, 27-Jul-2026,252.15,252.35,254.05,245,253,252.7,249.48,69000,172.14,91,55000,79.71
SAGARDEEP, EQ, 27-Jul-2026,25.16,26.48,26.48,24.32,25.45,24.96,24.93,19495,4.86,148,10517,53.95
SAGCEM, EQ, 27-Jul-2026,177.54,180.69,184,174.85,184,183.15,180.27,101734,183.4,2581,26722,26.27
SAGILITY, EQ, 27-Jul-2026,40.42,40.89,43.81,40.72,43.3,43.29,43.14,111335747,48029.21,189868,33852912,30.41
SAHAJSOLAR, SM, 27-Jul-2026,124.35,121,124.95,120.1,123.6,123.6,122.41,6000,7.34,15,4000,66.67
SAHANA, SM, 27-Jul-2026,893.8,909,979,908,929,919.7,935.11,301250,2817.02,996,132250,43.9
SAHASRA, ST, 27-Jul-2026,311,304.05,326.55,304.05,326.55,326.55,326.05,88400,288.23,141,82800,93.67
SAHLIBHFI, EQ, 27-Jul-2026,77.93,77.93,83.7,77.89,78.2,78.2,78.46,6670,5.23,16,6666,99.94
SAHYADRI, EQ, 27-Jul-2026,281.25,285,295,281,292,292.25,288.78,5414,15.63,216,4230,78.13
SAIFL, SM, 27-Jul-2026,5.1,5.15,5.2,5,5.2,5.1,5.05,264000,13.34,51,128000,48.48
SAIL, EQ, 27-Jul-2026,161.45,162.9,166.5,162.1,162.87,162.62,163.82,13672214,22398.13,60113,5161518,37.75
SAILIFE, EQ, 27-Jul-2026,1232.9,1244.8,1295,1239.3,1290,1287,1275.51,476995,6084.1,27872,220667,46.26
SAIPARENT, EQ, 27-Jul-2026,535.6,540.95,562,540.95,558,559.75,553.94,92370,511.67,4022,46974,50.85
SAJHOTELS, ST, 27-Jul-2026,36.5,34.7,36.9,34.7,36.9,36.9,36.64,36000,13.19,5,34000,94.44
SAKAR, EQ, 27-Jul-2026,802.2,817.45,835,798,829.1,830,819.51,110028,901.69,8708,48711,44.27
SAKHTISUG, EQ, 27-Jul-2026,17.28,17.2,17.47,17.14,17.28,17.2,17.24,40599,7,271,29622,72.96
SAKSOFT, EQ, 27-Jul-2026,168.3,170.2,173.01,162.04,164.95,164.69,166.35,891947,1483.78,9883,326418,36.6
SAKUMA, EQ, 27-Jul-2026,1.64,1.67,1.69,1.63,1.67,1.66,1.66,610676,10.17,665,552115,90.41
SALASAR, EQ, 27-Jul-2026,5.97,6.01,6.11,5.94,5.95,5.96,5.98,2052725,122.71,3140,1228975,59.87
SALONA, EQ, 27-Jul-2026,248.8,245,252.8,243.25,247.95,245.65,246.14,3113,7.66,108,2795,89.78
SALSTEEL, BE, 27-Jul-2026,56.71,58,59.54,58,59.54,59.54,59.46,197903,117.67,386, -, -
SALZERELEC, EQ, 27-Jul-2026,575.95,585,592,571.45,573.55,573.85,575.9,37291,214.76,1946,21332,57.2
SAMBHAAV, EQ, 27-Jul-2026,6.11,6.25,6.64,6.15,6.4,6.33,6.29,36534,2.3,79,30961,84.75
SAMBHV, EQ, 27-Jul-2026,115.92,116,123.55,114.91,121.8,121.69,120.46,1861564,2242.49,15272,786959,42.27
SAMHI, EQ, 27-Jul-2026,177.66,177.8,183.69,177.38,179.26,178.54,180.67,1037485,1874.46,20084,526166,50.72
SAMMAANCAP, EQ, 27-Jul-2026,160.64,161.57,165.45,160.12,165.3,164.96,163.92,4635674,7598.69,18340,2739916,59.11
SAMPANN, EQ, 27-Jul-2026,27.57,28.35,28.39,27.31,28.15,27.64,27.84,15932,4.44,320,7040,44.19
SANATHAN, EQ, 27-Jul-2026,483,485.4,495.65,476,488.95,488.25,487.12,91043,443.49,2597,52848,58.05
SANDESH, EQ, 27-Jul-2026,979,979,1010,969.8,979,974.55,986.51,1183,11.67,121,872,73.71
SANDHAR, EQ, 27-Jul-2026,593.95,601.9,607,593.5,598,599.55,601.58,88230,530.78,7224,47898,54.29
SANDUMA, EQ, 27-Jul-2026,195.04,195.15,200.69,195.15,198.48,198.15,198.35,457227,906.9,9404,244029,53.37
SANGAMIND, EQ, 27-Jul-2026,615.85,625.1,625.95,610.2,611.35,612.55,615.06,22980,141.34,1615,13060,56.83
SANGANI, SM, 27-Jul-2026,42.7,44.5,44.8,44.5,44.8,44.8,44.74,7500,3.36,5,7500,100
SANGHVIMOV, EQ, 27-Jul-2026,455.7,460.45,465,446.7,450.75,450,454.42,353824,1607.85,11237,159334,45.03
SANGINITA, BE, 27-Jul-2026,61.63,62.86,62.86,62.86,62.86,62.86,62.86,35261,22.17,99, -, -
SANOFI, EQ, 27-Jul-2026,3388.9,3429,3429,3351.5,3370,3368.8,3374.69,9673,326.43,3009,6211,64.21
SANOFICONR, EQ, 27-Jul-2026,4674.7,4639.3,4750,4624.1,4670,4685.2,4702.43,4106,193.08,1143,2450,59.67
SANSERA, EQ, 27-Jul-2026,3184.7,3232.5,3299.7,3217.6,3272,3273,3265.25,106918,3491.14,12310,58144,54.38
SANSTAR, EQ, 27-Jul-2026,108.97,109.25,117,108.5,116.1,116.24,113.95,889963,1014.1,10971,284784,32
SANWARIA, BZ, 27-Jul-2026,0.2,0.21,0.21,0.2,0.21,0.2,0.21,294149,0.61,137, -, -
SAPPHIRE, EQ, 27-Jul-2026,179.12,181,191.9,181,187.9,187.09,187.45,5604160,10504.9,74255,1270911,22.68
SAPPL, EQ, 27-Jul-2026,293.55,290.05,314.8,290,300,299.1,295.89,2178,6.44,101,1628,74.75
SARDAEN, EQ, 27-Jul-2026,502.25,505.5,513.9,504.75,513,512.3,511.22,252108,1288.82,15675,123948,49.16
SAREGAMA, EQ, 27-Jul-2026,496.5,502.7,518,494.2,516,514.85,510.13,625299,3189.84,21996,178260,28.51
SARLAPOLY, EQ, 27-Jul-2026,100.01,100.6,102.19,99.18,100.61,100.58,100.02,43638,43.65,1304,19363,44.37
SARTELE, SM, 27-Jul-2026,117,118.2,119,116.05,117.25,117.8,117.84,59000,69.53,103,37500,63.56
SARVESHWAR, EQ, 27-Jul-2026,3.45,3.54,3.55,3.11,3.37,3.38,3.32,2648664,88.01,3087,1841447,69.52
SASKEN, EQ, 27-Jul-2026,1821,1871,1911.9,1800,1810,1819,1849.88,29549,546.62,2279,19947,67.5
SATECH, SM, 27-Jul-2026,32.75,31.5,34.35,31.15,34.35,33.95,32.35,27000,8.74,20,21000,77.78
SATIA, EQ, 27-Jul-2026,60.45,61.4,63.8,61.08,62.33,62.13,62.41,177018,110.48,2062,100348,56.69
SATIN, EQ, 27-Jul-2026,268.87,271,274.14,260.1,260.1,261.51,268.11,864860,2318.8,14818,402430,46.53
SATIPOLY, ST, 27-Jul-2026,37.5,37.5,37.5,37.5,37.5,37.5,37.5,2500,0.94,3,2500,100
SATKARTAR, ST, 27-Jul-2026,136.6,138,138,131.25,131.6,131.6,133.97,12800,17.15,16,11200,87.5
SATTVAENGG, SM, 27-Jul-2026,77.75,79.05,79.05,79,79,79,79.03,4800,3.79,3,4800,100
SAURASHCEM, EQ, 27-Jul-2026,55.66,55.74,58.8,55.74,57.88,57.93,57.87,58445,33.82,1633,36166,61.88
SAVY, SM, 27-Jul-2026,126.1,134,134,120.05,122.95,122.95,124.22,21600,26.83,18,15600,72.22
SAWALIYA, SM, 27-Jul-2026,295.05,295,295,288,288.05,289.6,290.59,37200,108.1,32,23400,62.9
SAYAJIHOTL, EQ, 27-Jul-2026,299.6,299.6,299.6,299.6,299.6,299.6,299.6,18,0.05,2,18,100
SBC, EQ, 27-Jul-2026,42.07,42.25,42.4,42.01,42.01,42.09,42.17,7111649,2998.9,2733,2634764,37.05
SBCL, EQ, 27-Jul-2026,755.7,755.7,764.45,741,742,742.25,751.86,113371,852.39,8513,57259,50.51
SBFC, EQ, 27-Jul-2026,92.18,93.99,94.64,90,90.33,90.38,91.84,2682881,2464.04,18061,1333178,49.69
SBGLP, EQ, 27-Jul-2026,24.42,25.73,25.73,24.2,24.89,24.43,24.61,8601,2.12,127,4422,51.41
SBIBPB, EQ, 27-Jul-2026,48.32,48.32,49,48.01,48.05,48.26,48.57,38973,18.93,434,15544,39.88
SBICARD, EQ, 27-Jul-2026,618.75,630.65,647.25,627.95,647,645,638.66,2047438,13076.23,40013,517868,25.29
SBIETFCON, EQ, 27-Jul-2026,120.82,122.78,122.78,121,122.62,122.62,122.28,5293,6.47,128,4520,85.4
SBIETFIT, EQ, 27-Jul-2026,318.71,326.67,327.61,319.05,325,326.09,325.86,21983,71.63,317,18807,85.55
SBIETFPB, EQ, 27-Jul-2026,278.46,280,281,278.39,278.39,279.71,278.86,47807,133.31,666,41440,86.68
SBIETFQLTY, EQ, 27-Jul-2026,219.48,217.9,223,217.04,221.93,222.01,222.11,1953,4.34,72,1713,87.71
SBIFUNDS, EQ, 27-Jul-2026,587.3,590,594.35,581,582,583.2,585.74,4053030,23740.32,87259,2307930,56.94
SBILIFE, EQ, 27-Jul-2026,1858.6,1860,1870.7,1836.2,1867.2,1866.8,1857.38,1098594,20405.04,31635,708888,64.53
SBILIQETF, EQ, 27-Jul-2026,1049.06,1049.2,1049.2,1049.18,1049.2,1049.18,1049.18,10099,105.96,31,8969,88.81
SBIMIDMOM, EQ, 27-Jul-2026,61.35,61.96,62.26,61.35,62.18,62.16,62,6730,4.17,107,4686,69.63
SBIN, EQ, 27-Jul-2026,1015,1020.3,1023.7,1015.9,1019.8,1020.6,1020.06,6093002,62152.44,162737,3410763,55.98
SBINEQWETF, EQ, 27-Jul-2026,33.02,33,33.7,33,33.08,33.36,33.29,21923,7.3,305,9136,41.67
SBINMID150, EQ, 27-Jul-2026,22.8,23.02,23.25,22.89,23.13,22.95,23.01,12561,2.89,263,9782,77.88
SBISILVER, EQ, 27-Jul-2026,215.98,217.98,218.85,217.42,218.6,218.31,218.32,718371,1568.38,5801,302109,42.05
SBISMLETF, EQ, 27-Jul-2026,17.67,17.75,18.13,17.7,17.81,17.85,17.88,82159,14.69,203,67607,82.29
SBIVALETF, EQ, 27-Jul-2026,14.84,14.91,15.05,14.86,14.86,14.89,14.92,1542,0.23,43,951,61.67
SCANSTL, EQ, 27-Jul-2026,49.79,50.54,50.54,47.01,49,48.27,48.72,192347,93.71,1507,130393,67.79
SCHAEFFLER, EQ, 27-Jul-2026,4107.7,4107.8,4213.2,4082.1,4177.9,4185.5,4156.06,88323,3670.75,14687,58697,66.46
SCHAND, EQ, 27-Jul-2026,147.69,147.69,149.8,146.55,149.8,147.86,147.71,15004,22.16,491,10333,68.87
SCHNEIDER, EQ, 27-Jul-2026,1352.6,1360,1368.8,1320,1346.8,1352,1345.26,190172,2558.3,22589,87968,46.26
SCI, EQ, 27-Jul-2026,275.1,277.15,287.1,275.4,283.3,283.8,282.43,2204031,6224.86,28483,820576,37.23
SCILAL, EQ, 27-Jul-2026,41.33,41.61,42.79,41.31,42.39,42.15,41.9,252633,105.85,1568,135345,53.57
SCML, SM, 27-Jul-2026,75.2,75.3,80,75.3,79,78.85,78.1,44000,34.36,34,39000,88.64
SCODATUBES, EQ, 27-Jul-2026,146.93,148.39,149.89,146.53,148.99,147.73,148.13,106946,158.42,1689,65669,61.4
SCPL, EQ, 27-Jul-2026,570.85,570.25,607,568.6,597,599.3,593.5,37999,225.53,1504,22121,58.21
SDBL, EQ, 27-Jul-2026,72.89,73.5,74.4,71.5,71.98,72.07,72.51,663692,481.21,5373,241137,36.33
SDREAMS, SM, 27-Jul-2026,87.15,89.95,90,88.5,88.5,88.5,89.48,3000,2.68,3,3000,100
SEAMECLTD, EQ, 27-Jul-2026,1396.3,1435,1462,1402,1410,1411.2,1428.44,48371,690.95,5573,27988,57.86
SECMARK, EQ, 27-Jul-2026,128.18,130,130,124,127.6,125.1,125.28,1418,1.78,10,1301,91.75
SECURKLOUD, EQ, 27-Jul-2026,17.47,18.45,18.45,17.21,17.6,17.51,17.81,26703,4.76,94,19238,72.04
SEDEMAC, EQ, 27-Jul-2026,2689.2,2690,2792,2690,2770,2778.3,2753.63,121002,3331.95,15143,71895,59.42
SEIL, EQ, 27-Jul-2026,203.23,203.23,206.97,199.47,206,205.1,203.31,166692,338.9,2207,115330,69.19
SEJALLTD, BE, 27-Jul-2026,753.45,762.95,791,731.05,770,772.45,765.02,16442,125.78,241, -, -
SEL, SM, 27-Jul-2026,273,273,273,260.2,264.5,264.5,269.28,1400,3.77,6,1000,71.43
SELECTIPO, EQ, 27-Jul-2026,45.44,45.44,46.12,45,46,46.09,46.01,78456,36.09,186,52238,66.58
SELLOWRAP, SM, 27-Jul-2026,64,62.5,63.5,62.5,63.5,63.5,63,3200,2.02,2,3200,100
SELMC, EQ, 27-Jul-2026,28.24,29.49,29.49,27.18,28.11,27.68,27.85,10143,2.82,141,7133,70.32
SEMAC, BE, 27-Jul-2026,319.9,321.45,321.45,319.95,319.95,319.95,321.4,65,0.21,3, -, -
SENCO, EQ, 27-Jul-2026,382.85,386.65,430,386.65,417,417.95,416.2,18605457,77436.6,238244,2951850,15.87
SENORES, EQ, 27-Jul-2026,1387.5,1408.3,1443.7,1378,1395.5,1412,1410.51,422207,5955.26,24784,157869,37.39
SENSEXADD, EQ, 27-Jul-2026,78.57,78.84,79.39,78.84,79.39,79.07,78.99,4521,3.57,29,2358,52.16
SENSEXAXIS, EQ, 27-Jul-2026,79.07,79.93,79.95,79.19,79.52,79.89,79.41,1893,1.5,63,1167,61.65
SENSEXBETA, EQ, 27-Jul-2026,843.04,847.99,851.98,845,845,849.42,849.08,632,5.37,153,422,66.77
SENSEXETF, EQ, 27-Jul-2026,78.46,78.6,79.35,78.59,79.35,79.23,78.99,11713,9.25,218,7132,60.89
SENSEXIETF, EQ, 27-Jul-2026,876.78,876,884.89,875.99,884.89,883.44,881.64,5128,45.21,377,2619,51.07
SEPC, EQ, 27-Jul-2026,6.01,6.08,6.16,6.02,6.07,6.06,6.09,7117363,433.56,3460,3122915,43.88
SERVICE, SM, 27-Jul-2026,62.2,61.45,61.8,61.45,61.8,61.8,61.64,12000,7.4,6,0,0
SERVOTECH, EQ, 27-Jul-2026,95.64,97.64,97.64,95.31,95.7,95.6,96.03,402420,386.44,4300,213534,53.06
SESHAPAPER, EQ, 27-Jul-2026,230.23,253,264,233.32,238.1,237.29,252.24,3834474,9671.99,46985,393215,10.25
SETCO, BE, 27-Jul-2026,18,17.75,18.01,17.75,18,18,17.9,67306,12.05,103, -, -
SETF10GILT, EQ, 27-Jul-2026,264.32,264.89,266.74,263.63,265.1,266.5,265.22,11881,31.51,73,10433,87.81
SETFGOLD, EQ, 27-Jul-2026,121.62,123,123,122.1,122.4,122.35,122.36,4063612,4972.2,13210,2734418,67.29
SETFNIF50, EQ, 27-Jul-2026,256.26,256.26,258.99,256.26,258.96,258.69,258.2,681087,1758.57,5199,467040,68.57
SETFNIFBK, EQ, 27-Jul-2026,583.2,587.4,588.71,585,587.25,587.2,585.88,93554,548.11,3642,59190,63.27
SETFNN50, EQ, 27-Jul-2026,769.7,774.5,778.99,771.5,778.3,777.91,776.4,28560,221.74,1268,20967,73.41
SETL, EQ, 27-Jul-2026,272.7,275.9,284.8,265.5,284,282.8,275.73,630188,1737.62,8761,350034,55.54
SETUINFRA, BZ, 27-Jul-2026,0.44,0.42,0.46,0.42,0.44,0.43,0.43,36211,0.16,50, -, -
SEYAIND, BE, 27-Jul-2026,12.28,12.04,12.39,12.04,12.18,12.18,12.05,26474,3.19,58, -, -
SFL, EQ, 27-Jul-2026,761.95,767.9,777.3,760,767.9,767.2,766.55,180984,1387.33,12538,100255,55.39
SFML, SM, 27-Jul-2026,23.5,23.15,23.15,23.05,23.05,23.05,23.1,3200,0.74,2,3200,100
SGBAPR28I, GB, 27-Jul-2026,14280.61,14280.61,14401.65,14201,14295,14297.77,14338.48,265,38,56,215,81.13
SGBAUG27, GB, 27-Jul-2026,14255.99,14300.01,14325,14300,14311,14318,14312.44,23,3.29,5,13,56.52
SGBAUG28V, GB, 27-Jul-2026,14240.36,14266,14372.99,14241.01,14325,14354.09,14332.04,1510,216.41,130,1205,79.8
SGBAUG29V, GB, 27-Jul-2026,14250,14301,14450,14301,14412,14412.35,14422.39,59,8.51,19,51,86.44
SGBAUG30, GB, 27-Jul-2026,14340,14351,14485.94,14351,14450,14436.56,14402.46,190,27.36,58,137,72.11
SGBD29VIII, GB, 27-Jul-2026,14298,14300,14370,14183,14266,14280,14285.2,134,19.14,59,125,93.28
SGBDC27VII, GB, 27-Jul-2026,14200,14250,14300,14200,14200,14208.25,14228.67,12,1.71,6,12,100
SGBDE30III, GB, 27-Jul-2026,14431.73,14792.52,14792.52,14425.02,14580,14579.98,14517.41,184,26.71,53,94,51.09
SGBDE31III, GB, 27-Jul-2026,14541.55,14556.01,14643.94,14556.01,14590,14595.43,14603.05,581,84.84,134,447,76.94
SGBDEC26, GB, 27-Jul-2026,14230,14200,14415,14200,14399.99,14399.99,14381.11,9,1.29,7,7,77.78
SGBFEB28IX, GB, 27-Jul-2026,14150.01,14205,14350,14205,14350,14350,14284.09,11,1.57,3,6,54.55
SGBFEB29XI, GB, 27-Jul-2026,14230,14231,14387.99,14231,14387.99,14375.24,14349.41,49,7.03,18,32,65.31
SGBFEB32IV, GB, 27-Jul-2026,14667.51,14682,14842.79,14611.01,14700,14699.46,14703.14,1221,179.53,202,856,70.11
SGBJAN27, GB, 27-Jul-2026,14200,14200,14250,14200,14250,14250,14227.27,11,1.57,6,10,90.91
SGBJAN29IX, GB, 27-Jul-2026,14117.5,14120.01,14240,14117.5,14186,14197.2,14189.29,71,10.07,17,55,77.46
SGBJAN29X, GB, 27-Jul-2026,14117.25,14152,14319,14152,14200,14200,14223.67,20,2.84,7,15,75
SGBJAN30IX, GB, 27-Jul-2026,14166.67,14167.01,14350.01,14167.01,14265,14266.66,14284.03,161,23,37,149,92.55
SGBJU29III, GB, 27-Jul-2026,14227.71,14227.71,14227.71,14186,14200.01,14200.01,14193.01,112,15.9,13,60,53.57
SGBJUL28IV, GB, 27-Jul-2026,14151.2,14155.01,14235,14155.01,14200,14200,14206.02,215,30.54,31,192,89.3
SGBJUL29IV, GB, 27-Jul-2026,14143.66,14145.01,14289,14145.01,14200,14200,14239.62,75,10.68,19,59,78.67
SGBJUN28, GB, 27-Jul-2026,14110,14187,14225,14051,14220,14220,14172.97,225,31.89,38,163,72.44
SGBJUN29II, GB, 27-Jul-2026,14125.1,14160,14250,14160,14249,14249,14242.86,14,1.99,5,14,100
SGBJUN30, GB, 27-Jul-2026,14240.13,14241.01,14445,14241.01,14350,14350,14354.59,25,3.59,18,21,84
SGBJUN31I, GB, 27-Jul-2026,14535.17,14535,14651,14450,14499,14489.29,14571.26,598,87.14,112,361,60.37
SGBMAR28X, GB, 27-Jul-2026,14116.66,14165.01,14199,14165.01,14199,14199,14192.2,5,0.71,3,4,80
SGBMAR30X, GB, 27-Jul-2026,14209.26,14300,14371.5,14295,14295.7,14295.42,14307.92,114,16.31,40,100,87.72
SGBMAR31IV, GB, 27-Jul-2026,14450.03,14649.99,14649.99,14500,14527.97,14527.97,14558.56,112,16.31,41,84,75
SGBMAY28, GB, 27-Jul-2026,14136.89,14200,14230,14176,14200,14201.16,14199,181,25.7,42,132,72.93
SGBMAY29I, GB, 27-Jul-2026,14209.11,14209.11,14289.98,14202,14249.9,14235.03,14231.6,466,66.32,97,360,77.25
SGBMR29XII, GB, 27-Jul-2026,14177.5,14180,14289.99,14180,14213,14240.27,14242.73,78,11.11,25,67,85.9
SGBN28VIII, GB, 27-Jul-2026,14158.1,14166.3,14225,14166.3,14201,14201,14211.59,21,2.98,7,17,80.95
SGBNOV26, GB, 27-Jul-2026,14250,14250,14250,14250,14250,14250,14250,3,0.43,3,3,100
SGBNV29VII, GB, 27-Jul-2026,14270.2,14268,14290,14240.01,14240.01,14246.53,14268.76,66,9.42,16,62,93.94
SGBOC28VII, GB, 27-Jul-2026,14155,14284.97,14284.97,14223,14262.9,14243.81,14266.04,13,1.85,8,9,69.23
SGBOCT26, GB, 27-Jul-2026,14300,14300,14300,14300,14300,14300,14300,4,0.57,1,4,100
SGBOCT27, GB, 27-Jul-2026,14100,14105.01,14300,14105.01,14300,14300,14202.51,2,0.28,2,1,50
SGBOCT27VI, GB, 27-Jul-2026,14159,14200.01,14209,14180,14209,14209,14203.34,21,2.98,4,11,52.38
SGBSEP27, GB, 27-Jul-2026,14156.27,14210.01,14235,14210.01,14231,14231,14231.73,26,3.7,3,26,100
SGBSEP28VI, GB, 27-Jul-2026,14244.55,14200,14294.99,14200,14250,14250.44,14244.52,111,15.81,21,80,72.07
SGBSEP29VI, GB, 27-Jul-2026,14229.28,14250,14340,14162.1,14240,14235,14244.89,144,20.51,34,106,73.61
SGBSEP31II, GB, 27-Jul-2026,14508.49,14589.99,14624.98,14521.01,14555,14561.56,14590.63,581,84.77,98,294,50.6
SGFIN, EQ, 27-Jul-2026,696.05,713.1,722.5,685,688.25,688.1,696.88,455519,3174.42,13116,224510,49.29
SGIL, EQ, 27-Jul-2026,596.3,602.4,608.95,595,595.1,599.75,600.68,7999,48.05,393,5413,67.67
SGL, EQ, 27-Jul-2026,9.74,9.75,10.49,9.75,9.86,9.86,9.91,8368,0.83,47,5553,66.36
SGMART, EQ, 27-Jul-2026,713.55,715.05,737.45,705.45,721.7,720.65,721.1,570078,4110.84,19195,265394,46.55
SHADOWFAX, EQ, 27-Jul-2026,214.48,214,214.68,207.2,210,209.6,210.89,9482795,19998.3,77287,5551754,58.55
SHAH, EQ, 27-Jul-2026,4.37,4.38,4.8,4.37,4.55,4.56,4.61,10711590,493.59,4829,2167577,20.24
SHAHALLOYS, EQ, 27-Jul-2026,66.56,67.01,68.89,66,66,66.33,66.64,11571,7.71,54,9186,79.39
SHAILY, EQ, 27-Jul-2026,2969.7,2976.4,3064,2957.7,3055,3049.7,3031.29,187201,5674.61,18826,85372,45.6
SHAKTIPUMP, EQ, 27-Jul-2026,553,533,538.95,524.1,528.5,529.5,529.22,1075712,5692.89,35835,419500,39
SHALBY, EQ, 27-Jul-2026,163.1,165.99,167.77,163.17,163.38,163.48,164.55,52497,86.38,1168,36629,69.77
SHALPAINTS, EQ, 27-Jul-2026,68.9,72.1,75.75,67.15,69.75,69.57,71.62,1020167,730.67,5853,537355,52.67
SHANKARA, EQ, 27-Jul-2026,140.07,140.07,141.98,140.07,140.7,140.87,140.75,59276,83.43,411,46067,77.72
SHANTHALA, SM, 27-Jul-2026,18,18,18,18,18,18,18,4800,0.86,4,4800,100
SHANTI, EQ, 27-Jul-2026,7.07,7.07,7.2,6.68,7.09,6.87,6.93,16941,1.17,79,12885,76.06
SHANTIGEAR, EQ, 27-Jul-2026,420,423.4,423.4,414.3,419,416.6,419.63,59845,251.13,1045,50486,84.36
SHANTIGOLD, EQ, 27-Jul-2026,211.29,213.3,234.9,212.34,217,216.91,225.2,6334728,14265.61,55197,1588440,25.08
SHARDACROP, EQ, 27-Jul-2026,872.95,877,892.55,877,888,888.6,887.87,99553,883.9,6095,48578,48.8
SHARDAMOTR, EQ, 27-Jul-2026,826.45,834,847,831.3,836,834.55,837.79,17392,145.71,2100,8088,46.5
SHARDUL, BE, 27-Jul-2026,53.61,50.93,50.93,50.93,50.93,50.93,50.93,6724,3.42,37, -, -
SHAREINDIA, EQ, 27-Jul-2026,191.57,197,197.36,186,186,188.39,191.76,1931245,3703.44,16427,689654,35.71
SHARIABEES, EQ, 27-Jul-2026,453.94,453.94,464.52,453.94,460.75,460.4,459.82,4713,21.67,496,2415,51.24
SHBAJRG, EQ, 27-Jul-2026,183.93,181.25,188.93,181,183,182.44,182.93,4169,7.63,57,3972,95.27
SHEEL, ST, 27-Jul-2026,68,69.95,70.95,69,69,69,70.01,10000,7,5,10000,100
SHEETAL, SM, 27-Jul-2026,294.25,290,291.9,289,291.9,291.9,290.78,3000,8.72,5,1500,50
SHEKHAWATI, EQ, 27-Jul-2026,11.78,12.23,12.96,11.78,12.72,12.63,12.56,39443,4.95,191,33025,83.73
SHEMAROO, BE, 27-Jul-2026,121.38,121,123.89,116.25,118.11,118.97,119.37,9905,11.82,110, -, -
SHERA, ST, 27-Jul-2026,177.15,178,178,169.1,172,172,173.07,48000,83.08,43,41000,85.42
SHETHJI, ST, 27-Jul-2026,150,150,150.25,150,150.05,150.05,150.08,26000,39.02,16,26000,100
SHIGAN, SM, 27-Jul-2026,67.4,63,63,62.5,62.5,62.55,62.66,7500,4.7,5,7500,100
SHILCTECH, EQ, 27-Jul-2026,4267.7,4315,4416.6,4225.5,4415,4407.1,4351.24,16459,716.17,3938,8613,52.33
SHILPAMED, EQ, 27-Jul-2026,606.2,615,626.5,607.1,623,620.6,621.18,305420,1897.21,14644,130857,42.84
SHINDL, EQ, 27-Jul-2026,158.12,160.3,161,155.21,158.65,158.97,159.68,153272,244.74,1741,20573,13.42
SHIVALIK, BE, 27-Jul-2026,253.76,259.99,266.44,256,266,264.18,260.81,59576,155.38,560, -, -
SHIVAMAUTO, BE, 27-Jul-2026,17.06,17.4,17.4,17.4,17.4,17.4,17.4,1833,0.32,9, -, -
SHIVAMILLS, BE, 27-Jul-2026,59.88,60.88,60.88,57,59.9,59.55,57.82,218,0.13,17, -, -
SHIVASHRIT, SM, 27-Jul-2026,123,123.9,126,120,125,125,120.98,35000,42.34,21,29000,82.86
SHIVATEX, EQ, 27-Jul-2026,154.92,152.4,154.8,150.5,154.8,154.75,152.49,12670,19.32,71,11564,91.27
SHIVAUM, EQ, 27-Jul-2026,391.25,387,397.95,385,385,388.35,390.47,459,1.79,47,353,76.91
SHK, EQ, 27-Jul-2026,140.65,141.65,149.5,141.65,148,148.26,147.08,897665,1320.28,10679,464659,51.76
SHOPERSTOP, EQ, 27-Jul-2026,377.75,377.7,388.65,374.55,386.5,385.85,384.21,74429,285.97,4158,43476,58.41
SHRADHA, EQ, 27-Jul-2026,34.79,35.79,35.79,34.5,34.51,34.86,35.06,23358,8.19,150,7914,33.88
SHREDIGCEM, EQ, 27-Jul-2026,76.16,75,75.5,72.31,73,73.18,73.23,191765,140.42,2187,105552,55.04
SHREECEM, EQ, 27-Jul-2026,26740,26960,27040,26620,27000,26860,26888.31,12362,3323.93,5956,4703,38.04
SHREEDHAR, SM, 27-Jul-2026,90.05,90,90,85,85,85,88.62,10000,8.86,5,8000,80
SHREEJISPG, EQ, 27-Jul-2026,625.8,630,639.8,628,634,631.25,633.14,465367,2946.44,9161,123068,26.45
SHREEKARNI, SM, 27-Jul-2026,403,417.9,430,417.9,422,422,423.1,1350,5.71,7,900,66.67
SHREEOSFM, SM, 27-Jul-2026,57.9,60.45,60.5,60.2,60.5,60.5,60.37,5000,3.02,5,5000,100
SHREEPUSHK, EQ, 27-Jul-2026,386.85,390.05,395.4,383,392,388.15,390.6,31992,124.96,1250,16111,50.36
SHREERAMA, EQ, 27-Jul-2026,40.18,39.26,41.8,39.26,39.8,39.8,40.32,70193,28.3,728,42638,60.74
SHRENIK, BZ, 27-Jul-2026,0.34,0.35,0.35,0.33,0.34,0.33,0.34,285016,0.97,169, -, -
SHREYANIND, EQ, 27-Jul-2026,138.65,141,146,139.23,142.41,143,143.66,10292,14.79,360,8051,78.23
SHRIAHIMSA, ST, 27-Jul-2026,386,382,386,380,385,385,384.29,27000,103.76,25,25200,93.33
SHRIKRISH, EQ, 27-Jul-2026,39.32,39.52,40,39.4,39.4,39.47,39.57,1147,0.45,18,966,84.22
SHRINGARMS, EQ, 27-Jul-2026,219.66,220.9,227.56,219.08,220,220.18,223.03,449501,1002.5,3797,119307,26.54
SHRIPISTON, EQ, 27-Jul-2026,4159.9,4172.5,4279,4172.5,4248.6,4241.8,4239.21,37326,1582.33,8303,19357,51.86
SHRIRAMFIN, EQ, 27-Jul-2026,1005.1,1020,1040,1002.2,1038,1038.2,1024.53,9459410,96914.06,114243,5021612,53.09
SHRIRAMPPS, EQ, 27-Jul-2026,85.02,85.44,86.78,84.26,85.5,85.49,85.23,453613,386.6,3399,172062,37.93
SHUBHLAXMI, SM, 27-Jul-2026,21.55,20.5,20.5,20.5,20.5,20.5,20.5,4000,0.82,4,4000,100
SHYAMCENT, BE, 27-Jul-2026,5.34,5.44,5.44,5.15,5.26,5.22,5.2,28097,1.46,178, -, -
SHYAMDHANI, ST, 27-Jul-2026,58.25,58,58,58,58,58,58,32000,18.56,1,32000,100
SHYAMMETL, EQ, 27-Jul-2026,1027.45,1026.1,1044.9,1015.65,1035,1035.1,1031.36,215142,2218.89,14572,127225,59.14
SHYAMTEL, BE, 27-Jul-2026,15.88,15.9,16.01,15.9,16.01,16.01,15.97,496,0.08,7, -, -
SICAGEN, EQ, 27-Jul-2026,50.63,50.31,52.75,49.11,51.39,50.94,50.96,9920,5.06,105,5616,56.61
SICALLOG, EQ, 27-Jul-2026,97.07,100.99,101.92,97.1,101.92,101.92,100.92,52165,52.65,426,36788,70.52
SIDDHICOTS, SM, 27-Jul-2026,28.55,28.6,29.25,28.55,28.55,28.55,28.75,4800,1.38,4,4800,100
SIDDHIKA, SM, 27-Jul-2026,216.25,206,212,206,212,212,207.35,4000,8.29,4,3500,87.5
SIEMENS, EQ, 27-Jul-2026,3689.8,3721,3745,3690,3712.4,3718,3715.1,273869,10174.51,22520,113655,41.5
SIGACHI, BE, 27-Jul-2026,25.5,24.99,25.98,24.99,25.94,25.94,25.53,1668080,425.83,1007, -, -
SIGIND, EQ, 27-Jul-2026,44.57,45.39,46.97,44.5,46.4,45.78,45.57,10379,4.73,108,6165,59.4
SIGMA, EQ, 27-Jul-2026,38.07,38.01,38.67,37.41,37.74,37.93,38.08,32228,12.27,642,19514,60.55
SIGMAADV, BE, 27-Jul-2026,523,547,549.15,547,549.15,549.15,548.37,263149,1443.03,1575, -, -
SIGNATURE, EQ, 27-Jul-2026,768.35,783.9,797.7,780.55,790,790.8,789.85,373293,2948.46,13044,77220,20.69
SIGNORIA, ST, 27-Jul-2026,135,135,135,135,135,135,135,1000,1.35,1,1000,100
SIGNPOST, EQ, 27-Jul-2026,309.4,309.9,313.95,304.1,306.5,305.65,308.46,141701,437.1,2742,95509,67.4
SIKA, EQ, 27-Jul-2026,1139.6,1148,1159.5,1115,1129,1123.5,1130.21,25631,289.68,3148,10958,42.75
SIKKO, EQ, 27-Jul-2026,4.7,4.79,5.41,4.79,5.04,5.02,5.08,1714553,87.09,1555,947639,55.27
SIL, EQ, 27-Jul-2026,15.89,15.89,16.39,15.81,16.28,16.22,16.23,18124,2.94,216,12918,71.28
SILGO, EQ, 27-Jul-2026,74.06,74.06,75.3,73.81,75.3,74.31,74.23,110292,81.87,561,14714,13.34
SILINV, EQ, 27-Jul-2026,414.95,411.1,428,411.1,415.5,416.8,416.92,572,2.38,65,423,73.95
SILKFLEX, ST, 27-Jul-2026,188.5,185,197.9,185,197.9,197.9,192.27,10000,19.23,10,8000,80
SILKY, SM, 27-Jul-2026,68.15,66.65,72.95,66.65,70.95,70.95,70.57,20800,14.68,23,12800,61.54
SILLYMONKS, EQ, 27-Jul-2026,15.79,15.55,16.99,15.5,16.8,16.6,16.6,7218,1.2,106,6073,84.14
SILVER, EQ, 27-Jul-2026,220.42,214.9,222.94,214.9,222.48,222.16,222.37,624616,1388.97,7384,299037,47.88
SILVER1, EQ, 27-Jul-2026,21.36,21.41,21.67,21.41,21.56,21.57,21.6,4424404,955.75,4117,1425516,32.22
SILVER360, EQ, 27-Jul-2026,217.03,219.96,219.96,218.06,218.79,218.77,219.11,4406,9.65,255,2204,50.02
SILVERADD, EQ, 27-Jul-2026,212.4,214.44,215.26,214,214.63,214.46,214.73,134183,288.13,1485,55855,41.63
SILVERAG, EQ, 27-Jul-2026,214.74,217.28,217.53,216,217.1,216.8,216.84,111506,241.8,2572,46384,41.6
SILVERAXIS, EQ, 27-Jul-2026,219.04,220.57,222.17,220.57,221.89,221.3,221.68,339216,751.96,5909,208159,61.36
SILVERBEES, EQ, 27-Jul-2026,210.96,212.51,213.88,212.02,213,213.01,213.17,15004369,31984.2,51761,6134819,40.89
SILVERBETA, EQ, 27-Jul-2026,212.92,214.34,216.9,213.84,215.51,215.47,215.36,455862,981.76,2572,293718,64.43
SILVERBND, EQ, 27-Jul-2026,221.58,222.77,224.17,222.7,223.56,223.55,223.51,4971,11.11,123,2469,49.67
SILVERCASE, EQ, 27-Jul-2026,22.32,22.87,22.87,22.32,22.58,22.56,22.58,4740474,1070.33,6855,2517122,53.1
SILVERIETF, EQ, 27-Jul-2026,220.47,221.12,223.15,221.12,222.5,222.24,222.54,3060224,6810.12,18998,1904460,62.23
SILVERTUC, EQ, 27-Jul-2026,200.14,207,208.99,198.14,204.4,202.42,204.33,498869,1019.36,7699,185492,37.18
SIMBHALS, BZ, 27-Jul-2026,6.9,7.05,7.14,6.71,6.85,6.85,6.86,17464,1.2,98, -, -
SIMCA, SM, 27-Jul-2026,203.4,216,216,205,210,208.55,207.91,50400,104.79,56,37200,73.81
SIMPLEXINF, EQ, 27-Jul-2026,239.25,239.25,242.7,235.55,238.9,237.95,238.66,33878,80.85,1020,20748,61.24
SINCLAIR, EQ, 27-Jul-2026,74.77,75.5,75.94,73.05,73.12,73.65,74.17,25889,19.2,292,19410,74.97
SINDHUTRAD, EQ, 27-Jul-2026,24.45,24.89,25.3,24.5,25.1,24.81,24.72,380342,94,975,160318,42.15
SINGERIND, EQ, 27-Jul-2026,65.82,67,67.2,66.05,66.12,66.47,66.64,15495,10.33,624,9172,59.19
SINTERCOM, EQ, 27-Jul-2026,82.04,80.4,81.7,80.01,80.3,81.37,80.15,1780,1.43,61,1614,90.67
SIRCA, EQ, 27-Jul-2026,393.45,399,403,396.25,396.6,397.75,399.34,263633,1052.79,6334,130558,49.52
SIS, EQ, 27-Jul-2026,437.55,440,440,431.75,437.9,435.4,435.39,53598,233.36,3359,35915,67.01
SITINET, BZ, 27-Jul-2026,0.32,0.32,0.33,0.32,0.33,0.32,0.32,182100,0.59,159, -, -
SIYSIL, EQ, 27-Jul-2026,609.45,609.7,626.6,609.7,626,624.7,622.78,29239,182.09,2209,14384,49.19
SJLOGISTIC, SM, 27-Jul-2026,306.6,313.95,315.05,302.1,306.5,307.35,307.63,45000,138.43,112,32000,71.11
SJS, EQ, 27-Jul-2026,2335.6,2371.6,2434,2335.6,2432,2419.3,2386.04,150999,3602.9,19697,82137,54.4
SJVN, EQ, 27-Jul-2026,67.58,67.69,68.3,67.69,68.09,68.04,68.05,1134315,771.94,10781,530949,46.81
SKFINDIA, EQ, 27-Jul-2026,1484.8,1500,1500,1470,1480.5,1481.4,1479.42,37000,547.39,6869,19090,51.59
SKFINDUS, EQ, 27-Jul-2026,2731.2,2732.5,2761.7,2698.2,2715,2714,2720.14,20891,568.26,4404,14909,71.37
SKIL, BZ, 27-Jul-2026,0.92,0.96,0.96,0.88,0.96,0.96,0.9,81485,0.74,59, -, -
SKIPPER, EQ, 27-Jul-2026,528.65,534,543.9,510.2,520.75,520.65,522.36,627753,3279.14,18205,288140,45.9
SKMEGGPROD, EQ, 27-Jul-2026,324.75,325.55,330,315,316,318.8,322.26,363976,1172.93,6498,189967,52.19
SKYGOLD, EQ, 27-Jul-2026,653.7,660.65,681.55,656.8,669,671.65,670.91,892937,5990.82,26600,401473,44.96
SLONE, ST, 27-Jul-2026,122.3,121.7,128.4,121.7,128.3,128.3,125.81,9200,11.57,17,8400,91.3
SMALL250, EQ, 27-Jul-2026,17.65,17.98,17.99,17.47,17.86,17.84,17.84,222124,39.63,751,124729,56.15
SMALLADD, EQ, 27-Jul-2026,17.67,17.77,17.95,17.77,17.95,17.94,17.89,23494,4.2,106,17448,74.27
SMALLCAP, EQ, 27-Jul-2026,46.52,46.57,47.09,45.7,46.91,46.91,46.88,2385511,1118.24,3387,1518368,63.65
SMALLGROWW, EQ, 27-Jul-2026,46.61,47.21,47.21,46.65,47.12,47.03,46.95,5442,2.56,100,3384,62.18
SMALLIETF, EQ, 27-Jul-2026,18.2,18.15,18.15,17.7,17.98,17.86,17.83,174063,31.04,323,91894,52.79
SMARTEN, ST, 27-Jul-2026,57.2,57.2,57.8,54.5,57.8,57.8,56.78,7200,4.09,6,6000,83.33
SMARTLINK, BE, 27-Jul-2026,201.9,201.9,211.5,198,210,210.6,208.5,6291,13.12,84, -, -
SMARTWORKS, EQ, 27-Jul-2026,482.55,481.7,488.75,477.7,485,485,482.46,71669,345.77,4217,43634,60.88
SMCGLOBAL, EQ, 27-Jul-2026,75.46,76,77.65,75.41,76.11,76.31,76.39,323030,246.76,2751,115632,35.8
SML100CASE, EQ, 27-Jul-2026,10.71,10.88,10.89,10.76,10.88,10.87,10.85,1044125,113.33,1480,905602,86.73
SMLMAH, EQ, 27-Jul-2026,3844.4,3909.8,3995,3872,3914,3903.8,3924.86,55979,2197.1,7628,27105,48.42
SMLT, EQ, 27-Jul-2026,66.79,68.5,68.5,66.79,68.29,67.54,68,2860,1.94,103,1825,63.81
SMSPHARMA, EQ, 27-Jul-2026,381.1,385.95,396.35,385,388.55,391.9,390.66,98936,386.5,3907,46938,47.44
SNEHAA, SM, 27-Jul-2026,47.3,46.5,47.5,46.3,47.5,47.5,47.06,5000,2.35,5,5000,100
SNOWMAN, EQ, 27-Jul-2026,36.4,36.2,37,36.01,36.25,36.35,36.47,76393,27.86,1059,44739,58.56
SNXT30BEES, EQ, 27-Jul-2026,41.86,41.7,42.27,41.7,42.18,42.18,42.13,9042,3.81,55,8244,91.17
SNXT50BETA, EQ, 27-Jul-2026,92.64,92.64,94.28,92.64,94.1,93.99,93.94,2198,2.06,106,1535,69.84
SOBHA, EQ, 27-Jul-2026,1362.3,1373.7,1385,1354,1364,1361.2,1370.66,102281,1401.92,12131,39692,38.81
SOCL, ST, 27-Jul-2026,28.4,27,27,27,27,27,27,1600,0.43,1,1600,100
SOFTTECH, BE, 27-Jul-2026,418.8,412.1,415,412.1,415,415,414.87,1257,5.21,7, -, -
SOLARA, EQ, 27-Jul-2026,491.95,493,509.15,471.55,502,505,492.61,579028,2852.38,18743,235907,40.74
SOLARINDS, EQ, 27-Jul-2026,18494,18612,18706,18350,18549,18628,18564.9,55560,10314.66,14300,17786,32.01
SOLARWORLD, EQ, 27-Jul-2026,201.93,201.93,204.99,196.2,200.01,200.5,201.03,72842,146.43,2104,29267,40.18
SOLEX, EQ, 27-Jul-2026,938,938,987,931.4,938.4,939.6,955.52,31977,305.55,3213,13252,41.44
SOMANYCERA, EQ, 27-Jul-2026,496.7,499,518.2,490,494.4,491.85,494.43,82778,409.28,3824,48860,59.03
SOMATEX, EQ, 27-Jul-2026,101.06,105.55,105.55,98.42,100.48,99.53,100.98,12803,12.93,270,7264,56.74
SOMICONVEY, EQ, 27-Jul-2026,97.31,96.6,98.04,96.6,97.17,97.22,97.31,2298,2.24,95,1405,61.14
SONACOMS, EQ, 27-Jul-2026,717.95,728.8,728.8,714.5,718.55,720.9,721.09,2803460,20215.5,41695,1362024,48.58
SONAL, EQ, 27-Jul-2026,94.82,92,92,90.08,90.08,90.08,90.15,49,0.04,4,49,100
SONAMAC, SM, 27-Jul-2026,34,34,35.8,34,35.8,35.25,34.75,5000,1.74,5,5000,100
SONAMLTD, EQ, 27-Jul-2026,53.01,52.2,56.2,52.2,55.01,55.99,55.18,162741,89.8,1137,119218,73.26
SONATSOFTW, EQ, 27-Jul-2026,288.1,289.45,300.3,289.45,293.55,293.35,295.07,1008207,2974.93,21263,275288,27.3
SONUINFRA, ST, 27-Jul-2026,41.75,39.7,43,39.7,43,43,39.83,39000,15.53,14,36000,92.31
SOTL, EQ, 27-Jul-2026,645.75,657.95,665,633.3,655.25,649.35,650.7,555851,3616.93,18713,184665,33.22
SOUTHBANK, EQ, 27-Jul-2026,46.52,47,48.26,46.8,47.95,47.9,47.89,15756388,7545.56,30912,7300472,46.33
SOUTHWEST, EQ, 27-Jul-2026,233.67,238,238.49,231.15,237,235.31,236.29,59299,140.12,1598,35484,59.84
SPAL, EQ, 27-Jul-2026,1002.8,1020,1027.9,993,1010,1014.4,1012.54,48101,487.04,4427,17344,36.06
SPANDANA, EQ, 27-Jul-2026,261.5,269.9,272.9,263.85,265.75,266,269.47,394494,1063.05,9767,160187,40.61
SPARC, EQ, 27-Jul-2026,216.23,217.49,219.1,212.25,215,214.91,215.14,940079,2022.51,13143,425385,45.25
SPCENET, EQ, 27-Jul-2026,3.51,3.53,3.6,3.43,3.43,3.44,3.49,400917,14.01,506,300696,75
SPCL, SM, 27-Jul-2026,69.15,69.25,70.35,69.25,69.5,69.8,69.58,5400,3.76,9,4200,77.78
SPCON, SM, 27-Jul-2026,126,126,146.5,126,134,134,133.68,13200,17.65,3,13200,100
SPEB, ST, 27-Jul-2026,87,87,87,85.9,85.9,85.9,86.45,4000,3.46,2,4000,100
SPECIALITY, EQ, 27-Jul-2026,137.73,137.87,139.8,131,131.55,132.03,135.24,60151,81.35,1393,34202,56.86
SPECTRUM, EQ, 27-Jul-2026,2281.6,2298.8,2298.8,2187.7,2194.9,2203.1,2223.39,16799,373.51,2489,8378,49.87
SPECTSTM, SM, 27-Jul-2026,57.9,59.95,66.2,59.95,62.5,63.2,62.83,17600,11.06,20,16000,90.91
SPENCERS, EQ, 27-Jul-2026,33.06,33.07,34.39,32.12,33.49,33.46,33.24,102442,34.06,1705,44602,43.54
SPIC, EQ, 27-Jul-2026,64.94,65.61,66.43,65.54,66.28,66.15,66,145392,95.96,1927,69123,47.54
SPLIL, EQ, 27-Jul-2026,31.25,31.01,31.9,30.8,30.94,30.92,31.04,12261,3.81,57,11646,94.98
SPLPETRO, EQ, 27-Jul-2026,741.6,749.95,774.9,746.05,762.2,760.9,760.67,530640,4036.39,17914,250090,47.13
SPMLINFRA, EQ, 27-Jul-2026,199.39,200.9,203.22,197,198.75,198.57,199.12,105665,210.4,2322,64125,60.69
SPORTKING, EQ, 27-Jul-2026,213.74,215.4,218.48,214.1,215.51,215.56,216.13,377432,815.73,9344,188942,50.06
SPRL, SM, 27-Jul-2026,97.85,94,95,93,93,93,93.67,4800,4.5,6,4800,100
SPUNWEB, SM, 27-Jul-2026,102,102.05,102.55,102.05,102.55,102.15,102.13,7200,7.35,5,4800,66.67
SRD, EQ, 27-Jul-2026,37.92,37.97,38,37.2,37.5,37.63,37.76,12087,4.56,118,11652,96.4
SREEL, EQ, 27-Jul-2026,227.97,233.9,233.9,222,224.95,222.71,225.94,8964,20.25,273,6956,77.6
SRF, EQ, 27-Jul-2026,2664.7,2694,2694.3,2631.7,2639,2636.5,2653.06,1098350,29139.85,41632,778762,70.9
SRGHFL, EQ, 27-Jul-2026,309.5,308,318.35,303.1,313.15,309.1,311,2075,6.45,89,1575,75.9
SRHHYPOLTD, EQ, 27-Jul-2026,477.85,481.4,497.6,481.4,485.4,487.1,486.61,2326,11.32,192,1534,65.95
SRIVASAVI, ST, 27-Jul-2026,78.3,81.8,82.2,81.8,82.2,82.2,82.16,25000,20.54,18,25000,100
SRM, EQ, 27-Jul-2026,507.6,510,518,507.15,510.8,509.55,512.65,84861,435.04,2617,44762,52.75
SRPL, BZ, 27-Jul-2026,0.34,0.34,0.35,0.33,0.33,0.33,0.33,300139,0.99,129, -, -
SRTL, EQ, 27-Jul-2026,40.28,40.29,41.3,40,40.94,40.87,40.55,22847,9.26,239,17029,74.53
SSDL, EQ, 27-Jul-2026,52.47,52.47,53.31,51.91,53,52.93,52.99,6291,3.33,237,4280,68.03
SSEGL, SM, 27-Jul-2026,304.55,310,321,308.05,316.9,317.2,314.15,19800,62.2,81,14200,71.72
SSFL, ST, 27-Jul-2026,249,239.55,260.45,239.55,260,260,256.18,13500,34.58,26,13000,96.3
SSFLPP, E1, 27-Jul-2026,142.5,143.9,148,143.9,145,145,145.08,5243,7.61,32,5090,97.08
SSWL, EQ, 27-Jul-2026,288.31,291.8,304.08,289.21,290.71,293.95,296.91,1751734,5201.06,22796,789677,45.08
STALLION, EQ, 27-Jul-2026,241.9,243.9,257.9,234.05,255.55,255.5,249.7,4447620,11105.61,50203,1134639,25.51
STANLEY, EQ, 27-Jul-2026,153.85,155.6,158.5,154.17,155.6,156.07,155.92,69297,108.05,1995,42485,61.31
STAR, EQ, 27-Jul-2026,1020,1022.6,1053.4,1022,1041,1043,1037.16,248701,2579.43,26415,135177,54.35
STARCEMENT, EQ, 27-Jul-2026,204.88,204.14,206.79,201.1,204,202.83,203.47,283032,575.9,4873,199853,70.61
STARHEALTH, EQ, 27-Jul-2026,580.8,581.05,594,577.2,590.5,592.05,585.85,380389,2228.52,20864,232308,61.07
STARPAPER, EQ, 27-Jul-2026,147.75,152.43,157.72,149.2,149.25,150.53,153.36,62899,96.46,812,30295,48.16
STARTECK, EQ, 27-Jul-2026,266.2,265.5,279.95,263.5,269.95,268.7,267.22,8020,21.43,97,86,1.07
STCINDIA, EQ, 27-Jul-2026,117.89,119,120.75,118,118.2,118.4,118.82,20013,23.78,478,12371,61.81
STEELCAS, EQ, 27-Jul-2026,306.65,312.5,318,306.05,311.8,311.45,313.16,48582,152.14,1899,23674,48.73
STEELCITY, EQ, 27-Jul-2026,74.36,74.01,75.84,74.01,75.7,75.57,75.3,3413,2.57,121,1987,58.22
STEELXIND, EQ, 27-Jul-2026,11.57,11.6,11.74,11.5,11.72,11.58,11.61,987072,114.62,1990,667155,67.59
STEL, EQ, 27-Jul-2026,555.55,555.3,565.1,546.95,564.4,558.6,558.16,2644,14.76,218,2229,84.3
STERTOOLS, BE, 27-Jul-2026,242.54,244,244,236,239.05,241.83,240.87,11595,27.93,322, -, -
STLNETWORK, BE, 27-Jul-2026,25.51,25.79,26.16,25.52,25.7,25.71,25.89,707199,183.07,1250, -, -
STLTECH, BE, 27-Jul-2026,564.15,587,592.35,548,555,555.4,579.46,3815968,22112.05,50381, -, -
STOVEKRAFT, EQ, 27-Jul-2026,773.4,771.05,814.7,771.05,796,795.9,796.13,211211,1681.5,8957,130227,61.66
STRIDERS, SM, 27-Jul-2026,63.25,63.25,67.95,61,67.95,64.95,64.14,17600,11.29,8,17600,100
STUDDS, EQ, 27-Jul-2026,450.6,454.95,456.6,443,443.45,444.2,446.39,50266,224.38,1782,28301,56.3
STUDIOLSD, SM, 27-Jul-2026,9.9,9.8,9.8,9.1,9.4,9.4,9.36,10000,0.94,4,6000,60
STYL, EQ, 27-Jul-2026,384.45,384.45,388.9,356.8,358,359.4,367.36,226335,831.46,8968,100365,44.34
STYLAMIND, EQ, 27-Jul-2026,3416.8,3466.2,3609.9,3401,3447.9,3415.2,3502.61,107652,3770.63,22589,27611,25.65
STYLEBAAZA, BE, 27-Jul-2026,280.4,277.9,283.5,273,275.9,274.95,278.31,72198,200.94,831, -, -
STYRENIX, EQ, 27-Jul-2026,2455,2498,2514.8,2462.2,2475.1,2476,2490.31,40493,1008.4,5418,23038,56.89
SUBAHOTELS, SM, 27-Jul-2026,107.05,108,109.2,107.4,108.9,108.9,108.27,12000,12.99,10,10800,90
SUBEXLTD, BE, 27-Jul-2026,12.58,12.6,12.84,12.21,12.3,12.31,12.41,842199,104.55,1100, -, -
SUBROS, EQ, 27-Jul-2026,781.95,785,795.9,783.55,785,788,789.09,25232,199.1,2071,11024,43.69
SUDARCOLOR, EQ, 27-Jul-2026,360.6,360.85,366.9,360,360,360,360.28,2478,8.93,113,1941,78.33
SUDARSCHEM, EQ, 27-Jul-2026,1041.05,1058.15,1067.95,1049.35,1054.65,1056.35,1055.25,108653,1146.56,8055,54738,50.38
SUDEEPPHRM, EQ, 27-Jul-2026,825.15,856.4,878.8,842,867,858.1,859.68,412880,3549.44,27197,200428,48.54
SUKHJITS, EQ, 27-Jul-2026,159.43,161.4,169.9,160.4,168.89,168.76,166.1,50565,83.99,795,35784,70.77
SULA, EQ, 27-Jul-2026,149.79,151.84,151.84,149.32,151,150.85,150.53,193841,291.78,3444,107911,55.67
SUMEETINDS, EQ, 27-Jul-2026,28.77,27.34,27.34,27.34,27.34,27.34,27.34,15398,4.21,149,15398,100
SUMICHEM, EQ, 27-Jul-2026,520.45,522,551.9,517.95,541,538.85,534.77,1891044,10112.75,59545,237475,12.56
SUMIT, BE, 27-Jul-2026,54.72,54.72,54.72,51.99,52.49,52.05,52.36,45218,23.68,101, -, -
SUMMITSEC, EQ, 27-Jul-2026,1482.8,1495,1509.9,1485,1497,1496.5,1495.62,1177,17.6,196,898,76.3
SUNCLAY, EQ, 27-Jul-2026,1363.2,1367.8,1455.4,1351.4,1438,1399.8,1387.56,3698,51.31,475,2702,73.07
SUNDARAM, EQ, 27-Jul-2026,1.28,1.3,1.3,1.26,1.28,1.28,1.28,240203,3.07,284,189711,78.98
SUNDARMFIN, EQ, 27-Jul-2026,4447.8,4447.8,4489,4380,4415,4416.8,4419.25,45216,1998.21,10860,24899,55.07
SUNDRMBRAK, BE, 27-Jul-2026,795,786.5,814.45,786,786,786,792.66,232,1.84,23, -, -
SUNDRMFAST, EQ, 27-Jul-2026,940.6,941.35,964,933.5,960.5,958.3,955.75,42536,406.54,4244,27957,65.73
SUNDROP, EQ, 27-Jul-2026,687.05,688,696.95,678.1,680.55,682.55,685.6,19408,133.06,841,12586,64.85
SUNFLAG, EQ, 27-Jul-2026,348.7,352.9,368,352.9,362.9,362.15,362.33,253363,918.01,5667,146559,57.85
SUNLITE, ST, 27-Jul-2026,424.5,428.6,445.7,421.4,445.7,445.7,440.68,16200,71.39,50,14400,88.89
SUNPHARMA, EQ, 27-Jul-2026,1941.1,1948.5,1977,1933,1973,1973.7,1958.52,5414380,106041.53,88441,4497897,83.07
SUNTECH, ST, 27-Jul-2026,31.6,32,33.15,30.5,30.5,31,32.28,20800,6.71,12,16000,76.92
SUNTECK, EQ, 27-Jul-2026,306.25,311,314.65,308,309.8,310.75,311.48,220959,688.25,4398,124312,56.26
SUNTV, EQ, 27-Jul-2026,486.9,490,493.4,485.35,487.3,488.7,488.14,194633,950.07,14842,113042,58.08
SUPERHOUSE, EQ, 27-Jul-2026,154.97,154.2,162.89,154.2,157.89,157.12,157.96,29541,46.66,797,13979,47.32
SUPERSPIN, BE, 27-Jul-2026,5.5,5.51,5.61,5.51,5.61,5.61,5.6,29281,1.64,19, -, -
SUPRAJIT, EQ, 27-Jul-2026,484.45,484.45,497,482.35,490,491.4,492.55,51535,253.84,4758,29286,56.83
SUPREME, EQ, 27-Jul-2026,45.27,45,45.5,44.42,44.5,44.58,44.8,12502,5.6,154,7045,56.35
SUPREMEENG, BZ, 27-Jul-2026,1.92,1.95,1.95,1.95,1.95,1.95,1.95,183287,3.57,36, -, -
SUPREMEIND, EQ, 27-Jul-2026,3458.9,3483.2,3505,3320,3340,3338.2,3397.33,184892,6281.4,17294,77603,41.97
SUPREMEINF, EQ, 27-Jul-2026,82.53,82.53,84.01,79.28,80.2,80.29,81.76,52721,43.1,2171,17540,33.27
SUPREMEPWR, SM, 27-Jul-2026,192.3,194.95,212.95,188.1,210,209.05,204.12,64000,130.64,117,43500,67.97
SUPRIYA, EQ, 27-Jul-2026,840.5,850,857.5,838.7,844.5,844.9,846.71,126906,1074.52,9117,60118,47.37
SURAJEST, EQ, 27-Jul-2026,193.56,196.99,196.99,194.16,195,195.57,195.29,10285,20.09,413,4723,45.92
SURAJLTD, EQ, 27-Jul-2026,221.3,225,247,215.4,216,219.13,226.68,20090,45.54,343,3070,15.28
SURAKSHA, EQ, 27-Jul-2026,252.95,253,257.9,248.5,249.8,249.6,252.5,39484,99.7,1329,27645,70.02
SURANASOL, EQ, 27-Jul-2026,26.26,28.5,30.5,27.61,28,27.9,29.18,1016676,296.65,4265,400656,39.41
SURANAT&P, EQ, 27-Jul-2026,18.25,18.68,18.9,18.11,18.12,18.12,18.34,37999,6.97,284,26925,70.86
SURANI, SM, 27-Jul-2026,98.4,98.35,98.35,93,93,93.45,94.69,1600,1.52,7,1400,87.5
SURYALA, EQ, 27-Jul-2026,440,435.05,447.5,422.25,422.4,422.5,426.47,2050,8.74,129,1694,82.63
SURYALAXMI, EQ, 27-Jul-2026,57.51,58.78,59.8,55.51,55.51,56.8,58.16,3003,1.75,79,2214,73.73
SURYAROSNI, EQ, 27-Jul-2026,237.95,240.05,246.25,237.65,240.25,239.2,241.41,306470,739.86,8101,148681,48.51
SURYODAY, EQ, 27-Jul-2026,193.1,191.2,197.2,183.4,183.6,184.62,191.69,7154365,13714.43,51762,824699,11.53
SUTLEJTEX, BE, 27-Jul-2026,37.61,38.99,38.99,37.25,38.1,38.13,37.97,33575,12.75,86, -, -
SUVEN, EQ, 27-Jul-2026,316,319,319.85,310.05,312.05,311.65,313.19,511043,1600.52,8596,238969,46.76
SUVIDHAA, EQ, 27-Jul-2026,2.5,2.5,2.56,2.28,2.45,2.41,2.4,184448,4.43,298,123133,66.76
SUYOG, EQ, 27-Jul-2026,850.45,860,896,849.3,872,885.4,881.16,39422,347.37,2760,19880,50.43
SUZLON, EQ, 27-Jul-2026,52.28,52.5,53.2,52.22,53.15,53.15,52.79,45205048,23864.64,62884,15816005,34.99
SVLL, BE, 27-Jul-2026,772.2,757.05,780,757.05,758,758,768.27,702,5.39,17, -, -
SVPGLOB, BE, 27-Jul-2026,3.87,4.05,4.05,3.8,3.8,3.8,3.94,47256,1.86,70, -, -
SWANCORP, EQ, 27-Jul-2026,310.3,312.3,314.75,309,312,312.2,311.59,642483,2001.93,8211,158516,24.67
SWANDEF, BE, 27-Jul-2026,2427.7,2427,2459.8,2385,2459.7,2430.7,2423.58,14027,339.96,859, -, -
SWARAJ, SM, 27-Jul-2026,367.55,366.55,370,348,369,354.4,360.54,354500,1278.12,316,177000,49.93
SWARAJENG, EQ, 27-Jul-2026,3569,3623.7,3623.7,3577,3610,3605.4,3597.85,5972,214.86,1331,3434,57.5
SWASTIK, ST, 27-Jul-2026,18.7,19.05,19.05,19,19,19,19.04,4800,0.91,4,4800,100
SWELECTES, EQ, 27-Jul-2026,613.3,616.6,625,605.5,605.5,607.85,613.27,7163,43.93,539,3767,52.59
SWIGGY, EQ, 27-Jul-2026,251.42,254.24,264.5,252.96,257.8,257.98,259.96,23908041,62150.28,108662,11095717,46.41
SWSOLAR, EQ, 27-Jul-2026,207.93,209.5,213,207.1,207.5,208.27,209.6,898320,1882.85,13542,323932,36.06
SYLVANPLY, SM, 27-Jul-2026,52.35,52.35,52.35,52.35,52.35,52.35,52.35,2000,1.05,1,2000,100
SYMPHONY, EQ, 27-Jul-2026,676.85,676.85,689.9,675,678.6,678.95,680.8,66975,455.97,5725,37793,56.43
SYNCOMF, EQ, 27-Jul-2026,13.09,13.09,13.4,13.08,13.22,13.17,13.22,916672,121.15,2967,448832,48.96
SYNGENE, EQ, 27-Jul-2026,406.65,410,415.95,403.8,413,413.85,412.68,530732,2190.22,25985,319037,60.11
SYRMA, EQ, 27-Jul-2026,1288.3,1300,1318.5,1257,1317.9,1316.2,1290.1,1172726,15129.39,71072,539606,46.01
SYSTANGO, SM, 27-Jul-2026,214.4,214,223.9,214,215.1,214.9,217.27,22000,47.8,48,9600,43.64
SYSTMTXC, BE, 27-Jul-2026,60.07,60.07,61.48,60,60,60,60.67,5438,3.3,67, -, -
TAALTECH, EQ, 27-Jul-2026,3816.1,3949.3,3996,3849.9,3950.2,3975.8,3955.42,1376,54.43,302,789,57.34
TAC, SM, 27-Jul-2026,540.65,550.8,563.95,513.65,517.7,515.1,527.7,103400,545.64,385,74000,71.57
TAINWALCHM, EQ, 27-Jul-2026,201.87,203.21,208.67,203,204.75,204.11,204.16,1581,3.23,82,1081,68.37
TAJGVK, EQ, 27-Jul-2026,359.9,359.9,365,357.1,358.2,360.1,361.3,45792,165.45,2005,24738,54.02
TAKE, EQ, 27-Jul-2026,20.79,20.84,21.2,20.45,20.89,20.84,20.82,750641,156.3,1182,669205,89.15
TALBROAUTO, EQ, 27-Jul-2026,391.75,399,406.4,384.65,388.5,386.85,393.23,192371,756.45,6390,97794,50.84
TAMBOLIIN, BE, 27-Jul-2026,212.65,214.77,221,211.55,215.1,215.1,213.62,1906,4.07,12, -, -
TANKUP, ST, 27-Jul-2026,1144.5,1199.95,1199.95,1145,1145,1145,1181.23,1000,11.81,4,1000,100
TANLA, EQ, 27-Jul-2026,599.75,606.95,614.6,583.65,585.65,587.1,598.32,1295942,7753.9,29251,429570,33.15
TARACHAND, EQ, 27-Jul-2026,54.99,54.26,56.5,54.26,54.47,54.6,54.63,126981,69.37,842,91816,72.31
TARAPUR, EQ, 27-Jul-2026,18.16,18.25,18.25,17.67,17.7,17.74,17.78,15607,2.78,139,11386,72.95
TARC, EQ, 27-Jul-2026,131.45,132.05,135.47,130.82,132.6,132.93,133.32,1167549,1556.57,10014,564449,48.34
TARIL, EQ, 27-Jul-2026,295,299.8,303.8,293.15,302.55,302.5,298.87,1500221,4483.68,23667,535341,35.68
TARMAT, EQ, 27-Jul-2026,50.95,50.95,52.09,50.2,50.42,50.44,51.09,3513,1.79,43,2868,81.64
TARSONS, EQ, 27-Jul-2026,312.75,313,326.35,313,320,320.9,321.11,208664,670.04,4969,101636,48.71
TASTYBITE, EQ, 27-Jul-2026,8999,9020,9185,8850,8861.5,8873.5,8949.14,1070,95.76,485,516,48.22
TATACAP, EQ, 27-Jul-2026,341.9,343.1,352.3,342.65,351,350.55,347.78,939267,3266.56,23912,448551,47.76
TATACHEM, EQ, 27-Jul-2026,685.35,694.4,702,688,701,698.9,693.99,279049,1936.58,9327,136635,48.96
TATACOMM, EQ, 27-Jul-2026,1775.3,1787.7,1796.9,1713,1739.5,1735.2,1738,387586,6736.23,36245,196784,50.77
TATACONSUM, EQ, 27-Jul-2026,1088,1115.1,1123.4,1096.6,1108,1107.4,1106.74,2360635,26126.18,58308,1078827,45.7
TATAELXSI, EQ, 27-Jul-2026,3538,3555.8,3583,3520.7,3555,3554.4,3556.28,512981,18243.04,35225,225759,44.01
TATAGOLD, EQ, 27-Jul-2026,13.86,13.89,14,13.87,13.95,13.93,13.94,34204483,4768.26,74566,11560113,33.8
TATAINVEST, EQ, 27-Jul-2026,630.75,634,651,634,648.1,649.95,646.31,222641,1438.95,16877,96195,43.21
TATAPOWER, EQ, 27-Jul-2026,374.4,376.75,379,374.45,379,377.35,376.16,2369047,8911.44,35913,1056365,44.59
TATASTEEL, EQ, 27-Jul-2026,182.67,183.6,184.89,183.33,184.48,184.25,184.2,11857396,21841.86,115134,6546403,55.21
TATATECH, EQ, 27-Jul-2026,711,720,727.9,711,713.5,713.3,718.87,395025,2839.72,17893,157289,39.82
TATSILV, EQ, 27-Jul-2026,21.41,21.41,21.78,21.41,21.67,21.63,21.66,27187970,5888.26,48416,10271871,37.78
TATVA, EQ, 27-Jul-2026,1722.4,1750.8,1835,1710.4,1818,1800.1,1766.97,242226,4280.05,17103,95129,39.27
TAURIAN, SM, 27-Jul-2026,376,360.1,388.95,360.1,384,384,379.97,25600,97.27,31,12000,46.88
TBI, SM, 27-Jul-2026,62.25,62.5,63.85,62.5,63.5,63.5,63.3,7800,4.94,13,7200,92.31
TBOTEK, EQ, 27-Jul-2026,1429,1439.9,1524.9,1435.1,1520,1519.2,1507.94,211003,3181.79,17079,67522,32
TBZ, EQ, 27-Jul-2026,258.89,260.39,283,260.39,282.49,280.22,274.71,2863637,7866.57,44182,774128,27.03
TCC, EQ, 27-Jul-2026,271.95,282,282.3,265.15,268.05,269.2,270.15,24543,66.3,1312,13404,54.61
TCI, EQ, 27-Jul-2026,917.75,932.75,936,918,934.15,932.3,931.09,22111,205.87,2636,13144,59.45
TCIEXP, EQ, 27-Jul-2026,561.15,561.45,568.9,557.9,561.55,561.35,560.95,17695,99.26,1454,9254,52.3
TCIFINANCE, BE, 27-Jul-2026,15.19,14.61,15.65,14.61,15.06,15.17,15.27,10626,1.62,108, -, -
TCL, SM, 27-Jul-2026,112.5,112.05,112.1,108,109,109.25,110.11,32800,36.12,31,26400,80.49
TCPLPACK, EQ, 27-Jul-2026,3226.5,3278.4,3298.9,3200,3200.1,3208.7,3223.24,1811,58.37,472,892,49.25
TCS, EQ, 27-Jul-2026,2254.3,2286,2315,2272.4,2296.9,2295.6,2299.88,4007292,92162.96,162713,1895782,47.31
TDPOWERSYS, EQ, 27-Jul-2026,1113.6,1121,1153.8,1111.1,1141,1141.5,1137.77,336514,3828.76,22075,142223,42.26
TEAMGTY, EQ, 27-Jul-2026,226.72,254.6,254.6,226,230,229.49,231.15,888,2.05,86,472,53.15
TEAMLEASE, EQ, 27-Jul-2026,1313.7,1320,1324.4,1286.2,1288,1294,1294.39,67591,874.89,10819,49243,72.85
TEAMTECH, ST, 27-Jul-2026,131.1,132,134,124.55,124.55,125.5,127.24,44000,55.99,21,40000,90.91
TECH, EQ, 27-Jul-2026,31.37,31.37,32.39,31.37,32.29,32.29,32.24,58977,19.01,395,47296,80.19
TECHD, ST, 27-Jul-2026,598.45,609,623.95,604.1,623.5,623.65,618.53,9000,55.67,28,8100,90
TECHERA, SM, 27-Jul-2026,155,156.05,158,148,149.8,149.4,151.42,100000,151.42,116,68800,68.8
TECHLABS, ST, 27-Jul-2026,126.45,129.65,132.75,126.55,127,128,130.18,22250,28.96,95,19875,89.33
TECHM, EQ, 27-Jul-2026,1559.5,1576,1599.6,1571,1576,1575,1584.4,1513324,23977.04,54519,696816,46.05
TECHNOE, EQ, 27-Jul-2026,991.8,999.8,1006,988,998.9,997.2,996.68,132972,1325.31,9647,77923,58.6
TECHNVISN, EQ, 27-Jul-2026,5074.5,5287.9,5499,4750,4950,4914,5121.61,6009,307.76,1873,1744,29.02
TECILCHEM, EQ, 27-Jul-2026,9.96,10.16,10.5,9.6,9.76,9.99,10.03,3125,0.31,41,2044,65.41
TEGA, EQ, 27-Jul-2026,1560.3,1564.9,1570.9,1500.6,1514,1510.5,1527.83,114630,1751.36,12957,64940,56.65
TEJA, SM, 27-Jul-2026,672.45,662.55,680,660,665.1,669.4,668.84,40200,268.87,57,7200,17.91
TEJASCARGO, SM, 27-Jul-2026,347.5,356,356,356,356,356,356,800,2.85,2,800,100
TEJASNET, EQ, 27-Jul-2026,495.4,501,516.9,492.8,511.6,513.05,509.32,2141738,10908.23,42996,505912,23.62
TEMBO, EQ, 27-Jul-2026,530.4,534,560.25,534,552.45,552.3,552.1,316273,1746.13,4129,75225,23.78
TENNIND, EQ, 27-Jul-2026,539.95,545,545.5,535.1,543.75,540.45,540.01,882273,4764.34,24199,668140,75.73
TERASOFT, EQ, 27-Jul-2026,393.7,395.1,406.95,390.1,394,392.85,393.74,7717,30.39,271,6447,83.54
TEXINFRA, EQ, 27-Jul-2026,112.42,112.62,114,112,113.5,113.2,113.02,119740,135.33,663,88086,73.56
TEXMOPIPES, EQ, 27-Jul-2026,43.04,45.48,45.48,42.95,43.51,43.47,43.9,11906,5.23,196,6833,57.39
TEXRAIL, EQ, 27-Jul-2026,110.08,111.11,113.99,111,113.02,112.77,112.5,1120929,1261.05,8123,476962,42.55
TFCILTD, EQ, 27-Jul-2026,87.27,89,95.25,87.75,95.09,94.8,93.13,43311808,40334.73,89258,17085870,39.45
TFL, EQ, 27-Jul-2026,10.41,11.19,11.35,10.58,11.2,11.17,11.08,13657,1.51,71,7539,55.2
TGBHOTELS, EQ, 27-Jul-2026,8.56,8.82,9.51,8.64,9.01,9.04,9.06,91333,8.27,302,52528,57.51
TGL, ST, 27-Jul-2026,19.7,18.75,20.35,18.75,19.3,19.3,19.55,7400,1.45,27,5000,67.57
THACKER, BE, 27-Jul-2026,1036.1,1040,1047.8,1011,1011,1011,1041.01,15,0.16,12, -, -
THAKDEV, EQ, 27-Jul-2026,155.7,163,163.01,147.92,161,161,151.7,1202,1.82,23,1049,87.27
THANGAMAYL, EQ, 27-Jul-2026,6906.5,6999,7344.5,6915.5,7320,7309.5,7148.06,301466,21548.98,41859,76527,25.38
THEINVEST, EQ, 27-Jul-2026,95.21,96,97,94.1,96.7,96.4,95.79,3215,3.08,96,2544,79.13
THEJO, EQ, 27-Jul-2026,1898.8,1895,1940,1894.5,1923.3,1921.2,1916.07,3500,67.06,574,2207,63.06
THELEELA, EQ, 27-Jul-2026,474.7,478.95,489.5,470.85,479.5,475.6,479.03,227395,1089.3,14830,116458,51.21
THEMISMED, EQ, 27-Jul-2026,109.86,110.64,112.81,107.35,107.98,107.93,109.28,33238,36.32,1373,13716,41.27
THERMAX, EQ, 27-Jul-2026,4514,4560,4571,4394,4447,4454.5,4434.24,152455,6760.22,18871,73768,48.39
THOMASCOOK, EQ, 27-Jul-2026,97.85,98.64,101.66,98.1,99.6,98.45,99.58,705450,702.49,5096,328797,46.61
THOMASCOTT, EQ, 27-Jul-2026,307.05,316,340.45,312.6,315,315.15,321.96,75894,244.35,4290,27847,36.69
THYROCARE, EQ, 27-Jul-2026,564.25,573.6,617.45,571,582,584.05,595.26,3960893,23577.55,106336,1131323,28.56
TI, EQ, 27-Jul-2026,441.8,446.95,455.3,444.75,445.8,446.7,448.43,404982,1816.04,15152,225164,55.6
TICL, BE, 27-Jul-2026,9.72,9.72,10.09,9.24,9.3,9.26,9.35,114083,10.67,257, -, -
TIGERLOGS, BE, 27-Jul-2026,31.4,31.25,32.6,31.25,31.72,31.85,31.92,10733,3.43,92, -, -
TIIL, EQ, 27-Jul-2026,2566.5,2598,2610,2549.9,2598.9,2593,2579.88,4643,119.78,779,2385,51.37
TIINDIA, EQ, 27-Jul-2026,2767,2793.7,2865.8,2754.6,2840.8,2849.3,2837.62,262758,7456.07,28924,125926,47.92
TIJARIA, EQ, 27-Jul-2026,4.64,4.8,4.81,4.37,4.37,4.47,4.55,103922,4.72,299,61378,59.06
TIL, EQ, 27-Jul-2026,211.39,211.17,217.35,208.84,213.46,214.06,213.78,97237,207.87,2097,63940,65.76
TIMETECHNO, EQ, 27-Jul-2026,201.26,202.25,211.3,200.64,206.3,206.75,206.5,4606690,9512.98,36428,974408,21.15
TIMEX, EQ, 27-Jul-2026,578.85,589.1,609.8,558,561.4,561.25,570.39,400370,2283.66,19556,189205,47.26
TIMKEN, EQ, 27-Jul-2026,3127,3144.6,3168.6,3100.1,3152,3126.9,3134.59,19146,600.15,5156,8420,43.98
TINNARUBR, EQ, 27-Jul-2026,1098.85,1128.85,1180,1109.1,1130,1139.3,1154.18,284366,3282.1,21231,76898,27.04
TIPSFILMS, EQ, 27-Jul-2026,409.15,397.85,397.85,371.4,377.85,377.25,381.23,46888,178.75,2112,22287,47.53
TIPSMUSIC, EQ, 27-Jul-2026,699.45,705.1,717.5,696.9,709,712.55,709.91,586014,4160.14,15991,176864,30.18
TIRUMALCHM, EQ, 27-Jul-2026,167.74,170,173.45,168.23,172.25,172.09,170.69,1162625,1984.46,10133,790695,68.01
TIRUPATI, SM, 27-Jul-2026,440.45,418.45,418.45,418.45,418.45,418.45,418.45,59125,247.41,82,59125,100
TIRUPATIFL, BE, 27-Jul-2026,73.61,73.5,77,69.94,75.65,75.31,73.66,466189,343.41,2140, -, -
TITAGARH, EQ, 27-Jul-2026,819.45,828.75,832.6,813,820,816.1,819.87,250928,2057.29,15411,86087,34.31
TITAN, EQ, 27-Jul-2026,4677,4686.9,4749.1,4686.9,4739,4740.1,4715.75,500721,23612.76,46780,317727,63.45
TMB, EQ, 27-Jul-2026,804.5,811,917,808.95,911,893.65,879.88,7671271,67498.32,214629,645880,8.42
TMCV, EQ, 27-Jul-2026,406.15,412,416.9,406.6,411.35,411.1,411.18,8607193,35390.75,103177,4026155,46.78
TMPV, EQ, 27-Jul-2026,323.8,326.75,329.05,326.1,327.5,327.65,327.56,4777294,15648.54,52429,2575647,53.91
TNIDETF, EQ, 27-Jul-2026,84.04,84.84,85.86,84.04,85.37,85.58,85.43,69057,59,673,47346,68.56
TNPETRO, EQ, 27-Jul-2026,95,95,97.66,93.1,94,94.14,95.31,119079,113.5,2657,47874,40.2
TNPL, EQ, 27-Jul-2026,149.75,152.1,158.1,152.04,157,156.04,155.9,639163,996.47,8126,281231,44
TNTELE, EQ, 27-Jul-2026,9.14,9.14,9.29,8.86,9,9.09,8.96,56569,5.07,140,34293,60.62
TOKYOPLAST, BE, 27-Jul-2026,80.15,81.49,84.1,80.2,81.99,81.38,81.58,2054,1.68,33, -, -
TOLINS, EQ, 27-Jul-2026,102.7,103,104.34,102.55,103,102.89,103.21,24367,25.15,449,14823,60.83
TOP100CASE, EQ, 27-Jul-2026,10.43,10.66,10.66,10.43,10.53,10.52,10.52,391216,41.15,1375,314755,80.46
TOP10ADD, EQ, 27-Jul-2026,86.41,87.27,87.27,86.73,87.27,86.79,86.84,2248800,1952.87,704,2166040,96.32
TOP15IETF, EQ, 27-Jul-2026,9.73,9.77,10.02,9.77,10.02,9.9,9.83,47311,4.65,172,33996,71.86
TOP20, EQ, 27-Jul-2026,8.73,8.9,8.9,8.74,8.87,8.86,8.83,53725,4.74,95,48494,90.26
TORNTPHARM, EQ, 27-Jul-2026,4961.5,4985,5070,4961.8,5010,5019.5,5020.94,267708,13441.45,33856,135584,50.65
TORNTPOWER, EQ, 27-Jul-2026,1434.1,1434.3,1446.5,1427.8,1442,1440,1432.89,342490,4907.52,17298,209881,61.28
TOTAL, EQ, 27-Jul-2026,49.98,50,50.1,47.56,48.05,48.1,48.71,7949,3.87,138,6031,75.87
TOUCHWOOD, EQ, 27-Jul-2026,67.29,67.29,67.29,65.4,67,67,66.34,816,0.54,61,458,56.13
TPHQ, EQ, 27-Jul-2026,0.4,0.42,0.45,0.41,0.43,0.43,0.43,1496986,6.41,407,1128662,75.4
TPLPLASTEH, EQ, 27-Jul-2026,76.9,78.44,80.59,77.2,77.8,78.34,79.05,126845,100.27,1506,20791,16.39
TRACXN, EQ, 27-Jul-2026,29.7,29.99,30.9,29.68,30.02,30.08,30.01,74741,22.43,617,47238,63.2
TRANSPEK, EQ, 27-Jul-2026,1064.9,1082.9,1122.3,1057.55,1107,1110.3,1104.22,20432,225.61,2350,14955,73.19
TRANSRAILL, EQ, 27-Jul-2026,482.7,486.05,490.85,482,483.95,485,484.96,269719,1308.02,7751,148235,54.96
TRANSTEEL, SM, 27-Jul-2026,112.65,112.65,116,112,112.25,112.75,114.37,23000,26.3,20,20000,86.96
TRANSWORLD, BE, 27-Jul-2026,158.86,159,164.99,158,163.99,163.89,161.17,3657,5.89,59, -, -
TRAVELFOOD, EQ, 27-Jul-2026,1286.3,1286.3,1304.9,1270,1280,1276.4,1289.91,20370,262.75,2441,12663,62.16
TREEHOUSE, EQ, 27-Jul-2026,6.35,6.39,6.48,6.25,6.47,6.46,6.43,21205,1.36,91,18200,85.83
TREJHARA, EQ, 27-Jul-2026,138.75,141.94,141.94,136.82,137,138.01,138.5,4237,5.87,121,3449,81.4
TREL, EQ, 27-Jul-2026,24.32,24.56,24.99,24.14,24.24,24.41,24.46,17651,4.32,306,10491,59.44
TRENT, EQ, 27-Jul-2026,2890.5,2918.9,2953.5,2907.1,2938,2938.3,2938.57,789065,23187.2,44967,337849,42.82
TRF, EQ, 27-Jul-2026,232.96,236.7,239.69,231.01,232.3,232.67,235.68,75520,177.98,2417,25141,33.29
TRIDENT, EQ, 27-Jul-2026,25.12,25.2,25.43,25,25.1,25.08,25.16,3437030,864.7,10670,1382381,40.22
TRIGYN, EQ, 27-Jul-2026,54.5,53.2,54.99,52.62,53.4,53.41,53.91,39125,21.09,897,23907,61.1
TRITURBINE, EQ, 27-Jul-2026,611.8,614.9,627,610.05,623,623.4,616.46,1575560,9712.76,24159,1316345,83.55
TRIVENI, BE, 27-Jul-2026,248.7,237.3,247.5,236.3,241.05,240,238.06,1325944,3156.53,6612, -, -
TROM, ST, 27-Jul-2026,58,58,58,58,58,58,58,1200,0.7,1,1200,100
TRU, EQ, 27-Jul-2026,4.88,4.93,4.94,4.71,4.94,4.91,4.85,50414,2.45,130,24016,47.64
TRUALT, EQ, 27-Jul-2026,428.95,442,442,414.2,420,421.25,424.09,373174,1582.59,11578,164675,44.13
TRUST, SM, 27-Jul-2026,29,28.5,30,28.5,28.5,28.5,28.98,10200,2.96,16,3600,35.29
TSC, SM, 27-Jul-2026,30.5,32.75,33.25,32,33,33,32.81,20000,6.56,10,20000,100
TSFINV, EQ, 27-Jul-2026,432.8,432.8,442.9,428.5,434,431.6,433.47,43276,187.59,2606,22174,51.24
TTKHLTCARE, EQ, 27-Jul-2026,1047.2,1064,1167,1061,1072,1088.8,1111.13,102563,1139.61,10938,25466,24.83
TTKPRESTIG, EQ, 27-Jul-2026,643.35,640.1,664.8,640,658.9,655.35,656.3,67198,441.02,4691,29862,44.44
TTL, EQ, 27-Jul-2026,6.37,6.37,6.4,6.19,6.29,6.27,6.29,87429,5.5,158,75380,86.22
TTML, EQ, 27-Jul-2026,39.38,40.5,40.5,39.39,39.45,39.48,39.74,1352435,537.39,8594,504828,37.33
TUNWAL, SM, 27-Jul-2026,26.5,26.5,26.75,26.2,26.2,26.2,26.4,68000,17.95,22,54000,79.41
TURTLEMINT, EQ, 27-Jul-2026,130.07,130.3,131.5,123.94,126,125.92,126.56,957639,1212.02,13169,358167,37.4
TVSELECT, EQ, 27-Jul-2026,496.65,498,507.45,493,496.7,494,499.24,24104,120.34,1182,9276,38.48
TVSHLTD, EQ, 27-Jul-2026,14633,14641,14880,14641,14690,14694,14748.31,6708,989.32,2006,3107,46.32
TVSMOTOR, EQ, 27-Jul-2026,3870.2,3905,3905.1,3850,3881.9,3876.4,3871.06,576740,22325.93,57123,312280,54.15
TVSSCS, EQ, 27-Jul-2026,133.13,133.49,137,133.49,136.77,136.62,135.99,215529,293.11,4489,126629,58.75
TVSSRICHAK, EQ, 27-Jul-2026,3964.2,3970,4079,3968,3980.1,3972.5,4003.06,2661,106.52,715,1054,39.61
TVTODAY, EQ, 27-Jul-2026,116.45,117,119,116.3,116.3,117.6,117.44,20370,23.92,640,10251,50.32
TVVISION, EQ, 27-Jul-2026,4.7,4.7,4.77,4.52,4.75,4.65,4.72,5169,0.24,46,3824,73.98
TWCGOLDETF, EQ, 27-Jul-2026,142.45,145.3,145.3,142.57,143.25,143.17,143.19,2008,2.88,216,1859,92.58
UBL, EQ, 27-Jul-2026,1398.6,1418,1457,1410.1,1425,1428.7,1435.45,334806,4805.97,25432,167877,50.14
UCAL, EQ, 27-Jul-2026,114.9,115.05,119.89,115.05,117.13,117.67,118.25,2799,3.31,158,1889,67.49
UCL, ST, 27-Jul-2026,186.45,182.75,190,182.75,190,190,183.96,12000,22.08,3,12000,100
UCOBANK, EQ, 27-Jul-2026,25.88,26.25,27.09,26.21,26.6,26.66,26.83,16555999,4442.17,29729,7076807,42.74
UDS, EQ, 27-Jul-2026,201.19,203.7,209.42,200.26,206.5,206.6,204.9,326849,669.72,7445,138391,42.34
UEL, EQ, 27-Jul-2026,119.98,122.98,123.87,120.11,121.46,120.96,121.83,4151,5.06,186,1526,36.76
UFBL, EQ, 27-Jul-2026,674.85,655,700,655,700,699.35,692.92,100422,695.85,4496,61689,61.43
UFLEX, EQ, 27-Jul-2026,478.5,480.55,488.9,470.6,476.9,476.45,476.13,119911,570.93,3270,54695,45.61
UFO, EQ, 27-Jul-2026,67.02,67.21,71.45,67.21,68.5,68.45,69.6,100698,70.09,1194,66135,65.68
UGARSUGAR, EQ, 27-Jul-2026,39.72,40.01,44.47,39.26,43.27,43.49,42.3,870227,368.14,5715,522301,60.02
UGROCAP, EQ, 27-Jul-2026,92.77,94.68,97,93.63,95,95.65,95.39,180061,171.76,2842,87733,48.72
UHTL, ST, 27-Jul-2026,102,104,104,103.75,103.75,103.75,103.94,16000,16.63,7,16000,100
UJJIVANSFB, EQ, 27-Jul-2026,70.72,71.5,73.29,71.1,71.42,71.57,72.28,49027357,35434.73,136129,20866167,42.56
ULTRACEMCO, EQ, 27-Jul-2026,11846,11905,12000,11752,11892,11881,11849.63,250956,29737.36,29705,135269,53.9
ULTRAMAR, EQ, 27-Jul-2026,379.5,379.5,385,372.3,375.9,374.95,378.24,34925,132.1,3939,23539,67.4
UMA, SM, 27-Jul-2026,15.5,14.7,15.5,14.7,15.5,15.5,15.29,16000,2.45,4,16000,100
UMAEXPORTS, BE, 27-Jul-2026,20.03,20.38,20.38,19.36,19.78,19.47,19.67,9854,1.94,112, -, -
UMESLTD, EQ, 27-Jul-2026,5.39,5.55,5.55,5.14,5.39,5.36,5.4,13427,0.72,77,6728,50.11
UMIYA-MRO, EQ, 27-Jul-2026,89.29,91.52,91.52,88.52,88.99,89.82,89.45,1688,1.51,61,1401,83
UNICHEMLAB, EQ, 27-Jul-2026,537.35,548.9,552.3,538,540.15,539.95,542.72,51339,278.63,2993,14066,27.4
UNIDT, BE, 27-Jul-2026,223.73,229.99,229.99,220.01,225.9,226.07,224.8,958,2.15,45, -, -
UNIECOM, EQ, 27-Jul-2026,84.38,84.4,85.95,84.15,85.9,85.73,85.15,296292,252.28,2239,160011,54
UNIENTER, EQ, 27-Jul-2026,98.27,100,102.87,96.25,97.47,97.64,98.82,19064,18.84,730,6680,35.04
UNIHEALTH, SM, 27-Jul-2026,792.7,787.05,794.9,770,786,786.25,781.47,20000,156.29,38,12000,60
UNIINFO, BE, 27-Jul-2026,12.4,12.4,12.4,11.9,12.4,12.35,12.27,179,0.02,9, -, -
UNIMECH, EQ, 27-Jul-2026,1237.4,1241,1250,1195,1212.3,1203.2,1216.61,67119,816.57,5991,36246,54
UNIONBANK, EQ, 27-Jul-2026,170.5,172,173.46,169.5,170.09,170.11,170.93,13706219,23428.23,74828,7260536,52.97
UNIONGOLD, EQ, 27-Jul-2026,139.5,140.15,141,140.1,140.85,140.65,140.69,385,0.54,28,239,62.08
UNIPARTS, EQ, 27-Jul-2026,689.5,710,711.7,690,705,704.8,703.14,109878,772.59,6105,58932,53.63
UNITDSPR, EQ, 27-Jul-2026,1467.2,1477.7,1503.5,1471.7,1483,1482,1491.67,1154306,17218.42,54442,534451,46.3
UNITECH, EQ, 27-Jul-2026,4.38,4.4,4.44,4.29,4.3,4.3,4.34,4565887,198.31,2574,3044789,66.69
UNITEDPOLY, BE, 27-Jul-2026,30.17,29.99,30.5,29.15,30.13,30.06,29.85,10779,3.22,108, -, -
UNITEDTEA, EQ, 27-Jul-2026,469.8,479.35,479.5,468.25,473,472.95,473.35,660,3.12,56,542,82.12
UNIVASTU, BE, 27-Jul-2026,123.68,125,126.9,123.66,125.9,124.88,125,105507,131.88,508, -, -
UNIVCABLES, EQ, 27-Jul-2026,1234.8,1238,1268.9,1210.1,1253,1256.2,1241.51,126439,1569.76,11258,67235,53.18
UNIVPHOTO, BE, 27-Jul-2026,475.75,475.75,490,475,487,489.05,485,2015,9.77,52, -, -
UNOMINDA, EQ, 27-Jul-2026,1127,1139.9,1168,1135,1162,1162.4,1154.24,923914,10664.19,21863,463110,50.12
UPL, EQ, 27-Jul-2026,602.45,605.45,610.95,603.25,605.5,608.5,607.92,1543100,9380.88,31802,1030643,66.79
URAVIDEF, BE, 27-Jul-2026,111.94,111.99,115,111.6,114,114,113.98,103974,118.51,192, -, -
URBAN, SM, 27-Jul-2026,133.75,132,138.5,132,133.15,133.15,134.17,76000,101.97,29,36800,48.42
URBANCO, EQ, 27-Jul-2026,129.76,131,132.27,130.1,130.2,130.42,131.13,1019935,1337.41,13261,563014,55.2
URJA, EQ, 27-Jul-2026,9.22,9.22,9.27,9.05,9.13,9.1,9.14,710420,64.9,3460,401439,56.51
USHAFIN, SM, 27-Jul-2026,35.1,35.1,35.1,35.1,35.1,35.1,35.1,1600,0.56,1,1600,100
USHAMART, EQ, 27-Jul-2026,495.7,495.7,505,494.8,504,502.1,500.22,309401,1547.69,11187,152300,49.22
USK, EQ, 27-Jul-2026,21.75,22.69,22.69,21.84,21.9,21.91,22.04,8072,1.78,67,6272,77.7
UTIAMC, EQ, 27-Jul-2026,881.4,895,905.95,888.35,904.75,904,899.22,210439,1892.32,12386,95148,45.21
UTKAL, SM, 27-Jul-2026,38.35,40.25,40.25,38.6,40.25,40.25,40.15,78000,31.32,24,54000,69.23
UTKARSHBNK, EQ, 27-Jul-2026,14.45,14.48,14.85,14.48,14.5,14.51,14.65,3379362,495.21,12361,1389909,41.13
UTLSOLAR, EQ, 27-Jul-2026,383.8,385.6,387.95,380.4,384.3,384.4,383.12,181974,697.17,8020,108906,59.85
UTSSAV, ST, 27-Jul-2026,517,510,510,491.15,499,495.1,497.4,21600,107.44,35,19800,91.67
UTTAMSUGAR, EQ, 27-Jul-2026,228.46,228.46,231.11,228.15,228.35,228.71,229.25,21010,48.16,773,11832,56.32
UYFINCORP, EQ, 27-Jul-2026,18.57,18.99,19.33,18.61,18.99,18.88,19.02,383173,72.86,978,305857,79.82
V2RETAIL, EQ, 27-Jul-2026,219.29,220.76,226.64,219.75,222.5,223.46,223.75,600559,1343.74,11738,268207,44.66
VADILALIND, EQ, 27-Jul-2026,6710.5,6710.5,6791,6700.5,6765,6761.5,6746.33,5183,349.66,1155,2469,47.64
VAIBHAVGBL, EQ, 27-Jul-2026,251.94,255,267.22,252.8,264.6,264.99,263.68,675981,1782.44,16631,305393,45.18
VAISHALI, EQ, 27-Jul-2026,7.76,8,8.14,7.38,7.74,7.72,7.77,60695,4.71,165,44094,72.65
VAKRANGEE, EQ, 27-Jul-2026,5.81,5.85,6.26,5.81,6.09,6.09,6.08,3112375,189.28,3339,1698580,54.58
VAL30IETF, EQ, 27-Jul-2026,15.27,15.27,15.39,15.11,15.36,15.35,15.35,108143,16.6,478,65728,60.78
VALIANTLAB, BE, 27-Jul-2026,61.5,60.1,62.5,60.1,62,61.51,61.42,4633,2.85,61, -, -
VALIANTORG, BE, 27-Jul-2026,262.85,263.1,270.9,261.1,266.95,262.4,263.45,7957,20.96,168, -, -
VALUE, EQ, 27-Jul-2026,15.99,16.09,16.1,16.03,16.05,16.07,16.06,45800,7.36,65,30624,66.86
VALUE360, SM, 27-Jul-2026,80,80,80,79,79,79,79.5,4800,3.82,4,1200,25
VALUEAXIS, EQ, 27-Jul-2026,32.55,32.55,32.87,32.5,32.65,32.77,32.68,89466,29.24,339,39803,44.49
VAML, EQ, 27-Jul-2026,435.6,437,443.9,434.3,438,437.15,437.66,4182120,18303.52,72905,2325265,55.6
VARDHACRLC, BE, 27-Jul-2026,41.95,41.99,44.04,41.8,44.04,44.04,43.57,38088,16.59,181, -, -
VARDMNPOLY, EQ, 27-Jul-2026,6.01,6.15,6.3,6.03,6.11,6.15,6.21,181219,11.26,455,125870,69.46
VARROC, EQ, 27-Jul-2026,642.75,644,667.95,642.75,667,665.7,662.9,158687,1051.94,13675,75248,47.42
VASCONEQ, BE, 27-Jul-2026,32.33,32.33,33,32.33,32.51,32.53,32.7,76045,24.87,324, -, -
VASWANI, EQ, 27-Jul-2026,52.52,53.01,53.75,52.12,52.21,52.68,53.09,34446,18.29,1091,15079,43.78
VBL, EQ, 27-Jul-2026,457.2,460.95,465.4,454,463.95,464.5,460.83,5407996,24921.87,79462,3187086,58.93
VCL, EQ, 27-Jul-2026,0.99,1.03,1.03,0.99,1.03,1.02,1.01,412537,4.16,268,389291,94.37
VDEAL, SM, 27-Jul-2026,153.5,154,154,154,154,154,154,600,0.92,1,600,100
VEDL, EQ, 27-Jul-2026,264.65,267.05,268.1,264,264.3,264.65,265.99,7084059,18842.99,53849,3562813,50.29
VEDPOWER, EQ, 27-Jul-2026,35.01,35.74,37.43,35.41,37.02,36.97,36.69,23415598,8590.87,49864,8765991,37.44
VEEDOL, EQ, 27-Jul-2026,1398.8,1408.9,1413.5,1385.1,1387.1,1392.3,1399.85,9432,132.03,1004,5727,60.72
VEEKAYEM, SM, 27-Jul-2026,122,122,122,122,122,122,122,500,0.61,1,500,100
VELJAN, BE, 27-Jul-2026,1743.8,1745,1829.8,1712.7,1815,1804.3,1793.74,1595,28.61,73, -, -
VENKEYS, EQ, 27-Jul-2026,1505.2,1513.5,1533,1491.9,1501.1,1503.7,1513.14,68141,1031.07,4316,36373,53.38
VENTIVE, EQ, 27-Jul-2026,617.75,621.9,622.9,613.6,622.9,617.8,618.2,15381,95.09,891,8215,53.41
VENUSPIPES, EQ, 27-Jul-2026,1700.1,1708.4,1730,1670,1683,1688,1697.1,59861,1015.9,5860,30964,51.73
VENUSREM, BE, 27-Jul-2026,1649,1649,1699,1566.6,1572.5,1572,1599.99,70003,1120.04,2493, -, -
VERANDA, EQ, 27-Jul-2026,233.78,241.85,241.85,231.15,233.49,232.95,234.74,84370,198.05,2295,31467,37.3
VERTIS, IV, 27-Jul-2026,113,113,113,112.5,113,113,112.98,550000,621.38,13,550000,100
VERTOZ, BE, 27-Jul-2026,35.58,35.58,36,35,35.69,35.55,35.57,39973,14.22,227, -, -
VESUVIUS, EQ, 27-Jul-2026,452.3,450.05,457.65,449.2,453.65,450.95,452,32405,146.47,3004,17531,54.1
VETO, BE, 27-Jul-2026,121.5,122.8,123.99,120.29,121,121.14,121.3,11860,14.39,149, -, -
VGINFOTECH, SM, 27-Jul-2026,153.7,159,159.9,152.05,152.05,152.2,153.86,38000,58.47,36,26000,68.42
VGL, EQ, 27-Jul-2026,61.2,61.57,62.89,61.2,61.3,61.62,61.84,5263,3.25,211,2181,41.44
VGUARD, EQ, 27-Jul-2026,290.8,294.6,300.45,292,294.6,294.4,296.32,272931,808.74,12087,143441,52.56
VHL, EQ, 27-Jul-2026,3503.3,3452,3579,3452,3501,3503.3,3511.39,773,27.14,135,442,57.18
VHLTD, BE, 27-Jul-2026,131.99,131.99,134.19,131.05,134.15,134.09,133.64,92015,122.97,151, -, -
VICTORYEV, ST, 27-Jul-2026,16.95,16.95,16.95,16.15,16.5,16.5,16.55,33000,5.46,11,30000,90.91
VIDHIING, EQ, 27-Jul-2026,310.55,314.85,320,310,314,315.15,313.87,27107,85.08,589,21429,79.05
VIDYAWIRES, EQ, 27-Jul-2026,88.54,89.19,92.96,88.62,91,91.3,91.6,1398257,1280.74,8581,673122,48.14
VIESL, SM, 27-Jul-2026,314.25,316.1,322.95,312,316.2,316.35,315.54,33600,106.02,32,12800,38.1
VIGOR, ST, 27-Jul-2026,98,99,99,95,98.75,98.75,97.48,14400,14.04,9,14400,100
VIJAYA, EQ, 27-Jul-2026,1313.9,1322,1357.8,1308.2,1356,1350.8,1343.24,84864,1139.92,8082,34969,41.21
VIJAYPD, SM, 27-Jul-2026,63.95,64.2,64.2,64.2,64.2,64.2,64.2,2000,1.28,1,2000,100
VIJIFIN, BE, 27-Jul-2026,9.27,9.45,9.45,9.45,9.45,9.45,9.45,151251,14.29,49, -, -
VIKASECO, EQ, 27-Jul-2026,1.11,1.12,1.16,1.11,1.11,1.12,1.13,2595664,29.29,946,938161,36.14
VIKASLIFE, EQ, 27-Jul-2026,1.31,1.33,1.34,1.24,1.28,1.27,1.3,3656429,47.42,8902,1690206,46.23
VIKRAMSOLR, EQ, 27-Jul-2026,182.8,185.19,185.19,180.75,180.89,181.19,182.57,1016051,1854.96,11954,600240,59.08
VIKRAN, EQ, 27-Jul-2026,71.43,72.5,73,71.49,71.99,71.83,72,1037657,747.16,4423,536948,51.75
VILAS, SM, 27-Jul-2026,357.55,365,375,352.65,353,353.7,357.48,25250,90.26,86,19750,78.22
VILINBIO, SM, 27-Jul-2026,40.65,38.65,42.6,38.65,42.6,42.6,40.63,8000,3.25,2,8000,100
VIMTALABS, EQ, 27-Jul-2026,570.45,576.45,593,574.25,589,587.15,584.81,272440,1593.26,10341,95591,35.09
VINATIORGA, EQ, 27-Jul-2026,1300.1,1329,1329,1306.1,1314.1,1313.6,1315.2,20783,273.34,2432,10746,51.71
VINCOFE, EQ, 27-Jul-2026,156.18,157.5,165.45,157.5,163.18,162.87,163.63,3500698,5728.17,26044,1601058,45.74
VINDHYATEL, EQ, 27-Jul-2026,1886,1905,1920.3,1870,1890,1907.5,1900.12,17478,332.1,3062,7631,43.66
VINEETLAB, BE, 27-Jul-2026,38.52,37.15,39.9,37.15,38.88,38.87,38.69,49004,18.96,136, -, -
VINNY, EQ, 27-Jul-2026,1.07,1.06,1.08,1.05,1.05,1.05,1.05,457680,4.83,169,352807,77.09
VINSYS, ST, 27-Jul-2026,522.1,528,530,523,523,523.5,528.57,6750,35.68,18,6750,100
VINYAS, SM, 27-Jul-2026,1272.75,1268,1304,1260.05,1270,1275,1281.54,2600,33.32,24,2100,80.77
VINYLINDIA, EQ, 27-Jul-2026,242.65,244,256.65,243.8,251,251.2,251.55,18149,45.65,799,10413,57.38
VIPCLOTHNG, BE, 27-Jul-2026,21.37,21.79,21.87,21.37,21.84,21.83,21.62,14288,3.09,66, -, -
VIPIND, EQ, 27-Jul-2026,295.4,295.5,299.55,295.1,296,296.25,296.69,44743,132.75,1740,22665,50.66
VIPULLTD, BE, 27-Jul-2026,12.12,11.52,11.52,11.52,11.52,11.52,11.52,64638,7.45,133, -, -
VIRINCHI, EQ, 27-Jul-2026,15.53,15.51,16,15.43,15.43,15.49,15.52,40417,6.27,203,35312,87.37
VISACHROME, BE, 27-Jul-2026,36.9,36.9,38.05,36.9,37.95,37.97,37.94,24460,9.28,81, -, -
VISAKAIND, EQ, 27-Jul-2026,79.85,80.43,85.4,80.43,82.6,82.29,83.36,320941,267.53,3696,148466,46.26
VISHNU, EQ, 27-Jul-2026,632.4,638,652,630.2,635,636.3,642.66,121792,782.71,4750,62270,51.13
VISHNUINFR, SM, 27-Jul-2026,155,164,164,158.1,161.95,161.35,161.36,17000,27.43,18,15500,91.18
VISHWARAJ, EQ, 27-Jul-2026,5.19,5.2,5.29,5.2,5.27,5.25,5.24,78228,4.1,294,68486,87.55
VISHWAS, ST, 27-Jul-2026,44.8,43.95,44,43.95,44,44,43.95,24000,10.55,2,24000,100
VISL, EQ, 27-Jul-2026,30.35,30.9,31.49,30.2,30.44,30.36,30.85,26150010,8067.01,43870,11557753,44.2
VITAL, BE, 27-Jul-2026,46.8,47.7,47.7,46,46,46,46.8,2976,1.39,11, -, -
VIVIANA, BE, 27-Jul-2026,697.45,704.65,732.3,702.5,732.3,732.3,727.39,18357,133.53,309, -, -
VIVIDEL, ST, 27-Jul-2026,1315,1322,1330.95,1300,1320,1320,1317.57,17760,234,45,17760,100
VIVIDHA, EQ, 27-Jul-2026,0.53,0.53,0.55,0.52,0.52,0.52,0.53,311186,1.66,179,159459,51.24
VIVIMEDLAB, BE, 27-Jul-2026,5.18,5.18,5.4,5.15,5.22,5.26,5.31,38270,2.03,59, -, -
VIYASH, EQ, 27-Jul-2026,250.9,253.25,261.35,253,260.2,259.7,258.47,1323745,3421.43,23702,734078,55.45
VLEGOV, BE, 27-Jul-2026,10.49,10.29,10.69,10.29,10.69,10.69,10.47,49311,5.16,129, -, -
VLSFINANCE, EQ, 27-Jul-2026,253.5,252.55,256.7,252.55,253.55,254.35,254.59,10140,25.82,337,6111,60.27
VMARCIND, SM, 27-Jul-2026,280,282.85,292,278.1,278.95,279,283.62,174000,493.5,113,94500,54.31
VMART, EQ, 27-Jul-2026,724.65,724.65,725.4,682.65,715.5,714.95,704.67,258775,1823.52,18603,71850,27.77
VMM, EQ, 27-Jul-2026,108.04,109.88,110.48,107.2,110.26,110.31,108.78,14442715,15710.09,105249,7042999,48.77
VMOBILE, SM, 27-Jul-2026,64.5,63.85,67.7,63.85,67.7,67.7,66.16,93600,61.92,99,79200,84.62
VMSTMT, BE, 27-Jul-2026,44.05,44.9,45.07,44,44.39,44.02,44.34,13789,6.11,133, -, -
VOEPL, EQ, 27-Jul-2026,484.05,494.8,514,486.1,494.05,496.6,500.62,238675,1194.86,4872,48388,20.27
VOGL, EQ, 27-Jul-2026,34.23,34.65,35.34,33.93,34.84,34.84,34.67,36182252,12544.12,60046,14312073,39.56
VOLERCAR, SM, 27-Jul-2026,235,222.5,224.85,220,224.85,224.85,222.35,3200,7.12,4,2400,75
VOLTAMP, EQ, 27-Jul-2026,9180,9219,9242,9078,9219,9183,9165.1,26700,2447.08,11242,14908,55.84
VOLTAS, EQ, 27-Jul-2026,1327.3,1327.9,1340.4,1310.2,1313,1319.3,1323.02,314808,4164.99,10895,154916,49.21
VPRPL, BE, 27-Jul-2026,28,28,29.4,27.3,28.3,28.29,28.46,464923,132.31,1534, -, -
VRAJ, EQ, 27-Jul-2026,129.21,130.8,131.97,128.21,128.28,128.5,129.74,16135,20.93,764,7458,46.22
VRLLOG, EQ, 27-Jul-2026,243.11,260.99,267.87,250.65,262.68,262.75,259.65,2163637,5617.85,28600,633271,29.27
VSSL, EQ, 27-Jul-2026,296.25,297.8,304.95,295.7,297,297.3,299.53,64711,193.83,1569,28002,43.27
VSTIND, EQ, 27-Jul-2026,230.05,234.5,235.9,232,234.95,234.7,234.25,308790,723.34,4123,125029,40.49
VSTL, EQ, 27-Jul-2026,111.14,111.14,114.49,110.9,112.25,111.33,111.58,9246,10.32,156,8483,91.75
VSTTILLERS, EQ, 27-Jul-2026,4416.7,4491,4491,4416.7,4425,4430.2,4432.12,4646,205.92,1019,2782,59.88
VTL, EQ, 27-Jul-2026,614.6,617.9,632.75,617,627,628.25,625.01,141054,881.6,9447,68772,48.76
WAAREEENER, EQ, 27-Jul-2026,2702,2721,2760.9,2716.5,2742,2741.4,2742.16,710887,19493.69,37763,319810,44.99
WAAREEINDO, EQ, 27-Jul-2026,352.65,335.05,344.95,335.05,335.05,335.05,335.79,265859,892.73,1572,189536,71.29
WAAREERTL, EQ, 27-Jul-2026,932,949.1,955,927.6,929,931.3,936.24,269690,2524.96,12948,93664,34.73
WABAG, EQ, 27-Jul-2026,2041.2,2055,2069,1951,1973,1977.5,1979.97,821451,16264.51,42988,371109,45.18
WAKEFIT, EQ, 27-Jul-2026,129.7,132,134,126.4,127.6,127.7,129.22,3547070,4583.54,22253,777569,21.92
WALCHANNAG, EQ, 27-Jul-2026,237.1,240.15,242.75,231.4,233.5,233.5,235.97,678336,1600.66,9093,331571,48.88
WANBURY, EQ, 27-Jul-2026,331.9,335,343,327.4,328.3,329.25,334.53,188536,630.71,6131,84291,44.71
WCIL, EQ, 27-Jul-2026,89.98,90.37,91.7,90.2,91.49,91.06,90.98,37552,34.17,829,21425,57.05
WEALTH, EQ, 27-Jul-2026,940.25,954.85,996.25,945,950,958.95,967.02,3098,29.96,341,1411,45.55
WEBELSOLAR, EQ, 27-Jul-2026,99.77,101.88,102.53,98.12,99.05,99.01,100.06,1999850,2000.96,10496,1153156,57.66
WEIZMANIND, EQ, 27-Jul-2026,77.19,77.31,79.49,77.31,77.31,77.41,77.65,1952,1.52,30,1901,97.39
WEL, EQ, 27-Jul-2026,107.24,107.09,110.99,107,110.5,109.97,108.65,481065,522.67,3235,214393,44.57
WELCORP, EQ, 27-Jul-2026,1596.9,1665,1668.8,1595.1,1599.9,1599.8,1617.81,944994,15288.24,52235,410515,43.44
WELENT, EQ, 27-Jul-2026,598.8,600.1,617.8,590.85,596.8,596.8,605.95,795444,4819.97,10368,431023,54.19
WELINV, BE, 27-Jul-2026,1898,1860,1980,1805.8,1900,1931.9,1926.44,467,9,38, -, -
WELSPLSOL, EQ, 27-Jul-2026,51.3,51.75,53.1,50.97,51.96,51.69,51.98,493425,256.46,3234,226434,45.89
WELSPUNLIV, EQ, 27-Jul-2026,162,162.8,168.63,161.97,164.25,163.53,165.46,1445681,2391.98,19047,586179,40.55
WENDT, EQ, 27-Jul-2026,8074.5,8300,8600,8100,8320,8302.5,8378.82,48101,4030.3,12111,17006,35.35
WESTLIFE, EQ, 27-Jul-2026,459.15,459.9,471.35,459,461.5,464.5,464.62,85823,398.75,5983,38983,45.42
WEWIN, BE, 27-Jul-2026,47.33,46.34,47.25,45.36,46.5,46.5,46,3190,1.47,17, -, -
WEWORK, EQ, 27-Jul-2026,711.95,719,726.95,710.5,716,724.4,722.37,317784,2295.56,14760,221341,69.65
WHEELS, EQ, 27-Jul-2026,1441.7,1461,1505,1445.4,1499.9,1495.6,1481.63,78256,1159.46,6640,35317,45.13
WHIRLPOOL, EQ, 27-Jul-2026,771.45,775,804.8,774,796,794.8,795.66,443562,3529.26,18755,270878,61.07
WHITEFORCE, ST, 27-Jul-2026,41.9,39.85,39.85,39.85,39.85,39.85,39.85,1600,0.64,1,1600,100
WILLAMAGOR, EQ, 27-Jul-2026,25.27,25.27,26.78,25,25.4,25.45,25.28,1940,0.49,27,1374,70.82
WINDLAS, EQ, 27-Jul-2026,857.95,871,874,853,853,857.5,862.18,23569,203.21,3572,13105,55.6
WINDMACHIN, EQ, 27-Jul-2026,292.2,292.35,298.95,278.35,282,281.9,283.72,99640,282.7,2048,64720,64.95
WINSOL, SM, 27-Jul-2026,113.5,113.5,114,112,113,112.65,113.14,8800,9.96,22,6400,72.73
WINSOME, BZ, 27-Jul-2026,2.35,2.35,2.39,2.35,2.39,2.39,2.39,20401,0.49,16, -, -
WIPL, EQ, 27-Jul-2026,165.06,165.06,172,163.25,170.5,169.07,167.34,323,0.54,29,157,48.61
WIPRO, EQ, 27-Jul-2026,177.12,177.5,178.78,175.61,178.35,178.53,177.36,12504426,22177.97,75289,4884575,39.06
WOCKPHARMA, EQ, 27-Jul-2026,1849.2,1855.9,1881.9,1853.3,1863.9,1865.2,1866.43,269719,5034.13,13682,111315,41.27
WOL3D, ST, 27-Jul-2026,130.3,130,131,130,131,131,130.5,2000,2.61,2,2000,100
WOMANCART, SM, 27-Jul-2026,96.4,102,102,97.3,99.95,99.95,98.29,11200,11.01,19,7600,67.86
WONDERLA, EQ, 27-Jul-2026,468.75,474.85,475.15,466.1,467.1,467.75,470.57,29812,140.29,1676,22250,74.63
WORTHPERI, EQ, 27-Jul-2026,142.83,143.5,143.99,140.04,141.06,143.31,141.97,5803,8.24,288,2299,39.62
WPIL, EQ, 27-Jul-2026,450.45,453.95,462.8,436.5,440.65,442.2,446.62,83864,374.55,4108,35936,42.85
WSI, EQ, 27-Jul-2026,62.31,62.33,65.89,61.49,62.68,62.4,62.68,121079,75.89,1888,61775,51.02
WSTCSTPAPR, EQ, 27-Jul-2026,553.55,560.5,590,560.5,581,581.7,581.31,542425,3153.17,23675,237415,43.77
WTICAB, SM, 27-Jul-2026,118.15,124.7,124.7,117,118.25,119.6,119.95,9000,10.8,17,7000,77.78
XCHANGING, EQ, 27-Jul-2026,64.04,64.04,65.33,63.96,64.5,64.19,64.48,49616,31.99,1087,26442,53.29
XELPMOC, EQ, 27-Jul-2026,81.19,83.98,83.98,78.11,79.8,79.32,80.19,10235,8.21,255,6046,59.07
XPROINDIA, EQ, 27-Jul-2026,1386.2,1399,1406,1378.2,1395,1394.1,1395.59,32790,457.61,2182,22692,69.2
XTGLOBAL, EQ, 27-Jul-2026,27.99,27.6,28.64,27.6,28.25,28.39,28.38,134465,38.16,240,104435,77.67
YAAP, ST, 27-Jul-2026,156,163,163,153,157.45,155.3,157.36,27000,42.49,27,22000,81.48
YASHO, EQ, 27-Jul-2026,3072,3145.4,3201.1,3045,3078.4,3092.6,3087.5,12164,375.56,2654,4814,39.58
YASHOPTICS, SM, 27-Jul-2026,112.15,111.3,111.3,111.3,111.3,111.3,111.3,2400,2.67,3,1600,66.67
YATHARTH, EQ, 27-Jul-2026,838.8,843.05,868.55,838.8,847.5,843.9,852.1,234669,1999.61,13097,104126,44.37
YATRA, EQ, 27-Jul-2026,107.67,107.7,111.23,107.27,111.19,110.65,109.92,932619,1025.1,10337,414392,44.43
YESBANK, EQ, 27-Jul-2026,22.95,23.05,23.18,22.9,22.95,22.94,23.01,47752439,10987.92,59381,24060076,50.39
YUKEN, EQ, 27-Jul-2026,708.25,718.8,718.8,701,713.9,710.55,706.08,5937,41.92,340,4701,79.18
ZAGGLE, EQ, 27-Jul-2026,199.97,203.59,205.9,201.5,203.8,203.34,203.48,461204,938.46,7814,227284,49.28
ZEAL, SM, 27-Jul-2026,62,64,64,63,63,63,63.37,1800,1.14,3,1200,66.67
ZEEL, EQ, 27-Jul-2026,105.46,106,109.5,105.8,109,108.86,108.12,15284220,16525.89,47761,5419722,35.46
ZEELEARN, BE, 27-Jul-2026,8.02,8.03,8.35,7.88,8.16,8.16,8.15,319916,26.09,308, -, -
ZEEMEDIA, EQ, 27-Jul-2026,7.97,8,8.14,7.9,7.99,7.96,8.01,823511,65.96,1202,555198,67.42
ZENITHDRUG, SM, 27-Jul-2026,49.25,49,49,49,49,49,49,800,0.39,1,800,100
ZENITHEXPO, EQ, 27-Jul-2026,200.17,205,205,201,205,205,204.85,26,0.05,4,25,96.15
ZENITHSTL, EQ, 27-Jul-2026,5.83,5.83,6.14,5.61,5.7,5.72,5.77,92940,5.36,221,55733,59.97
ZENSARTECH, EQ, 27-Jul-2026,505.9,510.1,521.5,502.2,515,515.4,514.36,2237749,11510.15,37586,378775,16.93
ZENTEC, EQ, 27-Jul-2026,1768.7,1613.6,1717.5,1613.6,1680.2,1688.2,1679.76,1617808,27175.28,84468,302143,18.68
ZFCVINDIA, EQ, 27-Jul-2026,2320.6,2315.1,2341.2,2266,2300,2299.1,2299.01,160091,3680.51,17100,75455,47.13
ZFSTEERING, EQ, 27-Jul-2026,694.15,680.3,697,680,687,686.4,686.98,4399,30.22,364,2662,60.51
ZIMLAB, BE, 27-Jul-2026,120.4,119.9,119.9,118,118,118,118.18,4966,5.87,21, -, -
ZODIAC, BE, 27-Jul-2026,251.25,251,254.7,245,245.7,245.9,247.4,9966,24.66,393, -, -
ZODIACLOTH, EQ, 27-Jul-2026,75.84,76.5,76.98,75.6,75.83,75.84,76.41,931,0.71,20,765,82.17
ZOTA, EQ, 27-Jul-2026,1258.4,1277.6,1298.3,1262.1,1287,1283.1,1279.92,39042,499.71,3672,19668,50.38
ZSARACOM, EQ, 27-Jul-2026,12364.5,12370,12850,12230,12230,12342.5,12472.69,24,2.99,21,21,87.5
ZTECH, SM, 27-Jul-2026,524.15,538.95,539,509.05,520,517.2,525.54,9600,50.45,31,6900,71.88
ZUARI, EQ, 27-Jul-2026,219.86,221.6,227.23,220.36,222.5,222.1,222.53,62715,139.56,1641,29311,46.74
ZUARIIND, EQ, 27-Jul-2026,257,257.95,261.8,252.1,252.6,255.6,257.22,13344,34.32,539,7553,56.6
ZYDUSLIFE, EQ, 27-Jul-2026,1108.7,1111.9,1126.2,1104.4,1109.7,1108.2,1108.93,607249,6733.99,18788,325732,53.64
ZYDUSWELL, EQ, 27-Jul-2026,563.05,568.65,573.85,549.5,561,559.35,558.68,183505,1025.21,11604,68813,37.5
